project_number,file_name,line_of_business,state,received_at_est,delivered_at_est,sla_met,is_urgent,qa_delivery_by,comment,status_hours,status_label,internal,dtp_1,new,fuzzy,total,dtp_2,pm,it_eng,qa,record_id,assigned_analyst_id,template_type,language_code,received_at_utc,delivered_at_utc,egnyte_direct_link,egnyte_file_path,egnyte_file_size_kb,created_by,updated_by,created_at,updated_at
MOHE-260701-5634,SWHNY Approval Notice Preservice_Member_331f495b-2997-4a6a-ac11-1c0fa6eed7bd_ko,NY Molina SWH – WORD,NY,2026-07-01 9:00:00,2026-07-01 15:15:00,Y,NO,,,6.25,6.25 Consecutive Hours,,1.51,223,0,7392,0.53,0.35,0.63,0,8f3a7c21-5d94-4e68-a1b7-2c9f6d84e531,1,Word,KO,2026-07-01T13:00:00Z,2026-07-01T19:15:00Z,https://auratrans.egnyte.com/navigate/file/1da803b8-d4de-4c8d-b32e-886f7b9b3ccd,/Shared/Documents/Molina Healthcare/Molina_SWH_Letters/Inbound/PROD/Archive/SWHNY Approval Notice Preservice_Member_331f495b-2997-4a6a-ac11-1c0fa6eed7bd_ko.docx,79,2,1,2026-08-13T13:11:00Z,2026-08-13T13:11:00Z
MOHE-260701-5634,SWHNY IAD Partial Denial Notice_Member_48a8b977-5077-4aa3-a821-fed113a3b3ee_ko,NY Molina SWH – WORD,NY,2026-07-01 9:00:00,2026-07-01 17:15:00,Y,NO,,,8.25,8.25 Consecutive Hours,,,,,,0,0,0,0,b72e4a19-c583-46f0-9d21-7a6b3e8c5f04,1,Word,KO,2026-07-01T13:00:00Z,2026-07-01T21:15:00Z,https://auratrans.egnyte.com/navigate/file/a210ccb4-6765-4454-8fff-0e14acb7497f,/Shared/Documents/Molina Healthcare/Molina_SWH_Letters/In_progress/Original/Korean/Word/0_Previous/07.01.KO.AM/Studio/en-US/SWHNY IAD Partial Denial Notice_Member_48a8b977-5077-4aa3-a821-fed113a3b3ee_ko.docx,106,2,1,2026-08-13T13:11:00Z,2026-08-13T13:11:00Z
MOHE-260701-5634,MHNY Master Approval_Member_1dad1f9e-fa2a-4e0c-8964-bcb26a73a103_ko,NY Molina SWH – WORD,NY,2026-07-01 10:00:00,2026-07-01 15:15:00,Y,NO,,,5.26,5.26 Consecutive Hours,,,,,,0,0,0,0,d4c89127-3e56-4b0a-bf93-1c7d2e85a649,1,Word,KO,2026-07-01T14:00:00Z,2026-07-01T19:15:00Z,,,,2,1,2026-08-13T13:11:00Z,2026-08-13T13:11:00Z
MOHE-260701-5634,SWHNY IAD Partial Denial Notice_Member_f5424b93-3084-4fc5-b922-0b63fd404d7f_ko,NY Molina SWH – WORD,NY,2026-07-01 11:01:00,2026-07-01 17:15:00,Y,NO,,,6.24,6.24 Consecutive Hours,,,,,,0,0,0,0,6a5f2b83-914c-47de-8a36-e2b7590d4c18,2,Word,KO,2026-07-01T15:01:00Z,2026-07-01T21:15:00Z,,,,2,1,2026-08-13T13:11:00Z,2026-08-13T13:11:00Z
MOHE-260701-5634,SWHNY Approval Notice Preservice_Member_0eb4f09f-9167-47a0-a839-8b62b1a275bf_ko,NY Molina SWH – WORD,NY,2026-07-01 11:01:00,2026-07-01 15:15:00,Y,NO,,,4.24,4.24 Consecutive Hours,,,,,,0,0,0,0,c91e6f42-7b35-4da8-a0c9-5e183f726b94,2,Word,KO,2026-07-01T15:01:00Z,2026-07-01T19:15:00Z,,,,2,1,2026-08-13T13:11:00Z,2026-08-13T13:11:00Z
MOHE-260701-5650,MHNY Essential Master Approval_Member_30ad002f-e839-422f-bb2d-0d574842e533_ko,NY Molina SWH – WORD,NY,2026-07-01 14:00:00,2026-07-01 14:19:00,Y,YES,,,0.3,0.30 Business Hours,,0.27,0,0,,0.09,0.06,0.11,0,3e7a1c56-d842-49bf-96a3-7c251e8d4f09,2,Word,KO,2026-07-01T18:00:00Z,2026-07-01T18:19:00Z,,,,2,1,2026-08-13T13:11:00Z,2026-08-13T13:11:00Z
MOHE-260701-5651,SWHNY Approval Notice Preservice_Member_70776365-2a13-4906-8762-8f445d7a333d_ko,NY Molina SWH – WORD,NY,2026-07-01 14:00:00,2026-07-01 21:24:00,Y,NO,,,7.4,7.40 Consecutive Hours,,1.43,62,67,4681,0.5,0.33,0.6,0,a58d3f71-2c94-46e8-b1a5-9d637f20c481,2,Word,KO,2026-07-01T18:00:00Z,2026-07-02T01:24:00Z,,,,2,1,2026-08-13T13:11:00Z,2026-08-13T13:11:00Z
MOHE-260813-5701,SWHNY Approval Notice Preservice_Member_inreview_analyst1_ht,NY Molina SWH – WORD,NY,2026-08-12 9:15:00,,,NO,,,,,,,,,,0,0,0,0,e1b2c3d4-5f67-4890-ab12-cd34ef56a701,1,Word,HT,2026-08-12T13:15:00Z,,,,,2,1,2026-08-13T13:11:00Z,2026-08-13T13:11:00Z
MOHE-260813-5702,SWHNY IAD Partial Denial Notice_Member_inreview_analyst2_bn,NY Molina SWH – PDF,NY,2026-08-12 10:40:00,,,YES,,,,,,,,,,0,0,0,0,e1b2c3d4-5f67-4890-ab12-cd34ef56a702,5,PDF,BN,2026-08-12T14:40:00Z,,,,,2,5,2026-08-13T13:11:00Z,2026-08-13T13:11:00Z
MOHE-260813-5703,MHNY Master Approval_Member_onhold_analyst1_chs,NY Molina SWH – WORD,NY,2026-08-11 8:00:00,,,NO,,Internal Unexpected Delay,,,,,,,,0,0,0,0,e1b2c3d4-5f67-4890-ab12-cd34ef56a703,1,Word,CHS,2026-08-11T12:00:00Z,,,,,2,1,2026-08-13T13:11:00Z,2026-08-13T13:11:00Z
MOHE-260813-5704,SWHNY Approval Notice Preservice_Member_onhold_analyst2_ko,NY Molina SWH – WORD,NY,2026-08-11 13:20:00,,,NO,,Molina delay to notify language needed,,,,,,,,0,0,0,0,e1b2c3d4-5f67-4890-ab12-cd34ef56a704,5,Word,KO,2026-08-11T17:20:00Z,,,,,2,5,2026-08-13T13:11:00Z,2026-08-13T13:11:00Z
MOHE-260813-5705,MHNY Essential Master Approval_Member_inreview_manager_ht,NY Molina SWH – PDF,NY,2026-08-13 7:45:00,,,NO,,,,,,,,,,0,0,0,0,e1b2c3d4-5f67-4890-ab12-cd34ef56a705,2,PDF,HT,2026-08-13T11:45:00Z,,,,,3,2,2026-08-13T13:11:00Z,2026-08-13T13:11:00Z
MOHE-260108-158,Medicare Std Care Plan_0a82bf2c-6c0c-4a16-8d97-150944a627ec_3G67HD2HP46 _th,Medicare CM,CA,2026-01-07 19:30:00,2026-01-09 09:51:00,Y,,,,38.35,38.35 Consecutive Business Hours,,0.75,432,30,2039,0.26,0.17,0.32,0,e935e529-f57a-4951-97c8-3da2045fefb1,1,PDF,TH,2026-01-08T00:30:00Z,2026-01-09T14:51:00Z,,,,,,2026-08-22T16:11:12Z,2026-08-22T16:11:12Z
MOHE-260126-591,Medicare Std Care Plan_cb9490bb-56bc-4cd9-b700-ebe6cd212935_4U48J05VG50 _th,Medicare CM,CA,2026-01-23 19:30:00,2026-01-27 09:53:00,Y,,,,38.37,38.37 Consecutive Business Hours,,0.75,262,63,1880,0.26,0.17,0.32,0,5fe9dded-8b8e-4869-92ea-edaba52163df,1,PDF,TH,2026-01-24T00:30:00Z,2026-01-27T14:53:00Z,,,,,,2026-08-22T16:11:12Z,2026-08-22T16:11:12Z
MOHE-260127-635,Medicare Std Care Plan_0a516c98-0b3e-4eb6-92df-4c7f4f96a17d_7D08QD4YH55 _th,Medicare CM,OH,2026-01-27 14:31:00,2026-01-28 12:18:00,Y,,,,21.8,21.80 Consecutive Business Hours,,0.75,13,58,1464,0.26,0.17,0.32,0,961d2e6f-167b-4f88-896a-851470ce01bc,1,PDF,TH,2026-01-27T19:31:00Z,2026-01-28T17:18:00Z,,,,,,2026-08-22T16:11:12Z,2026-08-22T16:11:12Z
MOHE-260129-703,Medicare Std UTC Asst Batch_f952d173-ec67-4893-8206-16c4cde9dfbe_8TC5MN8GY79 _th,Medicare CM,WA,2026-01-29 14:03:00,2026-01-30 10:15:00,Y,,,,20.19,20.19 Consecutive Business Hours,,0.25,,,423,0.09,0.06,0.11,0,27a30d8d-1bda-4476-a9ba-b13f738fedf8,1,PDF,TH,2026-01-29T19:03:00Z,2026-01-30T15:15:00Z,,,,,,2026-08-22T16:11:12Z,2026-08-22T16:11:12Z
MOHE-260203-806,Medicare Std UTC_52c8dfbd-44b7-4596-b878-c16088547e56_6Q44DG7FD05 _th,Medicare CM,CA,2026-02-02 15:03:00,2026-02-04 09:48:00,Y,,,,42.75,42.75 Consecutive Business Hours,,0.75,12,37,1721,0.26,0.17,0.32,0,6a0f7db2-d19a-441c-bd28-00f00b9f1c18,1,PDF,TH,2026-02-02T20:03:00Z,2026-02-04T14:48:00Z,,,,,,2026-08-22T16:11:12Z,2026-08-22T16:11:12Z
MOHE-260205-877,Medicare Std UTC Asst Batch_fd6c4d2c-5c09-4b6b-97e0-024183855269_3Y84UP7CH63 _th,Medicare CM,CA,2026-02-05 13:31:00,2026-02-05 18:20:00,Y,,,,4.81,4.81 Consecutive Business Hours,,0.25,0,0,424,0.09,0.06,0.11,0,bbe13519-77b1-41e6-81f9-9def442d3e67,5,PDF,TH,2026-02-05T18:31:00Z,2026-02-05T23:20:00Z,,,,,,2026-08-22T16:11:12Z,2026-08-22T16:11:12Z
MOHE-260209-946,Medicare Std UTC Asst Batch_0c91832c-7178-4680-9d58-18b200788ae7_6QV5VM6QK73 _th,Medicare CM,CA,2026-02-08 19:31:00,2026-02-10 09:21:00,Y,,,,25.36,25.36 Consecutive Business Hours,,1.5,204,0,3752,0.53,0.35,0.63,0,66506c85-03d7-49ea-b257-282d1f45cc99,5,PDF,TH,2026-02-09T00:31:00Z,2026-02-10T14:21:00Z,,,,,,2026-08-22T16:11:12Z,2026-08-22T16:11:12Z
MOHE-260209-946,Medicare Std UTC Asst Batch_5886ebbd-9040-4ae3-84ea-aae49258fb53_9PC1QQ0RE03 _th,Medicare CM,CA,2026-02-08 22:33:00,2026-02-10 09:21:00,Y,,,,25.36,25.36 Consecutive Business Hours,,,,,,0,0,0,0,3af2f4b6-89fa-4b91-af96-f51318281368,5,PDF,TH,2026-02-09T03:33:00Z,2026-02-10T14:21:00Z,,,,,,2026-08-22T16:11:12Z,2026-08-22T16:11:12Z
MOHE-260209-946,Medicare Std UTC Asst Batch_e8cf0b98-c23b-44d9-a681-9cb80d43c268_3CC8F24UM59 _th,Medicare CM,CA,2026-02-08 23:01:00,2026-02-10 09:21:00,Y,,,,25.36,25.36 Consecutive Business Hours,,,,,,0,0,0,0,abadb0ad-2100-4c53-a445-93aacb33293d,5,PDF,TH,2026-02-09T04:01:00Z,2026-02-10T14:21:00Z,,,,,,2026-08-22T16:11:12Z,2026-08-22T16:11:12Z
MOHE-260209-946,Medicare Std Care Plan LP_4cdafc21-749c-49ed-a659-c723ef3a4660_7C23N26FK79 _th,Medicare CM,WA,2026-02-06 18:03:00,2026-02-10 09:21:00,Y,,,,39.3,39.30 Consecutive Business Hours,,,,,,0,0,0,0,198a61d3-ec0c-4ce1-bebf-96c7ec916043,5,PDF,TH,2026-02-06T23:03:00Z,2026-02-10T14:21:00Z,,,,,,2026-08-22T16:11:12Z,2026-08-22T16:11:12Z
MOHE-260210-1002,Medicare Std UTC Asst Batch_62337f74-0a5f-40ca-a39b-bb77cc36ad28_4GX7H06GX35 _th,Medicare CM,CA,2026-02-09 21:31:00,2026-02-11 14:35:00,Y,,,,30.58,30.58 Consecutive Business Hours,,,,,,0,0,0,0,ea100dda-c3b9-41b1-861f-7d225d1bac02,5,PDF,TH,2026-02-10T02:31:00Z,2026-02-11T19:35:00Z,,,,,,2026-08-22T16:11:12Z,2026-08-22T16:11:12Z
MOHE-260316-2003,Medicare Std UTC Asst Batch LP_634556ef-0334-484f-ad03-dcc6bda3618f_6J85M71XG62 _th,Medicare CM,WA,2026-03-14 14:30:00,2026-03-16 18:23:00,Y,,,,10.39,10.39 Consecutive Business Hours,,0.25,0,0,423,0.09,0.06,0.11,0,f21c70e4-2b5a-4f65-817c-e23ff1aa9623,5,PDF,TH,2026-03-14T18:30:00Z,2026-03-16T22:23:00Z,,,,,,2026-08-22T16:11:12Z,2026-08-22T16:11:12Z
MOHE-260319-2126,Medicare Std Care Plan_6053eca3-51c2-4896-83bd-d55540fc1a87_3MQ1XE4UC11 _th,Medicare CM,CA,2026-03-18 18:02:00,2026-03-20 09:18:00,Y,,,,39.26,39.26 Consecutive Business Hours,,0.75,389,28,2152,0.26,0.17,0.32,0,a89ea620-ca50-492c-b32c-f961c9bcb39a,5,PDF,TH,2026-03-18T22:02:00Z,2026-03-20T13:18:00Z,,,,,,2026-08-22T16:11:12Z,2026-08-22T16:11:12Z
MOHE-260325-2333,Medicare Std UTC Asst Batch LP_1f96c159-5325-4ad9-9a2d-fcc39dfa54f0_6J85M71XG62 _th,Medicare CM,WA,2026-03-24 14:31:00,2026-03-25 20:43:00,Y,,,,30.21,30.21 Consecutive Business Hours,,0.25,0,0,423,0.09,0.06,0.11,0,a2c15cef-ea47-430e-8bf6-c88dacce5da6,1,PDF,TH,2026-03-24T18:31:00Z,2026-03-26T00:43:00Z,,,,,,2026-08-22T16:11:12Z,2026-08-22T16:11:12Z
MOHE-260327-2397,Medicare Std UTC_36385834-41aa-4613-ae63-1a2366778462_6J85M71XG62 _th,Medicare CM,WA,2026-03-26 17:31:00,2026-03-30 17:26:00,Y,,,,47.92,47.92 Consecutive Business Hours,,0.75,90,53,1733,0.26,0.17,0.32,0,624652e2-004c-49fa-a9be-3362f166b6cc,1,PDF,TH,2026-03-26T21:31:00Z,2026-03-30T21:26:00Z,,,,,,2026-08-22T16:11:12Z,2026-08-22T16:11:12Z
MOHE-260330-2464,Medicare Std UTC_5e94414a-bb4c-4c19-a62f-275a1b18307e_3CC8F24UM59 _th,Medicare CM,CA,2026-03-27 21:02:00,2026-03-31 10:03:00,Y,,,,26.06,26.06 Consecutive Business Hours,,0.75,273,183,2214,0.26,0.17,0.32,0,e227a3a9-0809-4b0d-82ab-b0f305727b6d,5,PDF,TH,2026-03-28T01:02:00Z,2026-03-31T14:03:00Z,,,,,,2026-08-22T16:11:12Z,2026-08-22T16:11:12Z
MOHE-260414-2992,Medicare Std UTC Asst Batch_2d85cb0b-748b-409a-9f1d-c6285ac33f66_8TC5MN8GY79 _th,Medicare CM,WA,2026-04-13 14:30:00,2026-04-14 14:49:00,Y,,,,24.31,24.31 Consecutive Business Hours,,0.25,0,0,423,0.09,0.06,0.11,0,b9cb4bef-1346-4649-b91c-d888835d2d66,5,PDF,TH,2026-04-13T18:30:00Z,2026-04-14T18:49:00Z,,,,,,2026-08-22T16:11:12Z,2026-08-22T16:11:12Z
MOHE-260415-3038,Medicare Std UTC_89835da0-934d-4d7e-b0bf-f653fab15fd8_9PC1QQ0RE03 _th,Medicare CM,CA,2026-04-14 15:30:00,2026-04-16 12:12:00,Y,,,,44.7,44.70 Consecutive Business Hours,,0.75,421,122,2559,0.26,0.17,0.32,0,392582f8-cc70-402f-9b2b-88b584ffffa0,1,PDF,TH,2026-04-14T19:30:00Z,2026-04-16T16:12:00Z,,,,,,2026-08-22T16:11:12Z,2026-08-22T16:11:12Z
MOHE-260415-3077,Medicare Std UTC Asst Batch_af0671ac-cb60-42a6-8b7d-b05a931940b7_8Q25J89WX99 _th,Medicare CM,WA,2026-04-15 14:30:00,2026-04-16 17:27:00,Y,,,,26.94,26.94 Consecutive Business Hours,,0.25,,,422,0.09,0.06,0.11,0,61368cff-0613-425f-8991-0535756a7587,1,PDF,TH,2026-04-15T18:30:00Z,2026-04-16T21:27:00Z,,,,,,2026-08-22T16:11:12Z,2026-08-22T16:11:12Z
MOHE-260417-3140,Medicare Std Care Plan_b0b8aaa0-9077-4d0d-b54c-fcfc4ca8b7b5_6QV5VM6QK73 _th,Medicare CM,CA,2026-04-16 17:30:00,2026-04-17 16:26:00,Y,,,,22.93,22.93 Consecutive Business Hours,,0.75,2,62,1971,0.26,0.17,0.32,0,6ebd5beb-4949-40b7-a741-f596d60732b1,1,PDF,TH,2026-04-16T21:30:00Z,2026-04-17T20:26:00Z,,,,,,2026-08-22T16:11:12Z,2026-08-22T16:11:12Z
MOHE-260420-3203,Medicare Std UTC Asst Batch_b9481f10-a304-400c-83c5-fbfe3baed9af_3CC8F24UM59 _th,Medicare CM,CA,2026-04-17 15:01:00,2026-04-20 21:10:00,Y,,,,30.15,30.15 Consecutive Business Hours,,0.75,0,0,1271,0.26,0.17,0.32,0,d3daa7a1-4e2f-433a-a8fd-a52eba087d75,1,PDF,TH,2026-04-17T19:01:00Z,2026-04-21T01:10:00Z,,,,,,2026-08-22T16:11:12Z,2026-08-22T16:11:12Z
MOHE-260420-3203,Medicare Std UTC Asst Batch_607c4e01-5532-4b13-92ad-b7f9296a1914_9PC1QQ0RE03 _th,Medicare CM,CA,2026-04-19 09:30:00,2026-04-20 21:10:00,Y,,,,13.18,13.18 Consecutive Business Hours,,,,,,0,0,0,0,23af5800-dd27-442d-8e2b-c6e729b88844,,PDF,TH,2026-04-19T13:30:00Z,2026-04-21T01:10:00Z,,,,,,2026-08-22T16:11:12Z,2026-08-22T16:11:12Z
MOHE-260420-3203,Medicare Std UTC Asst Batch_e7d07800-4530-44e1-9e49-83f84fdb4abb_8Q25J89WX99 _th,Medicare CM,WA,2026-04-19 09:31:00,2026-04-20 21:10:00,Y,,,,13.18,13.18 Consecutive Business Hours,,,,,,0,0,0,0,6b526b8a-8b47-4f93-bec8-ffe694b011ef,,PDF,TH,2026-04-19T13:31:00Z,2026-04-21T01:10:00Z,,,,,,2026-08-22T16:11:12Z,2026-08-22T16:11:12Z
MOHE-260501-3626,Medicare Std Adv Dir Batch LP_6c45be68-4ab3-494c-83d6-dbefc6282e7b_6J85M71XG62 _th,Medicare CM,WA,2026-04-30 13:01:00,2026-05-01 18:26:00,Y,,,,29.42,29.42 Consecutive Business Hours,,0.25,,,260,0.09,0.06,0.11,0,651f7d58-f384-45aa-90c6-0666096f70eb,,PDF,TH,2026-04-30T17:01:00Z,2026-05-01T22:26:00Z,,,,,,2026-08-22T16:11:12Z,2026-08-22T16:11:12Z
MOHE-260504-3692,Medicare Std Care Plan_7ad3b1d2-0b08-4591-b294-018af3d9e3e7_6J85M71XG62 _th,Medicare CM,WA,2026-05-02 13:01:00,2026-05-04 15:55:00,Y,,,,7.92,7.92 Consecutive Business Hours,,0.75,22,,1838,0.26,0.17,0.32,0,99666034-02ff-4ad3-a11c-a1e44924d659,,PDF,TH,2026-05-02T17:01:00Z,2026-05-04T19:55:00Z,,,,,,2026-08-22T16:11:12Z,2026-08-22T16:11:12Z
MOHE-260507-3844,Medicare Std UTC_78b6e5b5-eb26-45e7-94d0-2f02776b226e_3Y84UP7CH63 _th,Medicare CM,CA,2026-05-06 17:30:00,2026-05-08 19:46:00,Y,,,,50.27,50.27 Consecutive Business Hours,,0.75,,,1591,0.26,0.17,0.32,0,ead70ebc-4e9d-49c1-8a6e-a17efd135317,,PDF,TH,2026-05-06T21:30:00Z,2026-05-08T23:46:00Z,,,,,,2026-08-22T16:11:12Z,2026-08-22T16:11:12Z
MOHE-260508-3884,Medicare Std UTC_ecedb1cd-342e-44b3-8669-a5dff4e2ddbb_8TC5MN8GY79 _th,Medicare CM,WA,2026-05-07 20:30:00,2026-05-11 17:08:00,Y,,,,44.63,44.63 Consecutive Business Hours,,0.75,123,57,1773,0.26,0.17,0.32,0,af1a4782-bc2e-4d0f-b1df-e958d12c49da,,PDF,TH,2026-05-08T00:30:00Z,2026-05-11T21:08:00Z,,,,,,2026-08-22T16:11:12Z,2026-08-22T16:11:12Z
MOHE-260511-3922,Medicare Std UTC_a2fc30ae-a127-4b5a-a9b8-f464836c79db_4GX7H06GX35 _th,Medicare CM,CA,2026-05-08 20:04:00,2026-05-12 09:18:00,Y,,,,37.23,37.23 Consecutive Business Hours,,0.75,99,0,1795,0.26,0.17,0.32,0,c877a716-b538-4f74-a355-eefcd6e7000b,,PDF,TH,2026-05-09T00:04:00Z,2026-05-12T13:18:00Z,,,,,,2026-08-22T16:11:12Z,2026-08-22T16:11:12Z
MOHE-260512-3972,Medicare Std Care Plan_a13c913e-6eca-43ff-8cd5-c0ee89628198_6J85M71XG62 _th,Medicare CM,WA,2026-05-11 18:01:00,2026-05-13 12:59:00,Y,,,,42.96,42.96 Consecutive Business Hours,,0.75,132,31,1838,0.26,0.17,0.32,0,e5cb4cd8-9aa3-4606-a335-a42438c96058,,PDF,TH,2026-05-11T22:01:00Z,2026-05-13T16:59:00Z,,,,,,2026-08-22T16:11:12Z,2026-08-22T16:11:12Z
MOHE-260513-4026,Medicare Std UTC_8de043b7-de4b-41e9-ab6f-806ac9ddfc08_2E21RW7NJ08 _th,Medicare CM,CA,2026-05-12 20:30:00,2026-05-14 14:20:00,Y,,,,41.84,41.84 Consecutive Business Hours,,0.75,0,99,1749,0.26,0.17,0.32,0,abafe159-afe2-4039-a8ae-efad049da91d,,PDF,TH,2026-05-13T00:30:00Z,2026-05-14T18:20:00Z,,,,,,2026-08-22T16:11:12Z,2026-08-22T16:11:12Z
MOHE-260514-4063,Medicare Std Care Plan_290eb88a-7acc-4b50-8468-07d3abc71c13_7AP5J72KP61 _th,Medicare CM,CA,2026-05-13 17:30:00,2026-05-15 10:02:00,Y,,,,40.53,40.53 Consecutive Business Hours,,0.75,163,20,1888,0.26,0.17,0.32,0,776da49d-e995-4a21-b1b1-bf09a3fe90aa,,PDF,TH,2026-05-13T21:30:00Z,2026-05-15T14:02:00Z,,,,,,2026-08-22T16:11:12Z,2026-08-22T16:11:12Z
MOHE-260518-4192,Medicare Std Care Plan_7f64466e-8115-4aaa-a2a5-24481a84ad60_8TC5MN8GY79 _th,Medicare CM,WA,2026-05-18 14:30:00,2026-05-19 17:56:00,Y,,,,27.44,27.44 Consecutive Business Hours,,0.25,676,132,2541,0.09,0.06,0.11,0,4bd4f1c0-1f5e-4748-aa4f-ba28dfd60d00,,PDF,TH,2026-05-18T18:30:00Z,2026-05-19T21:56:00Z,,,,,,2026-08-22T16:11:12Z,2026-08-22T16:11:12Z
MOHE-260528-4557,Medicare Std UTC Asst_84b71212-77ee-4b1a-a952-3fcc143fb457_9YM5WK8PA70 _th,Medicare CM,CA,2026-05-27 20:30:00,2026-05-29 16:25:00,Y,,,,43.92,43.92 Consecutive Business Hours,,0.25,,,564,0.09,0.06,0.11,0,8651c9d2-7bdd-4729-bbd4-508bc37480f9,,PDF,TH,2026-05-28T00:30:00Z,2026-05-29T20:25:00Z,,,,,,2026-08-22T16:11:12Z,2026-08-22T16:11:12Z
MOHE-260601-4626,Medicare Std UTC_d1c7ccb4-dfb1-4894-8ee0-19586742090d_9YM5WK8PA70 _th,Medicare CM,CA,2026-05-29 20:30:00,2026-06-02 09:46:00,Y,,,,37.26,37.26 Consecutive Business Hours,,0.75,40,27,1767,0.26,0.17,0.32,0,b41e605d-0384-49cd-b1b8-c2f322085ac0,,PDF,TH,2026-05-30T00:30:00Z,2026-06-02T13:46:00Z,,,,,,2026-08-22T16:11:12Z,2026-08-22T16:11:12Z
MOHE-260603-4718,Medicare Std UTC_020e344c-2b21-4215-8757-15fcd917ef24_4D43PF6GU80 _th,Medicare CM,CA,2026-06-02 20:30:00,2026-06-03 14:55:00,Y,,,,18.41,18.41 Consecutive Business Hours,,0.75,105,10,1721,0.26,0.17,0.32,0,328c8408-6277-48d7-8f08-c26d678afb91,,PDF,TH,2026-06-03T00:30:00Z,2026-06-03T18:55:00Z,,,,,,2026-08-22T16:11:12Z,2026-08-22T16:11:12Z
MOHE-260604-4781,Medicare Std Care Plan_220c16a4-5d5e-4231-a512-bf5cc6c68886_8R50TN9YF90 _th,Medicare CM,CA,2026-06-03 21:01:00,2026-06-05 14:35:00,Y,,,,30.59,30.59 Consecutive Business Hours,,0.75,408,34,2315,0.26,0.17,0.32,0,9d50eeaa-b8f4-4e4c-b287-20c3039aa895,,PDF,TH,2026-06-04T01:01:00Z,2026-06-05T18:35:00Z,,,,,,2026-08-22T16:11:12Z,2026-08-22T16:11:12Z
MOHE-260616-5122,Medicare Std UTC Asst_f4db220f-2f66-44a7-bed3-9afd92346777_7Q49PG0JW39 _th,Medicare CM,CA,2026-06-15 20:30:00,2026-06-16 17:12:00,Y,,,,20.71,20.71 Consecutive Business Hours,,0.35,0,0,564,0.12,0.08,0.15,0,ed48b259-f1d7-45ce-8232-32f8391d1c8c,,PDF,TH,2026-06-16T00:30:00Z,2026-06-16T21:12:00Z,,,,,,2026-08-22T16:11:12Z,2026-08-22T16:11:12Z
MOHE-260618-5211,Medicare Std UTC_844762f6-cc39-4d65-a119-183fddc28756_7Q49PG0JW39 _th,Medicare CM,CA,2026-06-17 17:30:00,2026-06-18 16:04:00,Y,,,,22.57,22.57 Consecutive Business Hours,,1,15,,1640,0.35,0.23,0.42,0,b078ff15-1745-46be-b930-a206dbbd02e7,,PDF,TH,2026-06-17T21:30:00Z,2026-06-18T20:04:00Z,,,,,,2026-08-22T16:11:12Z,2026-08-22T16:11:12Z
MOHE-260623-5349,Medicare Std UTC Asst LP_f2a1ecf0-57cf-4c0e-b403-af19ae2a9f75_1TK6A89FP88 _th,Medicare CM,CA,2026-06-22 15:01:00,2026-06-23 15:36:00,Y,,,,24.58,24.58 Consecutive Business Hours,,0.35,,,570,0.12,0.08,0.15,0,975e255c-c235-460e-b1c8-08eed08c2134,,PDF,TH,2026-06-22T19:01:00Z,2026-06-23T19:36:00Z,,,,,,2026-08-22T16:11:12Z,2026-08-22T16:11:12Z
MOHE-260625-5445,Medicare Std UTC LP_6295b934-9eba-487b-80aa-3a28baf4cf76_1TK6A89FP88 _th,Medicare CM,CA,2026-06-24 18:00:00,2026-06-26 11:46:00,Y,,,,41.75,41.75 Consecutive Business Hours,,2,188,57,5104,0.7,0.46,0.84,0,21351232-848d-4098-8000-c43b85ec3b14,,PDF,TH,2026-06-24T22:00:00Z,2026-06-26T15:46:00Z,,,,,,2026-08-22T16:11:12Z,2026-08-22T16:11:12Z
MOHE-260625-5445,Medicare Std Care Plan_6cb12960-1c55-464f-af13-39c852c6c09a_8R50TN9YF90 _th,Medicare CM,CA,2026-06-24 20:30:00,2026-06-26 11:46:00,Y,,,,39.26,39.26 Consecutive Business Hours,,,,,,0,0,0,0,722dedb0-4d7d-4ff0-9865-af6a401498fc,,PDF,TH,2026-06-25T00:30:00Z,2026-06-26T15:46:00Z,,,,,,2026-08-22T16:11:12Z,2026-08-22T16:11:12Z
MOHE-260626-5484,Medicare Std Care Plan_7bf9c110-88d3-4170-a56d-6c1a5807c8f0_4H50EA9NX32 _th,Medicare CM,CA,2026-06-25 20:30:00,2026-06-29 11:03:00,Y,,,,38.55,38.55 Consecutive Business Hours,,1,458,79,2479,0.35,0.23,0.42,0,ab136be6-dc2d-4539-b250-d748487c46f8,,PDF,TH,2026-06-26T00:30:00Z,2026-06-29T15:03:00Z,,,,,,2026-08-22T16:11:12Z,2026-08-22T16:11:12Z
MOHE-260701-5645,Medicare Std UTC Asst_8f4864bf-3779-4fd7-af1f-355fd9363b0d_2W15UF8FR53 _th,Medicare CM,CA,2026-06-30 15:01:00,2026-07-01 16:36:00,Y,,,,25.58,25.58 Consecutive Business Hours,,0.35,0,0,563,0.12,0.08,0.15,0,18e9df9b-1b1d-4792-a025-9ef58fc609f7,,PDF,TH,2026-06-30T19:01:00Z,2026-07-01T20:36:00Z,,,,,,2026-08-22T16:11:12Z,2026-08-22T16:11:12Z
MOHE-260703-5724,Medicare Std UTC_c213c51c-1508-46aa-b65b-1c915055e9de_2W15UF8FR53 _th,Medicare CM,CA,2026-07-02 18:00:00,2026-07-03 14:18:00,Y,,,,20.3,20.30 Consecutive Business Hours,,1,150,30,1800,0.35,0.23,0.42,0,71e9475b-9c61-4a45-ba23-9041ddd7f063,,PDF,TH,2026-07-02T22:00:00Z,2026-07-03T18:18:00Z,,,,,,2026-08-22T16:11:12Z,2026-08-22T16:11:12Z
MOHE-260703-5751,Medicare Std UTC Asst Batch_036526b8-b1bc-4c27-a5f1-0a2ba610f26e_9T54AN8CC85 _th,Medicare CM,CA,2026-07-03 14:30:00,2026-07-03 17:45:00,Y,,,,3.25,3.25 Consecutive Business Hours,,0.7,0,0,850,0.25,0.16,0.29,0,5801e863-c2bb-4604-9d02-b75d9c5ced79,,PDF,TH,2026-07-03T18:30:00Z,2026-07-03T21:45:00Z,,,,,,2026-08-22T16:11:12Z,2026-08-22T16:11:12Z
MOHE-260703-5751,Medicare Std UTC Asst Batch_39cab36e-fc6c-4f8a-a6cc-26529ca525a0_4D43PF6GU80 _th,Medicare CM,CA,2026-07-03 14:30:00,2026-07-03 17:45:00,Y,,,,3.25,3.25 Consecutive Business Hours,,,,,,0,0,0,0,177604ca-832e-487e-bffe-474892d4748f,,PDF,TH,2026-07-03T18:30:00Z,2026-07-03T21:45:00Z,,,,,,2026-08-22T16:11:12Z,2026-08-22T16:11:12Z
MOHE-260709-5912,Medicare Std Care Plan_405b2e5c-9bc3-4f87-97ff-8f1aa1c8f02a_8Q25J89WX99 _th,Medicare CM,WA,2026-07-08 15:01:00,2026-07-10 15:38:00,Y,,,,48.62,48.62 Consecutive Business Hours,,2.35,3492,117,34493,0.82,0.54,0.99,0,c3a34b16-7c10-4dab-8faa-c35bb8cbcd6d,,PDF,TH,2026-07-08T19:01:00Z,2026-07-10T19:38:00Z,,,,,,2026-08-22T16:11:12Z,2026-08-22T16:11:12Z
MOHE-260709-5912,Medicare Std UTC_dc8a9651-5f57-474f-8200-590fe2512552_7GT1P43EA93 _th,Medicare CM,MA,2026-07-08 18:01:00,2026-07-10 15:38:00,Y,,,,45.63,45.63 Consecutive Business Hours,,,,,,0,0,0,0,24e2705b-1a81-41f0-8430-cf8dbb5ef990,,PDF,TH,2026-07-08T22:01:00Z,2026-07-10T19:38:00Z,,,,,,2026-08-22T16:11:12Z,2026-08-22T16:11:12Z
MOHE-260715-6099,Medicare Std Care Plan_7b8db6f6-ada8-4d24-9569-e533dd60ca29_4DW6MG7PD78 _th,Medicare CM,OH,2026-07-14 15:01:00,2026-07-16 13:48:00,Y,,,,46.78,46.78 Consecutive Business Hours,,1,949,43,3039,0.35,0.23,0.42,0,bac7764a-21c0-48dc-a5cd-32596d1fd1cc,,PDF,TH,2026-07-14T19:01:00Z,2026-07-16T17:48:00Z,,,,,,2026-08-22T16:11:12Z,2026-08-22T16:11:12Z
MOHE-260720-6229,Medicare Std UTC_ca2d1acb-3e34-40d9-b360-00172a37ff23_6QV5VM6QK73 _th,Medicare CM,CA,2026-07-17 17:30:00,2026-07-21 09:32:00,Y,,,,40.03,40.03 Consecutive Business Hours,,1,382,20,2518,0.35,0.23,0.42,0,49ad1ede-4468-4e44-9c55-ee158be75dde,,PDF,TH,2026-07-17T21:30:00Z,2026-07-21T13:32:00Z,,,,,,2026-08-22T16:11:12Z,2026-08-22T16:11:12Z
MOHE-260729-6554,Medicare Std Care Plan_e90f320b-a1b0-4c2b-8c8c-f13f4f69c933_3JX5TQ4EY76 _th,Medicare CM,CA,2026-07-28 17:30:00,2026-07-30 15:56:00,Y,,,,46.43,46.43 Consecutive Business Hours,,1,95,13,1888,0.35,0.23,0.42,0,e5d3aa66-2735-4749-8655-b31b3def5f6b,,PDF,TH,2026-07-28T21:30:00Z,2026-07-30T19:56:00Z,,,,,,2026-08-22T16:11:12Z,2026-08-22T16:11:12Z
MOHE-260806-6846,Medicare Std Care Plan_ee80d6e9-935b-46db-9c20-283eb9982712_8CY0FG9QX36 _th,Medicare CM,CA,2026-08-05 19:01:00,2026-08-07 14:35:00,Y,,,,43.58,43.58 Consecutive Business Hours,,1,176,170,2266,0.35,0.23,0.42,0,605613a7-b9ac-4296-bd65-c79958fcbef2,,PDF,TH,2026-08-05T23:01:00Z,2026-08-07T18:35:00Z,,,,,,2026-08-22T16:11:12Z,2026-08-22T16:11:12Z
MOHE-260810-6982,Medicare Std Adv Dir Batch LP_af4947c3-8439-492f-b20b-eec9437eca66_8UU3JK2GW91 _th,Medicare CM,CA,2026-08-10 09:01:00,2026-08-10 19:37:00,Y,,,,10.6,10.60 Consecutive Business Hours,,0.3,0,0,260,0.11,0.07,0.13,0,38a11454-8554-482c-a966-7af4d4191dd1,,PDF,TH,2026-08-10T13:01:00Z,2026-08-10T23:37:00Z,,,,,,2026-08-22T16:11:12Z,2026-08-22T16:11:12Z
MOHE-260811-6996,Medicare Std Care Plan_d732f015-b1ea-4ed5-b49a-7f8d22c1cbf9_5VQ3YJ8WF75 _th,Medicare CM,CA,2026-08-10 20:30:00,2026-08-12 10:39:00,Y,,,,38.15,38.15 Consecutive Business Hours,,1,21,155,2032,0.35,0.23,0.42,0,089f3def-c781-45e0-bc5e-b046e26a6715,,PDF,TH,2026-08-11T00:30:00Z,2026-08-12T14:39:00Z,,,,,,2026-08-22T16:11:12Z,2026-08-22T16:11:12Z
MOHE-260812-7062,Medicare Std UTC Asst Batch_06435cd0-e53a-4e62-b4bb-5d2b41227055_5YN3MH2FW96 _th,Medicare CM,OH,2026-08-12 12:30:00,2026-08-13 14:53:00,Y,,,,26.38,26.38 Consecutive Business Hours,,0.3,0,0,426,0.11,0.07,0.13,0,57fda49c-4f18-46e3-b7e8-94585dda8902,,PDF,TH,2026-08-12T16:30:00Z,2026-08-13T18:53:00Z,,,,,,2026-08-22T16:11:12Z,2026-08-22T16:11:12Z
MOHE-260818-7285,Medicare Std Care Plan_9a7127d9-7c8a-47d9-9e64-d3f77f7e3c88_6QV5VM6QK73 _th,Medicare CM,CA,2026-08-17 21:30:00,2026-08-19 12:37:00,Y,,,,28.63,28.63 Consecutive Business Hours,,1,8,107,2043,0.35,0.23,0.42,0,9ba67a0f-5951-4b51-a1fe-1a8a67bce796,,PDF,TH,2026-08-18T01:30:00Z,2026-08-19T16:37:00Z,,,,,,2026-08-22T16:11:12Z,2026-08-22T16:11:12Z
MOHE-260820-7377,Medicare Std Health Ed Mtl_9a895538-bb5e-420c-a5d2-ed5e541d84cb_3G67HD2HP46 _th,Medicare CM,CA,2026-08-19 20:30:00,2026-08-21 09:32:00,Y,,,,37.04,37.04 Consecutive Business Hours,,0.3,,,901,0.11,0.07,0.13,0,3f978ed9-8311-4c9e-8334-5f7877e96bd3,,PDF,TH,2026-08-20T00:30:00Z,2026-08-21T13:32:00Z,,,,,,2026-08-22T16:11:12Z,2026-08-22T16:11:12Z
MOHE-260821-7424,Medicare Std Care Plan_3d01332b-7d67-401d-ba87-bd2ffdaedc90_7GT1P43EA93 _th,Medicare CM,MA,2026-08-21 14:30:00,,Y,,,,,,,,,,,0,0,0,0,7b812322-0482-48dd-9fdd-379e3ec879eb,,PDF,TH,2026-08-21T18:30:00Z,,,,,,,2026-08-22T16:11:12Z,2026-08-22T16:11:12Z
MOHE-260102-13,MHNY SWH STD Mbr Materials_d021e1dd-3ba0-44d0-9bb5-a0095d59d659_ru,NY Molina SWH – PDF,NY,2025-12-31 14:00:00,2026-01-02 16:20:00,Y,,,,26.33,26.33 Consecutive Business Hours,,3.6,527,144,20485,1.26,0.83,1.51,0,7cea91e6-8b69-4a65-a7c8-4f29f0fdc1f8,1,PDF,RUS,2025-12-31T19:00:00Z,2026-01-02T21:20:00Z,,,,,,2026-08-22T16:11:12Z,2026-08-22T16:11:12Z
MOHE-260102-13,MHNY SWH STD Mbr Materials_464d3acd-c2bb-40dd-a420-c6b39e4c9854_ru,NY Molina SWH – PDF,NY,2025-12-31 14:00:00,2026-01-02 16:20:00,Y,,,,26.33,26.33 Consecutive Business Hours,,,,,,0,0,0,0,93b5b510-d060-4565-8d41-35c6d7c6330f,1,PDF,RUS,2025-12-31T19:00:00Z,2026-01-02T21:20:00Z,,,,,,2026-08-22T16:11:12Z,2026-08-22T16:11:12Z
MOHE-260102-13,MHNY SWH STD Advance Directive_0093a1e7-5789-4775-9b90-e649e73e2044_ru,NY Molina SWH – PDF,NY,2025-12-31 14:00:00,2026-01-02 16:20:00,Y,,,,26.33,26.33 Consecutive Business Hours,,,,,,0,0,0,0,858ddad3-4970-4a65-bc8b-9bd4231455b9,1,PDF,RUS,2025-12-31T19:00:00Z,2026-01-02T21:20:00Z,,,,,,2026-08-22T16:11:12Z,2026-08-22T16:11:12Z
MOHE-260102-13,MHNY SWH STD Mbr Materials_24c9b10d-921a-4ea2-887c-ad5a06b6d345_ru,NY Molina SWH – PDF,NY,2025-12-31 14:00:00,2026-01-02 16:20:00,Y,,,,26.33,26.33 Consecutive Business Hours,,,,,,0,0,0,0,74aa2e29-3553-4580-ba91-97b9868975cd,1,PDF,RUS,2025-12-31T19:00:00Z,2026-01-02T21:20:00Z,,,,,,2026-08-22T16:11:12Z,2026-08-22T16:11:12Z
MOHE-260102-13,MHNY SWH STD Advance Directive_33c3a114-01b0-426c-93db-fec8392bab28_ru,NY Molina SWH – PDF,NY,2025-12-31 14:00:00,2026-01-02 16:20:00,Y,,,,26.33,26.33 Consecutive Business Hours,,,,,,0,0,0,0,f1b9b6bb-3325-41f5-a6dc-25e56baeecb3,,PDF,RUS,2025-12-31T19:00:00Z,2026-01-02T21:20:00Z,,,,,,2026-08-22T16:11:12Z,2026-08-22T16:11:12Z
MOHE-260102-13,MHNY SWH STD Mbr Materials_fd356d5d-270c-40b0-b761-343ce39a4a9f_ru,NY Molina SWH – PDF,NY,2025-12-31 14:01:00,2026-01-02 16:20:00,Y,,,,26.33,26.33 Consecutive Business Hours,,,,,,0,0,0,0,5487586f-23fa-4e6d-94f4-48c13ff9f444,1,PDF,RUS,2025-12-31T19:01:00Z,2026-01-02T21:20:00Z,,,,,,2026-08-22T16:11:12Z,2026-08-22T16:11:12Z
MOHE-260102-13,MHNY SWH STD Mbr Materials_029e4344-8405-4dbe-a7a0-0b3d25e49f46_ru,NY Molina SWH – PDF,NY,2025-12-31 17:00:00,2026-01-02 16:20:00,Y,,,,23.33,23.33 Consecutive Business Hours,,,,,,0,0,0,0,b77a05dc-34ad-43a9-ba66-1f3d2ed10d6c,1,PDF,RUS,2025-12-31T22:00:00Z,2026-01-02T21:20:00Z,,,,,,2026-08-22T16:11:12Z,2026-08-22T16:11:12Z
MOHE-260102-13,MHNY SWH STD Mbr Materials_61296ca1-1c55-45ad-8bfd-b4d104cb361c_ru,NY Molina SWH – PDF,NY,2025-12-31 20:00:00,2026-01-02 16:20:00,Y,,,,20.33,20.33 Consecutive Business Hours,,,,,,0,0,0,0,124ba0d5-8682-4593-b0f5-744cc2efd8fb,1,PDF,RUS,2026-01-01T01:00:00Z,2026-01-02T21:20:00Z,,,,,,2026-08-22T16:11:12Z,2026-08-22T16:11:12Z
MOHE-260102-13,MHNY SWH STD Care Plan_574b8ef8-ebd0-4350-a91f-6da48437e131_ru,NY Molina SWH – PDF,NY,2026-01-01 01:03:00,2026-01-02 16:20:00,Y,,,,8.35,8.35 Consecutive Business Hours,,,,,,0,0,0,0,ba634f37-a7b6-456f-8e37-6d0739cf2cd8,1,PDF,RUS,2026-01-01T06:03:00Z,2026-01-02T21:20:00Z,,,,,,2026-08-22T16:11:12Z,2026-08-22T16:11:12Z
MOHE-260102-13,MHNY SWH STD Care Plan_ea91bd6c-7a04-4471-a394-4ba626b98f79_ru,NY Molina SWH – PDF,NY,2026-01-01 01:03:00,2026-01-02 16:20:00,Y,,,,8.35,8.35 Consecutive Business Hours,,,,,,0,0,0,0,0404f67b-8c23-4d79-9fe1-75bd7807b522,1,PDF,RUS,2026-01-01T06:03:00Z,2026-01-02T21:20:00Z,,,,,,2026-08-22T16:11:12Z,2026-08-22T16:11:12Z
MOHE-260105-58,MHNY SWH STD Mbr Materials_96986848-7349-4379-a7d2-f3af3aabfd09_ru,NY Molina SWH – PDF,NY,2026-01-02 14:01:00,2026-01-05 13:58:00,Y,,,,23.96,23.96 Consecutive Business Hours,,2.35,169,98,10461,0.82,0.54,0.99,0,832a1760-43a2-42a5-81a3-515a6e46854b,,PDF,RUS,2026-01-02T19:01:00Z,2026-01-05T18:58:00Z,,,,,,2026-08-22T16:11:12Z,2026-08-22T16:11:12Z
MOHE-260105-58,MHNY SWH STD Care Plan_9766badd-d8d7-439e-b73d-d636c02beeeb_ru,NY Molina SWH – PDF,NY,2026-01-02 20:01:00,2026-01-06 12:32:00,Y,,,,40.52,40.52 Consecutive Business Hours,,,,,,0,0,0,0,585b190c-69d7-49fe-9f11-38bd55583e1e,,PDF,RUS,2026-01-03T01:01:00Z,2026-01-06T17:32:00Z,,,,,,2026-08-22T16:11:12Z,2026-08-22T16:11:12Z
MOHE-260105-58,MHNY SWH STD Care Plan_cbacaeda-a160-41be-963d-c9bfafe40e1d_ru,NY Molina SWH – PDF,NY,2026-01-02 20:01:00,2026-01-06 12:32:00,Y,,,,40.52,40.52 Consecutive Business Hours,,,,,,0,0,0,0,c6dafa3f-e6bf-42a0-986d-46f10da42d4e,1,PDF,RUS,2026-01-03T01:01:00Z,2026-01-06T17:32:00Z,,,,,,2026-08-22T16:11:12Z,2026-08-22T16:11:12Z
MOHE-260105-58,MHNY SWH STD Mbr Materials_ebf9f851-9e53-4004-b099-4dbcbb06d1df_ru,NY Molina SWH – PDF,NY,2026-01-02 23:01:00,2026-01-05 13:58:00,Y,,,,5.98,5.98 Consecutive Business Hours,,,,,,0,0,0,0,55f6c7ea-990b-4e3b-82b0-17bd694f8e61,1,PDF,RUS,2026-01-03T04:01:00Z,2026-01-05T18:58:00Z,,,,,,2026-08-22T16:11:12Z,2026-08-22T16:11:12Z
MOHE-260105-58,MHNY SWH STD Mbr Materials_d738605d-b86e-4252-9cee-4534545fb850_ru,NY Molina SWH – PDF,NY,2026-01-03 22:03:00,2026-01-05 13:58:00,Y,,,,5.98,5.98 Consecutive Business Hours,,,,,,0,0,0,0,265a16aa-c055-4776-a7ea-27b0adf87ca1,1,PDF,RUS,2026-01-04T03:03:00Z,2026-01-05T18:58:00Z,,,,,,2026-08-22T16:11:12Z,2026-08-22T16:11:12Z
MOHE-260105-58,MHNY SWH STD Advance Directive_2144b601-d070-4b5e-a7ad-793a55b8d292_ru,NY Molina SWH – PDF,NY,2026-01-02 14:01:00,2026-01-06 11:42:00,Y,,,,45.68,45.68 Consecutive Business Hours,,1.8,0,0,9234,0.63,0.41,0.76,0,d49ac0eb-1477-46d6-913d-2a4ba48ae688,1,PDF,RUS,2026-01-02T19:01:00Z,2026-01-06T16:42:00Z,,,,,,2026-08-22T16:11:12Z,2026-08-22T16:11:12Z
MOHE-260105-58,MHNY SWH STD Care Plan_515e5de6-fcd1-4fd6-aab9-7e09d31810a9_ru,NY Molina SWH – PDF,NY,2026-01-02 14:01:00,2026-01-06 11:42:00,Y,,,,45.68,45.68 Consecutive Business Hours,,,,,,0,0,0,0,88d27777-b1eb-4e95-a958-c3fb41bd1689,1,PDF,RUS,2026-01-02T19:01:00Z,2026-01-06T16:42:00Z,,,,,,2026-08-22T16:11:12Z,2026-08-22T16:11:12Z
MOHE-260105-58,MHNY SWH STD Advance Directive_341ce13f-3de8-49d8-9e14-cfc0b531795b_ru,NY Molina SWH – PDF,NY,2026-01-02 14:01:00,2026-01-06 11:42:00,Y,,,,45.68,45.68 Consecutive Business Hours,,,,,,0,0,0,0,f4ed0248-e84e-46ef-afd8-05b4f9b7f713,,PDF,RUS,2026-01-02T19:01:00Z,2026-01-06T16:42:00Z,,,,,,2026-08-22T16:11:12Z,2026-08-22T16:11:12Z
MOHE-260105-58,MHNY SWH STD Mbr Materials_32434b6c-42bf-49fe-8a75-c7b1c6b82663_ru,NY Molina SWH – PDF,NY,2026-01-02 20:01:00,2026-01-06 11:42:00,Y,,,,39.68,39.68 Consecutive Business Hours,,,,,,0,0,0,0,ba606037-f780-494f-8553-4b4484a604e6,,PDF,RUS,2026-01-03T01:01:00Z,2026-01-06T16:42:00Z,,,,,,2026-08-22T16:11:12Z,2026-08-22T16:11:12Z
MOHE-260105-58,MHNY SWH STD Advance Directive_3b08dfac-0869-4817-8f21-5a8e5855b9f4_ru,NY Molina SWH – PDF,NY,2026-01-03 22:03:00,2026-01-06 11:42:00,Y,,,,27.7,27.70 Consecutive Business Hours,,,,,,0,0,0,0,df64edc2-567d-44a2-ab33-5e9aadb3de37,,PDF,RUS,2026-01-04T03:03:00Z,2026-01-06T16:42:00Z,,,,,,2026-08-22T16:11:12Z,2026-08-22T16:11:12Z
MOHE-260106-87,MHNY SWH STD Mbr Materials_77d80d81-89b1-4f22-b5e9-e620d37836ab_ru,NY Molina SWH – PDF,NY,2026-01-05 14:01:00,2026-01-06 17:07:00,Y,,,,27.09,27.09 Consecutive Business Hours,,2.2,,,,0.77,0.51,0.92,0,15e35ea4-e438-49f0-afc6-9bf1b04ac9ce,1,PDF,RUS,2026-01-05T19:01:00Z,2026-01-06T22:07:00Z,,,,,,2026-08-22T16:11:12Z,2026-08-22T16:11:12Z
MOHE-260106-87,MHNY SWH STD Mbr Materials_22c7fc70-36dd-4d36-a97e-d29839e6d2d5_ru,NY Molina SWH – PDF,NY,2026-01-05 20:01:00,2026-01-06 17:07:00,Y,,,,21.1,21.10 Consecutive Business Hours,,,,,,0,0,0,0,95518e9b-fa61-4fb4-a83b-88f1800a33b1,1,PDF,RUS,2026-01-06T01:01:00Z,2026-01-06T22:07:00Z,,,,,,2026-08-22T16:11:12Z,2026-08-22T16:11:12Z
MOHE-260106-87,MHNY SWH STD Mbr Materials_88573278-4ad3-4efb-a90a-ac1523f7e43d_ru,NY Molina SWH – PDF,NY,2026-01-05 20:01:00,2026-01-06 17:07:00,Y,,,,21.09,21.09 Consecutive Business Hours,,,,,,0,0,0,0,a06860f1-3682-49a5-9778-403d5344caae,,PDF,RUS,2026-01-06T01:01:00Z,2026-01-06T22:07:00Z,,,,,,2026-08-22T16:11:12Z,2026-08-22T16:11:12Z
MOHE-260106-87,MHNY SWH STD Mbr Materials_141611f5-c9ec-4d86-b6b5-417edfce0ccd_ru,NY Molina SWH – PDF,NY,2026-01-05 20:01:00,2026-01-06 17:07:00,Y,,,,21.09,21.09 Consecutive Business Hours,,,,,,0,0,0,0,7a9eabb8-f55b-4688-b349-09ce34e73795,1,PDF,RUS,2026-01-06T01:01:00Z,2026-01-06T22:07:00Z,,,,,,2026-08-22T16:11:12Z,2026-08-22T16:11:12Z
MOHE-260106-87,MHNY SWH STD Mbr Materials_885f3053-d92f-425d-a8f1-c16a66ec51f5_ru,NY Molina SWH – PDF,NY,2026-01-05 20:01:00,2026-01-06 17:07:00,Y,,,,21.09,21.09 Consecutive Business Hours,,,,,,0,0,0,0,e48924d3-9e07-4590-b2d0-3eff758ca0f0,1,PDF,RUS,2026-01-06T01:01:00Z,2026-01-06T22:07:00Z,,,,,,2026-08-22T16:11:12Z,2026-08-22T16:11:12Z
MOHE-260106-87,MHNY SWH STD Mbr Materials_4b20c07a-1c1c-4325-b570-3e3dc1c0efff_ru,NY Molina SWH – PDF,NY,2026-01-05 23:00:00,2026-01-06 17:07:00,Y,,,,9.12,9.12 Consecutive Business Hours,,,,,,0,0,0,0,10d5d4a9-8852-48ff-a933-e399031f3889,1,PDF,RUS,2026-01-06T04:00:00Z,2026-01-06T22:07:00Z,,,,,,2026-08-22T16:11:12Z,2026-08-22T16:11:12Z
MOHE-260106-87,MHNY SWH STD Mbr Materials_fb928e04-22d1-4e43-aac7-4bece9bd65c4_ru,NY Molina SWH – PDF,NY,2026-01-05 23:00:00,2026-01-06 17:07:00,Y,,,,9.12,9.12 Consecutive Business Hours,,,,,,0,0,0,0,92d70f36-f695-402a-8fe6-c92225995fad,1,PDF,RUS,2026-01-06T04:00:00Z,2026-01-06T22:07:00Z,,,,,,2026-08-22T16:11:12Z,2026-08-22T16:11:12Z
MOHE-260106-87,MHNY SWH STD Mbr Materials_9e4d73f9-db94-4192-8f3e-4f682f65b503_ru,NY Molina SWH – PDF,NY,2026-01-06 02:00:00,2026-01-06 17:07:00,Y,,,,9.12,9.12 Consecutive Business Hours,,,,,,0,0,0,0,1a4f9972-70c6-4595-b3ac-98b9b561901b,,PDF,RUS,2026-01-06T07:00:00Z,2026-01-06T22:07:00Z,,,,,,2026-08-22T16:11:12Z,2026-08-22T16:11:12Z
MOHE-260106-87,MHNY SWH STD Mbr Materials_9dd0baaf-4efc-450d-b821-45873a05f4c6_ru,NY Molina SWH – PDF,NY,2026-01-06 02:00:00,2026-01-06 17:07:00,Y,,,,9.12,9.12 Consecutive Business Hours,,,,,,0,0,0,0,58149f22-fe29-4fb9-83a0-1239b7ee7245,,PDF,RUS,2026-01-06T07:00:00Z,2026-01-06T22:07:00Z,,,,,,2026-08-22T16:11:12Z,2026-08-22T16:11:12Z
MOHE-260106-87,MHNY SWH STD Mbr Materials_b3df8957-21ce-40af-8462-e738249e2bf3_ru,NY Molina SWH – PDF,NY,2026-01-06 02:00:00,2026-01-06 17:07:00,Y,,,,9.12,9.12 Consecutive Business Hours,,,,,,0,0,0,0,f4f9d102-898f-4ba5-ae73-349d0ce1370f,,PDF,RUS,2026-01-06T07:00:00Z,2026-01-06T22:07:00Z,,,,,,2026-08-22T16:11:12Z,2026-08-22T16:11:12Z
MOHE-260106-87,MHNY SWH STD Mbr Materials_f1bbe273-fc85-4f8a-ad27-9474d8537276_ru,NY Molina SWH – PDF,NY,2026-01-06 02:00:00,2026-01-06 17:07:00,Y,,,,9.13,9.13 Consecutive Business Hours,,,,,,0,0,0,0,d8c66214-eb6f-49e2-9ec1-311021634e04,1,PDF,RUS,2026-01-06T07:00:00Z,2026-01-06T22:07:00Z,,,,,,2026-08-22T16:11:12Z,2026-08-22T16:11:12Z
MOHE-260107-123,MHNY SWH STD Mbr Materials_86e89267-13f4-4ce9-a9c5-edb13a7f3f15_ru,NY Molina SWH – PDF,NY,2026-01-06 14:01:00,2026-01-08 16:20:00,Y,,,,50.31,50.31 Consecutive Business Hours,,1.6,,,,0.56,0.37,0.67,0,7d0d13ab-b7f3-4068-96fe-83a3a270f59c,,PDF,RUS,2026-01-06T19:01:00Z,2026-01-08T21:20:00Z,,,,,,2026-08-22T16:11:12Z,2026-08-22T16:11:12Z
MOHE-260107-123,MHNY SWH STD Mbr Materials_f988c5ab-7b61-47e0-87ee-07b0d69df4c2_ru,NY Molina SWH – PDF,NY,2026-01-06 14:01:00,2026-01-08 16:20:00,Y,,,,50.31,50.31 Consecutive Business Hours,,,,,,0,0,0,0,7c67077d-b3e0-47e9-b438-45e4b626b3e1,1,PDF,RUS,2026-01-06T19:01:00Z,2026-01-08T21:20:00Z,,,,,,2026-08-22T16:11:12Z,2026-08-22T16:11:12Z
MOHE-260107-123,MHNY SWH STD Mbr Materials_a2130a9f-42a4-4260-b98b-9e3346ae8df2_ru,NY Molina SWH – PDF,NY,2026-01-06 20:01:00,2026-01-08 16:20:00,Y,,,,44.31,44.31 Consecutive Business Hours,,,,,,0,0,0,0,c0eee51b-12f0-4919-83d8-da9b7892ffee,,PDF,RUS,2026-01-07T01:01:00Z,2026-01-08T21:20:00Z,,,,,,2026-08-22T16:11:12Z,2026-08-22T16:11:12Z
MOHE-260107-123,MHNY SWH STD Advance Directive_7bb6e1fa-1c2e-45c8-9ed8-c6cc49d33f23_ru,NY Molina SWH – PDF,NY,2026-01-06 20:01:00,2026-01-08 16:20:00,Y,,,,44.31,44.31 Consecutive Business Hours,,,,,,0,0,0,0,9f04cf44-4e79-4bc8-b4e2-42e966418934,1,PDF,RUS,2026-01-07T01:01:00Z,2026-01-08T21:20:00Z,,,,,,2026-08-22T16:11:12Z,2026-08-22T16:11:12Z
MOHE-260107-123,MHNY SWH STD Mbr Materials_7c593efd-10c7-46dc-a76d-a5059abc4da6_ru,NY Molina SWH – PDF,NY,2026-01-06 20:01:00,2026-01-08 16:20:00,Y,,,,44.31,44.31 Consecutive Business Hours,,,,,,0,0,0,0,aea6fabc-4ae6-4bd8-952c-3993401e50ca,,PDF,RUS,2026-01-07T01:01:00Z,2026-01-08T21:20:00Z,,,,,,2026-08-22T16:11:12Z,2026-08-22T16:11:12Z
MOHE-260107-123,MHNY SWH STD Mbr Materials_abecfc40-f831-4f72-aa7e-825bb3d0107a_ru,NY Molina SWH – PDF,NY,2026-01-06 20:01:00,2026-01-08 16:20:00,Y,,,,44.31,44.31 Consecutive Business Hours,,,,,,0,0,0,0,cdab1725-add5-4d9f-b8db-4e893d34bfc3,,PDF,RUS,2026-01-07T01:01:00Z,2026-01-08T21:20:00Z,,,,,,2026-08-22T16:11:12Z,2026-08-22T16:11:12Z
MOHE-260107-123,MHNY SWH STD Mbr Materials_f8377a38-f399-420e-a5a4-8dd0a36d845c_ru,NY Molina SWH – PDF,NY,2026-01-07 01:03:00,2026-01-08 16:20:00,Y,,,,32.33,32.33 Consecutive Business Hours,,,,,,0,0,0,0,f463439e-21c3-471a-9645-efdf9a5838ef,,PDF,RUS,2026-01-07T06:03:00Z,2026-01-08T21:20:00Z,,,,,,2026-08-22T16:11:12Z,2026-08-22T16:11:12Z
MOHE-260107-123,MHNY SWH STD Mbr Materials_3952fcec-6da4-4dc1-9946-f26084d2efd3_ru,NY Molina SWH – PDF,NY,2026-01-07 01:04:00,2026-01-08 16:20:00,Y,,,,32.33,32.33 Consecutive Business Hours,,,,,,0,0,0,0,56971180-f306-4bff-985d-84690f16b105,1,PDF,RUS,2026-01-07T06:04:00Z,2026-01-08T21:20:00Z,,,,,,2026-08-22T16:11:12Z,2026-08-22T16:11:12Z
MOHE-260108-156,MHNY SWH STD Care Plan_2acdfab0-10b5-4bc8-8aed-04b422937003_ru,NY Molina SWH – PDF,NY,2026-01-07 14:00:00,2026-01-08 17:14:00,Y,,,,27.23,27.23 Consecutive Business Hours,,4.65,159,36,17404,1.63,1.07,1.95,0,4a489f43-cd21-4d72-b381-245889b04e6b,,PDF,RUS,2026-01-07T19:00:00Z,2026-01-08T22:14:00Z,,,,,,2026-08-22T16:11:12Z,2026-08-22T16:11:12Z
MOHE-260108-156,MHNY SWH STD Care Plan_d10af837-3c1b-4d60-90c9-a116ad0451b8_ru,NY Molina SWH – PDF,NY,2026-01-07 14:00:00,2026-01-08 17:14:00,Y,,,,27.23,27.23 Consecutive Business Hours,,,,,,0,0,0,0,3d05bc06-5d52-48ac-b8a3-7a3bc2e74d55,1,PDF,RUS,2026-01-07T19:00:00Z,2026-01-08T22:14:00Z,,,,,,2026-08-22T16:11:12Z,2026-08-22T16:11:12Z
MOHE-260108-156,MHNY SWH STD Care Plan_c1764b74-ea6d-4cac-8f1e-2cad07e5ce42_ru,NY Molina SWH – PDF,NY,2026-01-07 17:00:00,2026-01-08 17:14:00,Y,,,,24.23,24.23 Consecutive Business Hours,,,,,,0,0,0,0,0f4b4914-8aed-4e27-8920-006ef82132df,1,PDF,RUS,2026-01-07T22:00:00Z,2026-01-08T22:14:00Z,,,,,,2026-08-22T16:11:12Z,2026-08-22T16:11:12Z
MOHE-260108-156,MHNY SWH STD Mbr Materials_7c0288ec-d039-4fa6-88ea-5c18699c0d81_ru,NY Molina SWH – PDF,NY,2026-01-07 20:01:00,2026-01-08 17:06:00,Y,,,,21.09,21.09 Consecutive Business Hours,,,,,,0,0,0,0,7cc5c2ac-8a1e-4402-86ca-fc7c5e517b2e,1,PDF,RUS,2026-01-08T01:01:00Z,2026-01-08T22:06:00Z,,,,,,2026-08-22T16:11:12Z,2026-08-22T16:11:12Z
MOHE-260108-156,MHNY SWH STD Advance Directive_26dfc07b-f93b-46b4-a1ae-723075207213_ru,NY Molina SWH – PDF,NY,2026-01-07 20:01:00,2026-01-08 17:06:00,Y,,,,21.08,21.08 Consecutive Business Hours,,,,,,0,0,0,0,7a3290b9-d50c-4461-a641-38fd8fce7d0a,1,PDF,RUS,2026-01-08T01:01:00Z,2026-01-08T22:06:00Z,,,,,,2026-08-22T16:11:12Z,2026-08-22T16:11:12Z
MOHE-260108-156,MHNY SWH STD Care Plan_bee3bdf6-a251-465f-8b24-1879125cd51a_ru,NY Molina SWH – PDF,NY,2026-01-07 20:01:00,2026-01-08 17:14:00,Y,,,,21.21,21.21 Consecutive Business Hours,,,,,,0,0,0,0,978c43c1-d3d0-4295-b72d-53bd287a90f3,1,PDF,RUS,2026-01-08T01:01:00Z,2026-01-08T22:14:00Z,,,,,,2026-08-22T16:11:12Z,2026-08-22T16:11:12Z
MOHE-260108-156,MHNY SWH STD Mbr Materials_7392b0bb-45af-4eb6-a81c-47cb39732cde_ru,NY Molina SWH – PDF,NY,2026-01-07 20:01:00,2026-01-08 17:06:00,Y,,,,21.08,21.08 Consecutive Business Hours,,,,,,0,0,0,0,fcdd622a-4a3d-4e4e-b30f-07873b1529d1,1,PDF,RUS,2026-01-08T01:01:00Z,2026-01-08T22:06:00Z,,,,,,2026-08-22T16:11:12Z,2026-08-22T16:11:12Z
MOHE-260108-156,MHNY SWH STD Mbr Materials_56f8d76f-6eb6-4432-ac87-9a14cb5ba026_ru,NY Molina SWH – PDF,NY,2026-01-08 02:00:00,2026-01-08 17:06:00,Y,,,,9.11,9.11 Consecutive Business Hours,,,,,,0,0,0,0,c7bc950a-f742-48c5-a13f-89648f4b439a,2,PDF,RUS,2026-01-08T07:00:00Z,2026-01-08T22:06:00Z,,,,,,2026-08-22T16:11:12Z,2026-08-22T16:11:12Z
MOHE-260108-156,MHNY SWH STD Mbr Materials_5af0d007-6828-4b29-b729-59ce17df98c7_ru,NY Molina SWH – PDF,NY,2026-01-08 02:00:00,2026-01-08 17:06:00,Y,,,,9.11,9.11 Consecutive Business Hours,,,,,,0,0,0,0,a23626d6-394f-4032-9918-311110463bc2,2,PDF,RUS,2026-01-08T07:00:00Z,2026-01-08T22:06:00Z,,,,,,2026-08-22T16:11:12Z,2026-08-22T16:11:12Z
MOHE-260108-156,MHNY SWH STD Mbr Materials_f8e0017b-0a93-4a8f-baa4-8ff17d46533c_ru,NY Molina SWH – PDF,NY,2026-01-08 02:00:00,2026-01-08 17:06:00,Y,,,,9.11,9.11 Consecutive Business Hours,,,,,,0,0,0,0,0e8e2b25-4ca7-48e8-b0e5-e318ada25856,2,PDF,RUS,2026-01-08T07:00:00Z,2026-01-08T22:06:00Z,,,,,,2026-08-22T16:11:12Z,2026-08-22T16:11:12Z
MOHE-260108-156,MHNY SWH STD Mbr Materials_fc1ffb9f-b116-49aa-adf0-7efab5fec4b3_ru,NY Molina SWH – PDF,NY,2026-01-08 02:00:00,2026-01-08 17:06:00,Y,,,,9.11,9.11 Consecutive Business Hours,,,,,,0,0,0,0,344d00c1-3648-4b73-b999-9b5e6a87e121,2,PDF,RUS,2026-01-08T07:00:00Z,2026-01-08T22:06:00Z,,,,,,2026-08-22T16:11:12Z,2026-08-22T16:11:12Z
MOHE-260109-191,MHNY SWH STD Mbr Materials_27026644-9dbb-474c-aac4-d1b0dbe471b5_ru,NY Molina SWH – PDF,NY,2026-01-08 14:02:00,2026-01-09 17:00:00,Y,,,,26.97,26.97 Consecutive Business Hours,,3.6,199,115,16720,1.26,0.83,1.51,0,101fb319-0ba8-4b2f-9ee1-6cdb23f0fa8a,2,PDF,RUS,2026-01-08T19:02:00Z,2026-01-09T22:00:00Z,,,,,,2026-08-22T16:11:12Z,2026-08-22T16:11:12Z
MOHE-260109-191,MHNY SWH STD Mbr Materials_1aafded8-67ab-4ccb-8f96-5b45ca385d7d_ru,NY Molina SWH – PDF,NY,2026-01-08 14:02:00,2026-01-09 16:59:00,Y,,,,26.96,26.96 Consecutive Business Hours,,,,,,0,0,0,0,61c66d0d-757b-4fc5-8657-bbe99dcdcfac,2,PDF,RUS,2026-01-08T19:02:00Z,2026-01-09T21:59:00Z,,,,,,2026-08-22T16:11:12Z,2026-08-22T16:11:12Z
MOHE-260109-191,MHNY SWH STD Mbr Materials_4294be6a-c97b-4bc7-bbfb-bca1c37a99e7_ru,NY Molina SWH – PDF,NY,2026-01-08 17:00:00,2026-01-09 16:59:00,Y,,,,23.99,23.99 Consecutive Business Hours,,,,,,0,0,0,0,42d51bd8-b8af-4c9f-bf3b-64f51e14a83e,2,PDF,RUS,2026-01-08T22:00:00Z,2026-01-09T21:59:00Z,,,,,,2026-08-22T16:11:12Z,2026-08-22T16:11:12Z
MOHE-260109-191,MHNY SWH STD Advance Directive_9d7cb30d-9515-4c3e-b747-a4f8dfdba174_ru,NY Molina SWH – PDF,NY,2026-01-08 20:01:00,2026-01-09 16:59:00,Y,,,,20.97,20.97 Consecutive Business Hours,,,,,,0,0,0,0,ac8879e3-c10d-44f3-8a10-979463c22664,2,PDF,RUS,2026-01-09T01:01:00Z,2026-01-09T21:59:00Z,,,,,,2026-08-22T16:11:12Z,2026-08-22T16:11:12Z
MOHE-260109-191,MHNY SWH STD Mbr Materials_d4946d14-e3bf-4ed0-912c-c8abd7aac0f9_ru,NY Molina SWH – PDF,NY,2026-01-08 20:01:00,2026-01-09 16:59:00,Y,,,,20.97,20.97 Consecutive Business Hours,,,,,,0,0,0,0,677a3969-4648-42f8-af27-99e3fee61d09,2,PDF,RUS,2026-01-09T01:01:00Z,2026-01-09T21:59:00Z,,,,,,2026-08-22T16:11:12Z,2026-08-22T16:11:12Z
MOHE-260109-191,MHNY SWH STD Mbr Materials_5b96e71f-594e-4e8a-8a86-38acd43f8362_ru,NY Molina SWH – PDF,NY,2026-01-08 23:01:00,2026-01-09 16:59:00,Y,,,,9,9.00 Consecutive Business Hours,,,,,,0,0,0,0,2625da96-791f-4057-8ddd-45b12c73825c,2,PDF,RUS,2026-01-09T04:01:00Z,2026-01-09T21:59:00Z,,,,,,2026-08-22T16:11:12Z,2026-08-22T16:11:12Z
MOHE-260109-191,MHNY SWH STD Mbr Materials_5fb59162-7fba-4da4-b496-20fc5fbe819e_ru,NY Molina SWH – PDF,NY,2026-01-08 23:01:00,2026-01-09 16:59:00,Y,,,,9,9.00 Consecutive Business Hours,,,,,,0,0,0,0,b4ccb2ad-5275-440b-8d43-59b5c04d4a92,,PDF,RUS,2026-01-09T04:01:00Z,2026-01-09T21:59:00Z,,,,,,2026-08-22T16:11:12Z,2026-08-22T16:11:12Z
MOHE-260109-191,MHNY SWH STD Mbr Materials_ba4255d8-b516-4a0f-80a0-35a2d36b0876_ru,NY Molina SWH – PDF,NY,2026-01-08 23:01:00,2026-01-09 16:59:00,Y,,,,9,9.00 Consecutive Business Hours,,,,,,0,0,0,0,39cf97f4-edd8-43df-b2ca-3d5ae05e3246,,PDF,RUS,2026-01-09T04:01:00Z,2026-01-09T21:59:00Z,,,,,,2026-08-22T16:11:12Z,2026-08-22T16:11:12Z
MOHE-260109-191,MHNY SWH STD Care Plan_61ee0ac4-9253-4201-9f16-ebc0919060bc_ru,NY Molina SWH – PDF,NY,2026-01-09 02:00:00,2026-01-09 17:00:00,Y,,,,9,9.00 Consecutive Business Hours,,,,,,0,0,0,0,8580fd70-c187-4353-b2ba-2b6a68c5cd43,,PDF,RUS,2026-01-09T07:00:00Z,2026-01-09T22:00:00Z,,,,,,2026-08-22T16:11:12Z,2026-08-22T16:11:12Z
MOHE-260109-191,MHNY SWH STD Care Plan_f0613918-d53e-47cb-ae30-4bf00b645715_ru,NY Molina SWH – PDF,NY,2026-01-09 02:00:00,2026-01-09 17:00:00,Y,,,,9,9.00 Consecutive Business Hours,,,,,,0,0,0,0,1f9c0b8d-37de-49e7-b37a-a6bca096a148,,PDF,RUS,2026-01-09T07:00:00Z,2026-01-09T22:00:00Z,,,,,,2026-08-22T16:11:12Z,2026-08-22T16:11:12Z
MOHE-260113-272,MHNY SWH STD Care Plan_4dac2fa9-f25c-4ff5-9b33-84ff9114113f_ru,NY Molina SWH – PDF,NY,2026-01-12 15:02:00,2026-01-14 12:48:00,Y,,,,45.77,45.77 Consecutive Business Hours,,3.8,758,238,21585,1.33,0.87,1.6,0,3774dac4-9325-4d93-978f-157277bfa378,,PDF,RUS,2026-01-12T20:02:00Z,2026-01-14T17:48:00Z,,,,,,2026-08-22T16:11:12Z,2026-08-22T16:11:12Z
MOHE-260113-272,MHNY SWH STD Care Plan_26ad0a5f-3a5c-4c83-af8b-958504dbe034_ru,NY Molina SWH – PDF,NY,2026-01-12 16:00:00,2026-01-14 12:48:00,Y,,,,44.81,44.81 Consecutive Business Hours,,,,,,0,0,0,0,4b4d6979-f68c-4d6e-9d76-5e996860cdc1,,PDF,RUS,2026-01-12T21:00:00Z,2026-01-14T17:48:00Z,,,,,,2026-08-22T16:11:12Z,2026-08-22T16:11:12Z
MOHE-260113-272,MHNY SWH STD Care Plan_5f31a832-50f5-478e-9d6e-e58a0ecefd03_ru,NY Molina SWH – PDF,NY,2026-01-12 18:01:00,2026-01-14 12:48:00,Y,,,,42.79,42.79 Consecutive Business Hours,,,,,,0,0,0,0,87280385-bbe3-4c5b-b741-b2e39c837f1b,,PDF,RUS,2026-01-12T23:01:00Z,2026-01-14T17:48:00Z,,,,,,2026-08-22T16:11:12Z,2026-08-22T16:11:12Z
MOHE-260113-272,MHNY SWH STD UTC_a507d3fa-f04b-4036-aa7c-50dbde4d396e_ru,NY Molina SWH – PDF,NY,2026-01-12 18:02:00,2026-01-13 19:30:00,Y,,,,25.47,25.47 Consecutive Business Hours,,,,,,0,0,0,0,39ef7d58-d5cb-4290-9397-426f710df41b,,PDF,RUS,2026-01-12T23:02:00Z,2026-01-14T00:30:00Z,,,,,,2026-08-22T16:11:12Z,2026-08-22T16:11:12Z
MOHE-260113-272,MHNY SWH STD Mbr Materials_5387d59a-23db-4b60-8104-54b9e5a4f7ea_ru,NY Molina SWH – PDF,NY,2026-01-13 02:01:00,2026-01-13 19:30:00,Y,,,,11.51,11.51 Consecutive Business Hours,,,,,,0,0,0,0,ea078fde-6731-4b98-a52f-ea77918a49f6,2,PDF,RUS,2026-01-13T07:01:00Z,2026-01-14T00:30:00Z,,,,,,2026-08-22T16:11:12Z,2026-08-22T16:11:12Z
MOHE-260113-272,MHNY SWH STD Mbr Materials_f6bb28e2-3353-4756-bfc5-9dead58a8127_ru,NY Molina SWH – PDF,NY,2026-01-13 02:01:00,2026-01-13 19:30:00,Y,,,,11.5,11.50 Consecutive Business Hours,,,,,,0,0,0,0,2fffa511-0781-4cde-a752-2a535980257f,5,PDF,RUS,2026-01-13T07:01:00Z,2026-01-14T00:30:00Z,,,,,,2026-08-22T16:11:12Z,2026-08-22T16:11:12Z
MOHE-260113-272,MHNY SWH STD Mbr Materials_b532a250-d7c4-4b23-b1af-1d2924f1a1a1_ru,NY Molina SWH – PDF,NY,2026-01-13 02:01:00,2026-01-13 19:30:00,Y,,,,11.51,11.51 Consecutive Business Hours,,,,,,0,0,0,0,76a7fafa-b14f-4095-8d69-366fa0c409e3,,PDF,RUS,2026-01-13T07:01:00Z,2026-01-14T00:30:00Z,,,,,,2026-08-22T16:11:12Z,2026-08-22T16:11:12Z
MOHE-260113-272,MHNY SWH STD Care Plan_8105ec98-83e8-4895-91e5-604e53de2663_ru,NY Molina SWH – PDF,NY,2026-01-12 16:00:00,2026-01-14 13:36:00,Y,,,,45.6,45.60 Consecutive Business Hours,,2.8,607,150,16454,0.98,0.64,1.18,0,8c10a3c5-f435-4838-984b-23b9e26ba714,2,PDF,RUS,2026-01-12T21:00:00Z,2026-01-14T18:36:00Z,,,,,,2026-08-22T16:11:12Z,2026-08-22T16:11:12Z
MOHE-260113-272,MHNY SWH STD Care Plan_ffd96646-639c-4905-b313-8a28402f8913_ru,NY Molina SWH – PDF,NY,2026-01-12 16:00:00,2026-01-14 13:36:00,Y,,,,45.6,45.60 Consecutive Business Hours,,,,,,0,0,0,0,5d3cf0bf-6a02-4f30-8cb7-9b187590949f,5,PDF,RUS,2026-01-12T21:00:00Z,2026-01-14T18:36:00Z,,,,,,2026-08-22T16:11:12Z,2026-08-22T16:11:12Z
MOHE-260113-272,MHNY SWH STD Mbr Materials_5f9060f0-c2e6-459d-a589-5f0af27eb148_ru,NY Molina SWH – PDF,NY,2026-01-12 18:02:00,2026-01-13 19:20:00,Y,,,,25.31,25.31 Consecutive Business Hours,,,,,,0,0,0,0,f1929304-3297-4215-aacb-125d85f360f2,,PDF,RUS,2026-01-12T23:02:00Z,2026-01-14T00:20:00Z,,,,,,2026-08-22T16:11:12Z,2026-08-22T16:11:12Z
MOHE-260113-272,MHNY SWH STD Mbr Materials_5f4b303a-3482-4ebc-a344-788e72a1d267_ru,NY Molina SWH – PDF,NY,2026-01-13 02:00:00,2026-01-13 19:20:00,Y,,,,11.34,11.34 Consecutive Business Hours,,,,,,0,0,0,0,be651bcd-bdfa-4027-bbf6-1ade0973c320,5,PDF,RUS,2026-01-13T07:00:00Z,2026-01-14T00:20:00Z,,,,,,2026-08-22T16:11:12Z,2026-08-22T16:11:12Z
MOHE-260113-272,MHNY SWH STD Mbr Materials_1481b9f5-c69a-434c-a7da-c895567e9f2c_ru,NY Molina SWH – PDF,NY,2026-01-13 02:01:00,2026-01-13 19:20:00,Y,,,,11.34,11.34 Consecutive Business Hours,,,,,,0,0,0,0,2cc98286-3475-408c-b021-8fae3727defb,,PDF,RUS,2026-01-13T07:01:00Z,2026-01-14T00:20:00Z,,,,,,2026-08-22T16:11:12Z,2026-08-22T16:11:12Z
MOHE-260113-272,MHNY SWH STD Mbr Materials_226e9554-aa19-49c2-943a-f8590758a257_ru,NY Molina SWH – PDF,NY,2026-01-13 02:01:00,2026-01-13 19:20:00,Y,,,,11.34,11.34 Consecutive Business Hours,,,,,,0,0,0,0,e215b448-6d9f-4277-b2b7-c088c892079e,2,PDF,RUS,2026-01-13T07:01:00Z,2026-01-14T00:20:00Z,,,,,,2026-08-22T16:11:12Z,2026-08-22T16:11:12Z
MOHE-260114-308,MHNY SWH STD Mbr Materials_f681b370-9488-4f2b-b26f-239a086a5bb7_ru,NY Molina SWH – PDF,NY,2026-01-13 18:00:00,2026-01-15 16:39:00,Y,,,,46.65,46.65 Consecutive Business Hours,,1.6,,,3755,0.56,0.37,0.67,0,6543d2b4-686a-4e8e-81d0-791de2728e8f,,PDF,RUS,2026-01-13T23:00:00Z,2026-01-15T21:39:00Z,,,,,,2026-08-22T16:11:12Z,2026-08-22T16:11:12Z
MOHE-260114-308,MHNY SWH STD Care Plan_f05a451a-32e6-430e-b581-fad368823ddb_ru_ERR,NY Molina SWH – PDF,NY,2026-01-13 18:00:00,2026-01-15 16:39:00,Y,,,,46.65,46.65 Consecutive Business Hours,,,,,,0,0,0,0,192479ea-b71b-4895-af1e-adfcd9e14cab,5,PDF,RUS,2026-01-13T23:00:00Z,2026-01-15T21:39:00Z,,,,,,2026-08-22T16:11:12Z,2026-08-22T16:11:12Z
MOHE-260114-308,MHNY SWH STD Mbr Materials_02980115-6d36-4a02-b5b8-b352b698c95e_ru,NY Molina SWH – PDF,NY,2026-01-13 20:01:00,2026-01-15 16:39:00,Y,,,,44.63,44.63 Consecutive Business Hours,,,,,,0,0,0,0,6e5ba042-da2a-4740-8bd9-aad5cb370e37,,PDF,RUS,2026-01-14T01:01:00Z,2026-01-15T21:39:00Z,,,,,,2026-08-22T16:11:12Z,2026-08-22T16:11:12Z
MOHE-260114-308,MHNY SWH STD Mbr Materials_1d82fbb7-f610-4a3f-b4d5-c9eef1547a07_ru,NY Molina SWH – PDF,NY,2026-01-14 15:00:00,2026-01-15 16:39:00,Y,,,,25.65,25.65 Consecutive Business Hours,,,,,,0,0,0,0,1ec20560-8807-4492-9d1c-ce34767ee269,,PDF,RUS,2026-01-14T20:00:00Z,2026-01-15T21:39:00Z,,,,,,2026-08-22T16:11:12Z,2026-08-22T16:11:12Z
MOHE-260114-308,MHNY SWH STD Mbr Materials_28872b0a-0abd-4bd6-97c3-a732ab2f729f_ru,NY Molina SWH – PDF,NY,2026-01-14 15:00:00,2026-01-15 16:39:00,Y,,,,25.65,25.65 Consecutive Business Hours,,,,,,0,0,0,0,e19e8d8f-5bfc-4fe6-9c00-484a9757c6dc,2,PDF,RUS,2026-01-14T20:00:00Z,2026-01-15T21:39:00Z,,,,,,2026-08-22T16:11:12Z,2026-08-22T16:11:12Z
MOHE-260114-308,MHNY SWH STD Mbr Materials_b54a803a-ded8-4163-b4ca-d7d978c434d8_ru,NY Molina SWH – PDF,NY,2026-01-14 15:00:00,2026-01-15 16:39:00,Y,,,,25.65,25.65 Consecutive Business Hours,,,,,,0,0,0,0,8315ef08-69e4-48e7-9094-403d71a21663,,PDF,RUS,2026-01-14T20:00:00Z,2026-01-15T21:39:00Z,,,,,,2026-08-22T16:11:12Z,2026-08-22T16:11:12Z
MOHE-260114-308,MHNY SWH STD Mbr Materials_d5db1ced-6907-4f59-aec2-4e2531089723_ru,NY Molina SWH – PDF,NY,2026-01-14 15:00:00,2026-01-15 16:39:00,Y,,,,25.65,25.65 Consecutive Business Hours,,,,,,0,0,0,0,d1e51920-6d1b-4926-9329-bcce886a86e7,,PDF,RUS,2026-01-14T20:00:00Z,2026-01-15T21:39:00Z,,,,,,2026-08-22T16:11:12Z,2026-08-22T16:11:12Z
MOHE-260114-308,MHNY SWH STD Mbr Materials_d7cd7e30-0fc6-411f-b916-588720eb6c83_ru,NY Molina SWH – PDF,NY,2026-01-14 15:00:00,2026-01-15 16:39:00,Y,,,,25.65,25.65 Consecutive Business Hours,,,,,,0,0,0,0,c51a5ba2-2262-4f32-b037-d8f65c985102,5,PDF,RUS,2026-01-14T20:00:00Z,2026-01-15T21:39:00Z,,,,,,2026-08-22T16:11:12Z,2026-08-22T16:11:12Z
MOHE-260115-342,MHNY SWH STD Care Plan_2eb056cd-0816-4a44-a6f8-6dcc02534f4f_ru,NY Molina SWH – PDF,NY,2026-01-14 15:01:00,2026-01-16 13:12:00,Y,,,,46.18,46.18 Consecutive Business Hours,,3.7,551,66,13456,1.3,0.85,1.55,0,99fb8548-19ce-480b-a27e-6cb626e15d3b,,PDF,RUS,2026-01-14T20:01:00Z,2026-01-16T18:12:00Z,,,,,,2026-08-22T16:11:12Z,2026-08-22T16:11:12Z
MOHE-260115-342,MHNY SWH STD Care Plan_eb44365e-25d1-4fee-bb09-bacc4fa223ed_ru,NY Molina SWH – PDF,NY,2026-01-14 15:01:00,2026-01-16 13:12:00,Y,,,,46.18,46.18 Consecutive Business Hours,,,,,,0,0,0,0,c535f192-37ca-412b-afb5-153e73cf4bee,2,PDF,RUS,2026-01-14T20:01:00Z,2026-01-16T18:12:00Z,,,,,,2026-08-22T16:11:12Z,2026-08-22T16:11:12Z
MOHE-260115-342,MHNY SWH STD Mbr Materials_6ac12445-a996-4716-90af-b3c66cea21e5_ru,NY Molina SWH – PDF,NY,2026-01-14 15:01:00,2026-01-15 18:09:00,Y,,,,27.13,27.13 Consecutive Business Hours,,,,,,0,0,0,0,8a32649e-5366-4ff1-96c3-4f868fd8eb65,,PDF,RUS,2026-01-14T20:01:00Z,2026-01-15T23:09:00Z,,,,,,2026-08-22T16:11:12Z,2026-08-22T16:11:12Z
MOHE-260115-342,MHNY SWH STD Care Plan_7e122596-b4c4-4f3f-96a9-a66c981df3e1_ru,NY Molina SWH – PDF,NY,2026-01-14 20:01:00,2026-01-16 13:12:00,Y,,,,41.18,41.18 Consecutive Business Hours,,,,,,0,0,0,0,7ba73be1-b31c-4871-98f0-4d5e393dbda3,,PDF,RUS,2026-01-15T01:01:00Z,2026-01-16T18:12:00Z,,,,,,2026-08-22T16:11:12Z,2026-08-22T16:11:12Z
MOHE-260115-342,MHNY SWH STD Mbr Materials_0f4fe708-9472-4932-9589-0f454cc34010_ru,NY Molina SWH – PDF,NY,2026-01-14 20:01:00,2026-01-15 18:09:00,Y,,,,22.14,22.14 Consecutive Business Hours,,,,,,0,0,0,0,6c266f3c-ae98-4f45-8684-e48e424dba74,,PDF,RUS,2026-01-15T01:01:00Z,2026-01-15T23:09:00Z,,,,,,2026-08-22T16:11:12Z,2026-08-22T16:11:12Z
MOHE-260115-342,MHNY SWH STD Mbr Materials_cea0f77e-f2ce-4295-a221-3483768ec5b1_ru,NY Molina SWH – PDF,NY,2026-01-14 20:01:00,2026-01-16 13:12:00,Y,,,,41.18,41.18 Consecutive Business Hours,,,,,,0,0,0,0,5a8134d4-42d5-47b7-9061-e61942cff68d,2,PDF,RUS,2026-01-15T01:01:00Z,2026-01-16T18:12:00Z,,,,,,2026-08-22T16:11:12Z,2026-08-22T16:11:12Z
MOHE-260115-342,MHNY SWH STD Mbr Materials_ab7eb918-d4cb-4c0a-886d-4251d164fe13_ru,NY Molina SWH – PDF,NY,2026-01-15 00:00:00,2026-01-15 18:09:00,Y,,,,10.16,10.16 Consecutive Business Hours,,,,,,0,0,0,0,5581794e-372b-409f-a563-f3416f054bdb,,PDF,RUS,2026-01-15T05:00:00Z,2026-01-15T23:09:00Z,,,,,,2026-08-22T16:11:12Z,2026-08-22T16:11:12Z
MOHE-260115-342,MHNY SWH STD Mbr Materials_8d47004c-0104-4af5-9ccf-6765ce913d03_ru,NY Molina SWH – PDF,NY,2026-01-15 00:00:00,2026-01-15 18:09:00,Y,,,,10.16,10.16 Consecutive Business Hours,,,,,,0,0,0,0,5d35fbdb-5967-460b-a8fd-8c05e11473d4,2,PDF,RUS,2026-01-15T05:00:00Z,2026-01-15T23:09:00Z,,,,,,2026-08-22T16:11:12Z,2026-08-22T16:11:12Z
MOHE-260115-342,MHNY SWH STD Mbr Materials_498afce0-58cc-464b-96fb-de2dd6cd2743_ru,NY Molina SWH – PDF,NY,2026-01-15 00:00:00,2026-01-15 18:09:00,Y,,,,10.16,10.16 Consecutive Business Hours,,,,,,0,0,0,0,4f47613f-76bf-4a2e-b8be-0723e4eae63c,,PDF,RUS,2026-01-15T05:00:00Z,2026-01-15T23:09:00Z,,,,,,2026-08-22T16:11:12Z,2026-08-22T16:11:12Z
MOHE-260116-379,MHNY SWH STD Care Plan_985f1aff-17c7-4419-aff4-78408be9a24e_ru,NY Molina SWH – PDF,NY,2026-01-15 15:01:00,2026-01-16 17:54:00,Y,,,,26.89,26.89 Consecutive Business Hours,,2.2,46,18,13335,0.77,0.51,0.92,0,d7ca67cf-1b81-41aa-b015-c7cc2c0171d1,,PDF,RUS,2026-01-15T20:01:00Z,2026-01-16T22:54:00Z,,,,,,2026-08-22T16:11:12Z,2026-08-22T16:11:12Z
MOHE-260116-379,MHNY SWH STD Mbr Materials_678880f9-3983-4939-b6ba-578715c70009_ru,NY Molina SWH – PDF,NY,2026-01-15 16:00:00,2026-01-16 17:54:00,Y,,,,25.9,25.90 Consecutive Business Hours,,,,,,0,0,0,0,772d5b93-7380-47dc-aa69-f1832c70a6dc,,PDF,RUS,2026-01-15T21:00:00Z,2026-01-16T22:54:00Z,,,,,,2026-08-22T16:11:12Z,2026-08-22T16:11:12Z
MOHE-260116-379,MHNY SWH STD Care Plan_c2969be9-d288-4b56-85dd-5394174582bc_ru,NY Molina SWH – PDF,NY,2026-01-15 21:02:00,2026-01-16 17:54:00,Y,,,,9.91,9.91 Consecutive Business Hours,,,,,,0,0,0,0,b19ed5b0-95f7-4d6b-89e1-77f947d20007,,PDF,RUS,2026-01-16T02:02:00Z,2026-01-16T22:54:00Z,,,,,,2026-08-22T16:11:12Z,2026-08-22T16:11:12Z
MOHE-260119-429,MHNY SWH STD Care Plan_c5ee3f2a-2afc-48e6-8163-a3893a0c244b_ru,NY Molina SWH – PDF,NY,2026-01-16 15:02:00,2026-01-20 12:11:00,Y,,,,45.15,45.15 Consecutive Business Hours,,3.8,184,67,13554,1.33,0.87,1.6,0,2e07c8f4-5c8c-49dd-9527-a85d3225b339,2,PDF,RUS,2026-01-16T20:02:00Z,2026-01-20T17:11:00Z,,,,,,2026-08-22T16:11:12Z,2026-08-22T16:11:12Z
MOHE-260119-429,MHNY SWH STD Mbr Materials_68c7ee71-17e4-421f-a829-4d717920e0f6_ru,NY Molina SWH – PDF,NY,2026-01-16 15:02:00,2026-01-20 12:11:00,Y,,,,45.15,45.15 Consecutive Business Hours,,,,,,0,0,0,0,dfdbeae0-2648-4ae6-8377-7570f32f80db,,PDF,RUS,2026-01-16T20:02:00Z,2026-01-20T17:11:00Z,,,,,,2026-08-22T16:11:12Z,2026-08-22T16:11:12Z
MOHE-260119-429,MHNY SWH STD Mbr Materials_33badb9b-9efe-4cee-b973-05f240d5b35d_ru,NY Molina SWH – PDF,NY,2026-01-16 15:02:00,2026-01-20 12:11:00,Y,,,,45.15,45.15 Consecutive Business Hours,,,,,,0,0,0,0,1c74b935-e796-4e42-8a49-7ec778ea1349,,PDF,RUS,2026-01-16T20:02:00Z,2026-01-20T17:11:00Z,,,,,,2026-08-22T16:11:12Z,2026-08-22T16:11:12Z
MOHE-260119-429,MHNY SWH STD Mbr Materials_6f8955c6-867a-4ff7-88bd-15c56bc4c802_ru,NY Molina SWH – PDF,NY,2026-01-16 15:02:00,2026-01-20 12:11:00,Y,,,,45.15,45.15 Consecutive Business Hours,,,,,,0,0,0,0,fd118edd-245e-4f01-9701-6802a4a4b719,2,PDF,RUS,2026-01-16T20:02:00Z,2026-01-20T17:11:00Z,,,,,,2026-08-22T16:11:12Z,2026-08-22T16:11:12Z
MOHE-260119-429,MHNY SWH STD Mbr Materials_7ca1dbed-6bde-4288-80b1-e442c9c2c709_ru,NY Molina SWH – PDF,NY,2026-01-16 15:02:00,2026-01-20 12:11:00,Y,,,,45.15,45.15 Consecutive Business Hours,,,,,,0,0,0,0,8e02c23f-ca55-4f73-9286-772af1a137ce,,PDF,RUS,2026-01-16T20:02:00Z,2026-01-20T17:11:00Z,,,,,,2026-08-22T16:11:12Z,2026-08-22T16:11:12Z
MOHE-260119-429,MHNY SWH STD Mbr Materials_31fcd4ec-df40-48ac-a5f0-79dd9c9a0cd5_ru,NY Molina SWH – PDF,NY,2026-01-16 15:02:00,2026-01-20 12:11:00,Y,,,,45.15,45.15 Consecutive Business Hours,,,,,,0,0,0,0,1cdcbff1-fdc6-41f2-bb7c-bf892d602d78,,PDF,RUS,2026-01-16T20:02:00Z,2026-01-20T17:11:00Z,,,,,,2026-08-22T16:11:12Z,2026-08-22T16:11:12Z
MOHE-260119-429,MHNY SWH STD Advance Directive_2c985eef-e72f-40c6-afd7-67a68ea3c328_ru,NY Molina SWH – PDF,NY,2026-01-16 20:01:00,2026-01-20 12:11:00,Y,,,,40.18,40.18 Consecutive Business Hours,,,,,,0,0,0,0,3455aee4-907f-47af-917a-e215a528c843,2,PDF,RUS,2026-01-17T01:01:00Z,2026-01-20T17:11:00Z,,,,,,2026-08-22T16:11:12Z,2026-08-22T16:11:12Z
MOHE-260119-429,MHNY SWH STD Mbr Materials_ac672584-901f-49f3-90e6-f9c821af3d6c_ru,NY Molina SWH – PDF,NY,2026-01-16 21:00:00,2026-01-20 12:11:00,Y,,,,28.2,28.20 Consecutive Business Hours,,,,,,0,0,0,0,66e464a2-60dd-4937-9191-3027de3ba329,,PDF,RUS,2026-01-17T02:00:00Z,2026-01-20T17:11:00Z,,,,,,2026-08-22T16:11:12Z,2026-08-22T16:11:12Z
MOHE-260119-429,MHNY SWH STD Mbr Materials_99bdf53d-19ac-4726-8b98-1a1437035be0_ru,NY Molina SWH – PDF,NY,2026-01-18 17:00:00,2026-01-20 12:11:00,Y,,,,28.2,28.20 Consecutive Business Hours,,,,,,0,0,0,0,88b520a8-ac50-4bfe-943c-1ff407ec2ab2,,PDF,RUS,2026-01-18T22:00:00Z,2026-01-20T17:11:00Z,,,,,,2026-08-22T16:11:12Z,2026-08-22T16:11:12Z
MOHE-260119-429,MHNY SWH STD Mbr Materials_98c7fb77-f80b-4a8d-be96-777f468fb732_ru,NY Molina SWH – PDF,NY,2026-01-18 17:00:00,2026-01-20 12:11:00,Y,,,,28.2,28.20 Consecutive Business Hours,,,,,,0,0,0,0,c03c5618-ffc8-47da-a770-2246c1b23887,2,PDF,RUS,2026-01-18T22:00:00Z,2026-01-20T17:11:00Z,,,,,,2026-08-22T16:11:12Z,2026-08-22T16:11:12Z
MOHE-260119-429,MHNY SWH STD Mbr Materials_434d6bc2-388f-4d94-81bb-9eebf9a9b5c2_ru,NY Molina SWH – PDF,NY,2026-01-18 17:00:00,2026-01-20 12:11:00,Y,,,,28.2,28.20 Consecutive Business Hours,,,,,,0,0,0,0,677db5a2-dd35-4873-9c46-63ebd9d07da1,,PDF,RUS,2026-01-18T22:00:00Z,2026-01-20T17:11:00Z,,,,,,2026-08-22T16:11:12Z,2026-08-22T16:11:12Z
MOHE-260119-429,MHNY SWH STD Mbr Materials_68a37c0b-bd6a-4e8e-9d2b-fe6faedb61e1_ru,NY Molina SWH – PDF,NY,2026-01-18 17:01:00,2026-01-20 12:11:00,Y,,,,28.2,28.20 Consecutive Business Hours,,,,,,0,0,0,0,2f0d49e2-ce0a-414f-8b63-34946112414c,,PDF,RUS,2026-01-18T22:01:00Z,2026-01-20T17:11:00Z,,,,,,2026-08-22T16:11:12Z,2026-08-22T16:11:12Z
MOHE-260119-429,MHNY SWH STD Mbr Materials_86c5439f-4551-460e-823a-ecfc684d043a_ru,NY Molina SWH – PDF,NY,2026-01-18 17:01:00,2026-01-20 12:11:00,Y,,,,28.2,28.20 Consecutive Business Hours,,,,,,0,0,0,0,543e22c4-93e9-4be2-b0b7-5f4a790ef396,,PDF,RUS,2026-01-18T22:01:00Z,2026-01-20T17:11:00Z,,,,,,2026-08-22T16:11:12Z,2026-08-22T16:11:12Z
MOHE-260119-429,MHNY SWH STD Mbr Materials_91130f32-1ad3-482e-99e0-82df59bbfe21_ru,NY Molina SWH – PDF,NY,2026-01-18 17:01:00,2026-01-20 12:11:00,Y,,,,28.2,28.20 Consecutive Business Hours,,,,,,0,0,0,0,501f7fdd-24e4-4284-b3a5-99b03b9c68cd,2,PDF,RUS,2026-01-18T22:01:00Z,2026-01-20T17:11:00Z,,,,,,2026-08-22T16:11:12Z,2026-08-22T16:11:12Z
MOHE-260119-429,MHNY SWH STD Mbr Materials_004f07a3-ebb7-4108-bf67-4beb86a77a96_ru,NY Molina SWH – PDF,NY,2026-01-18 17:01:00,2026-01-20 12:11:00,Y,,,,28.19,28.19 Consecutive Business Hours,,,,,,0,0,0,0,a9b16b1a-1770-4c74-8871-c3e3f219c0b9,,PDF,RUS,2026-01-18T22:01:00Z,2026-01-20T17:11:00Z,,,,,,2026-08-22T16:11:12Z,2026-08-22T16:11:12Z
MOHE-260120-469,MHNY SWH STD Care Plan_02de0f3f-b3b3-437c-81eb-818b2aa28503_ru,NY Molina SWH – PDF,NY,2026-01-20 14:01:00,2026-01-21 16:19:00,Y,,,,26.3,26.30 Consecutive Business Hours,,1,53,9,5728,0.35,0.23,0.42,0,2b20e63e-b795-463c-ab58-82a38bf42854,,PDF,RUS,2026-01-20T19:01:00Z,2026-01-21T21:19:00Z,,,,,,2026-08-22T16:11:12Z,2026-08-22T16:11:12Z
MOHE-260121-478,MHNY SWH STD Mbr Materials_462b9f28-1c05-41ea-9d44-cd1c6d41bb5b_ru,NY Molina SWH – PDF,NY,2026-01-20 17:01:00,2026-01-21 19:31:00,Y,,,,26.5,26.50 Consecutive Business Hours,,,,,,0,0,0,0,ae11c4d9-65f8-4544-a08e-c64aa141b462,1,PDF,RUS,2026-01-20T22:01:00Z,2026-01-22T00:31:00Z,,,,,,2026-08-22T16:11:12Z,2026-08-22T16:11:12Z
MOHE-260121-478,MHNY SWH STD Mbr Materials_b5043a07-e2d5-4a28-be46-0b202ee45b08_ru,NY Molina SWH – PDF,NY,2026-01-20 17:01:00,2026-01-21 19:31:00,Y,,,,26.5,26.50 Consecutive Business Hours,,1.8,,,4859,0.63,0.41,0.76,0,5ff21383-a67f-4989-b184-adc32c521ef8,1,PDF,RUS,2026-01-20T22:01:00Z,2026-01-22T00:31:00Z,,,,,,2026-08-22T16:11:12Z,2026-08-22T16:11:12Z
MOHE-260121-478,MHNY SWH STD Mbr Materials_c0d52d01-ff1f-4aa4-9734-e52a9e0cbff3_ru,NY Molina SWH – PDF,NY,2026-01-20 17:01:00,2026-01-21 19:31:00,Y,,,,26.5,26.50 Consecutive Business Hours,,,,,,0,0,0,0,70489f2b-dac8-476e-85bc-1522c2d2009a,1,PDF,RUS,2026-01-20T22:01:00Z,2026-01-22T00:31:00Z,,,,,,2026-08-22T16:11:12Z,2026-08-22T16:11:12Z
MOHE-260121-478,MHNY SWH STD Mbr Materials_e47defe9-57c5-4f5f-b780-5fc325da0de5_ru,NY Molina SWH – PDF,NY,2026-01-20 20:01:00,2026-01-21 19:31:00,Y,,,,23.5,23.50 Consecutive Business Hours,,,,,,0,0,0,0,d04db224-d5d6-415a-9923-2df9584a4729,1,PDF,RUS,2026-01-21T01:01:00Z,2026-01-22T00:31:00Z,,,,,,2026-08-22T16:11:12Z,2026-08-22T16:11:12Z
MOHE-260121-478,MHNY SWH STD Advance Directive_e65c971f-a64d-4ea0-bb0e-68587cbbc51d_ru,NY Molina SWH – PDF,NY,2026-01-20 20:01:00,2026-01-21 19:31:00,Y,,,,23.5,23.50 Consecutive Business Hours,,,,,,0,0,0,0,f7c45a78-ecf0-4725-b998-6aa3e9881d6d,,PDF,RUS,2026-01-21T01:01:00Z,2026-01-22T00:31:00Z,,,,,,2026-08-22T16:11:12Z,2026-08-22T16:11:12Z
MOHE-260121-478,MHNY SWH STD Mbr Materials_2f0b6ddc-46e8-480f-9bc4-e59a1e4a2d05_ru,NY Molina SWH – PDF,NY,2026-01-21 02:00:00,2026-01-21 19:31:00,Y,,,,11.52,11.52 Consecutive Business Hours,,,,,,0,0,0,0,807a009b-6a6d-44e2-a556-c49e39ebf94e,1,PDF,RUS,2026-01-21T07:00:00Z,2026-01-22T00:31:00Z,,,,,,2026-08-22T16:11:12Z,2026-08-22T16:11:12Z
MOHE-260121-478,MHNY SWH STD Mbr Materials_31bb27be-403e-4028-a509-e838a6488db4_ru,NY Molina SWH – PDF,NY,2026-01-21 02:00:00,2026-01-21 19:31:00,Y,,,,11.52,11.52 Consecutive Business Hours,,,,,,0,0,0,0,9dfd91be-efa9-4b4d-b6a8-0ce610e7ef2e,1,PDF,RUS,2026-01-21T07:00:00Z,2026-01-22T00:31:00Z,,,,,,2026-08-22T16:11:12Z,2026-08-22T16:11:12Z
MOHE-260121-478,MHNY SWH STD Mbr Materials_a6691384-80f7-4fa7-8288-96511f80ebaf_ru,NY Molina SWH – PDF,NY,2026-01-21 02:00:00,2026-01-21 19:31:00,Y,,,,11.52,11.52 Consecutive Business Hours,,,,,,0,0,0,0,4d8adc41-e685-4ed7-aee9-1f0fe121ab3d,1,PDF,RUS,2026-01-21T07:00:00Z,2026-01-22T00:31:00Z,,,,,,2026-08-22T16:11:12Z,2026-08-22T16:11:12Z
MOHE-260121-478,MHNY SWH STD Mbr Materials_785af3ca-df97-480d-a9e9-314703031cf7_ru,NY Molina SWH – PDF,NY,2026-01-21 02:00:00,2026-01-21 19:31:00,Y,,,,11.52,11.52 Consecutive Business Hours,,,,,,0,0,0,0,3b75d95a-f1ec-49bd-8da4-6d82cf50c98d,1,PDF,RUS,2026-01-21T07:00:00Z,2026-01-22T00:31:00Z,,,,,,2026-08-22T16:11:12Z,2026-08-22T16:11:12Z
MOHE-260122-503,MHNY SWH STD Advance Directive_9c7c6a73-e312-4ce4-af15-34f2b4dc3d9b_ru,NY Molina SWH – PDF,NY,2026-01-21 20:01:00,2026-01-23 15:40:00,Y,,,,43.65,43.65 Consecutive Business Hours,,2,,,5453,0.7,0.46,0.84,0,90fa16aa-b2ef-4bab-8218-6897d47201d9,1,PDF,RUS,2026-01-22T01:01:00Z,2026-01-23T20:40:00Z,,,,,,2026-08-22T16:11:12Z,2026-08-22T16:11:12Z
MOHE-260122-503,MHNY SWH STD Advance Directive_31ea0372-f2e1-4d93-8ab1-a9d15b49c914_ru,NY Molina SWH – PDF,NY,2026-01-21 20:01:00,2026-01-23 15:40:00,Y,,,,43.65,43.65 Consecutive Business Hours,,,,,,0,0,0,0,261542fa-dfa5-4b70-ac3d-7b13b8e93e5d,,PDF,RUS,2026-01-22T01:01:00Z,2026-01-23T20:40:00Z,,,,,,2026-08-22T16:11:12Z,2026-08-22T16:11:12Z
MOHE-260122-503,MHNY SWH STD Mbr Materials_5f42a7ec-bd46-4a56-9e05-f3b3ce907be9_ru,NY Molina SWH – PDF,NY,2026-01-21 20:01:00,2026-01-23 15:40:00,Y,,,,43.65,43.65 Consecutive Business Hours,,,,,,0,0,0,0,4636fc41-a12a-4734-b95e-cacc2ae0be0b,,PDF,RUS,2026-01-22T01:01:00Z,2026-01-23T20:40:00Z,,,,,,2026-08-22T16:11:12Z,2026-08-22T16:11:12Z
MOHE-260122-503,MHNY SWH STD Mbr Materials_8ce42b47-d190-4a65-b4cf-80260b4ecf80_ru,NY Molina SWH – PDF,NY,2026-01-21 20:01:00,2026-01-23 15:40:00,Y,,,,43.65,43.65 Consecutive Business Hours,,,,,,0,0,0,0,c44a9c37-2858-4928-96ad-7ca07cba0d6d,1,PDF,RUS,2026-01-22T01:01:00Z,2026-01-23T20:40:00Z,,,,,,2026-08-22T16:11:12Z,2026-08-22T16:11:12Z
MOHE-260122-503,MHNY SWH STD Mbr Materials_9f68be22-c3b1-460f-8359-381f50ca6442_ru,NY Molina SWH – PDF,NY,2026-01-21 20:01:00,2026-01-23 15:40:00,Y,,,,43.65,43.65 Consecutive Business Hours,,,,,,0,0,0,0,62202189-36e0-4cfa-8e3d-14359172395d,1,PDF,RUS,2026-01-22T01:01:00Z,2026-01-23T20:40:00Z,,,,,,2026-08-22T16:11:12Z,2026-08-22T16:11:12Z
MOHE-260122-503,MHNY SWH STD Mbr Materials_62f9ac10-23d6-43b4-996d-9e8dd9b18dd2_ru,NY Molina SWH – PDF,NY,2026-01-21 20:01:00,2026-01-23 15:40:00,Y,,,,43.65,43.65 Consecutive Business Hours,,,,,,0,0,0,0,ca32bf58-f611-4e73-93b7-b8d5004ab98d,1,PDF,RUS,2026-01-22T01:01:00Z,2026-01-23T20:40:00Z,,,,,,2026-08-22T16:11:12Z,2026-08-22T16:11:12Z
MOHE-260122-503,MHNY SWH STD Mbr Materials_4325a7f3-e05b-4655-8447-df7b0d98cd15_ru,NY Molina SWH – PDF,NY,2026-01-21 20:01:00,2026-01-23 15:40:00,Y,,,,43.65,43.65 Consecutive Business Hours,,,,,,0,0,0,0,1b531057-105f-49d8-a643-37e7eb6de6d9,1,PDF,RUS,2026-01-22T01:01:00Z,2026-01-23T20:40:00Z,,,,,,2026-08-22T16:11:12Z,2026-08-22T16:11:12Z
MOHE-260122-503,MHNY SWH STD Mbr Materials_c7ab44a3-5050-4b48-8cb4-027e20f0b7e3_ru,NY Molina SWH – PDF,NY,2026-01-21 20:01:00,2026-01-23 15:40:00,Y,,,,43.65,43.65 Consecutive Business Hours,,,,,,0,0,0,0,bf19e198-2c40-4e44-9462-f453f52bb6ca,1,PDF,RUS,2026-01-22T01:01:00Z,2026-01-23T20:40:00Z,,,,,,2026-08-22T16:11:12Z,2026-08-22T16:11:12Z
MOHE-260122-503,MHNY SWH STD Mbr Materials_c40d8cdf-6205-450d-b341-241b9c051e46_ru,NY Molina SWH – PDF,NY,2026-01-21 20:01:00,2026-01-23 15:40:00,Y,,,,43.65,43.65 Consecutive Business Hours,,,,,,0,0,0,0,eff53c1c-37e7-4158-943b-ea9cce90975d,,PDF,RUS,2026-01-22T01:01:00Z,2026-01-23T20:40:00Z,,,,,,2026-08-22T16:11:12Z,2026-08-22T16:11:12Z
MOHE-260122-503,MHNY SWH STD Mbr Materials_cc7968df-dac2-425a-a818-d5ec80082288_ru,NY Molina SWH – PDF,NY,2026-01-21 20:01:00,2026-01-23 15:40:00,Y,,,,43.65,43.65 Consecutive Business Hours,,,,,,0,0,0,0,9c03a26a-f314-44d0-b12c-5a20999df8e3,,PDF,RUS,2026-01-22T01:01:00Z,2026-01-23T20:40:00Z,,,,,,2026-08-22T16:11:12Z,2026-08-22T16:11:12Z
MOHE-260122-503,MHNY SWH STD Mbr Materials_d216979e-8b18-4352-a2c6-5c2512afe0a4_ru,NY Molina SWH – PDF,NY,2026-01-21 20:01:00,2026-01-22 17:24:00,Y,,,,21.38,21.38 Consecutive Business Hours,,1.4,,,3611,0.49,0.32,0.59,0,6d4bf280-f16b-48ba-8db8-0a5a456ae156,,PDF,RUS,2026-01-22T01:01:00Z,2026-01-22T22:24:00Z,,,,,,2026-08-22T16:11:12Z,2026-08-22T16:11:12Z
MOHE-260122-503,MHNY SWH STD Mbr Materials_dc2a1cb4-4828-4e75-a032-8593a9dde236_ru,NY Molina SWH – PDF,NY,2026-01-21 20:01:00,2026-01-22 17:24:00,Y,,,,21.37,21.37 Consecutive Business Hours,,,,,,0,0,0,0,c9f2763b-b200-4652-9cc0-97d2be7d0a31,1,PDF,RUS,2026-01-22T01:01:00Z,2026-01-22T22:24:00Z,,,,,,2026-08-22T16:11:12Z,2026-08-22T16:11:12Z
MOHE-260122-503,MHNY SWH STD Mbr Materials_fee48675-8a2a-4732-9549-e1bdb1e1b1c8_ru,NY Molina SWH – PDF,NY,2026-01-21 20:01:00,2026-01-22 17:24:00,Y,,,,21.38,21.38 Consecutive Business Hours,,,,,,0,0,0,0,69100702-37a4-4927-814a-e7e33388813a,1,PDF,RUS,2026-01-22T01:01:00Z,2026-01-22T22:24:00Z,,,,,,2026-08-22T16:11:12Z,2026-08-22T16:11:12Z
MOHE-260122-503,MHNY SWH STD Mbr Materials_203d6d25-c470-411a-a171-2bad0407ad3d_ru,NY Molina SWH – PDF,NY,2026-01-21 23:01:00,2026-01-22 17:23:00,Y,,,,9.4,9.40 Consecutive Business Hours,,,,,,0,0,0,0,8d82c51f-8fa4-43de-8db6-983b837b5e03,,PDF,RUS,2026-01-22T04:01:00Z,2026-01-22T22:23:00Z,,,,,,2026-08-22T16:11:12Z,2026-08-22T16:11:12Z
MOHE-260122-503,MHNY SWH STD Mbr Materials_7a648379-8d19-4310-8852-a271bbd6f490_ru,NY Molina SWH – PDF,NY,2026-01-21 23:01:00,2026-01-22 17:24:00,Y,,,,9.4,9.40 Consecutive Business Hours,,,,,,0,0,0,0,133f1b09-6e14-4a0d-abc8-5955131c4192,1,PDF,RUS,2026-01-22T04:01:00Z,2026-01-22T22:24:00Z,,,,,,2026-08-22T16:11:12Z,2026-08-22T16:11:12Z
MOHE-260122-503,MHNY SWH STD Mbr Materials_b52bb341-fccb-41f5-905d-6b9ba312d619_ru,NY Molina SWH – PDF,NY,2026-01-21 23:01:00,2026-01-22 17:24:00,Y,,,,9.4,9.40 Consecutive Business Hours,,,,,,0,0,0,0,b899b6f6-cb92-461f-bc82-3dcf7c24c602,1,PDF,RUS,2026-01-22T04:01:00Z,2026-01-22T22:24:00Z,,,,,,2026-08-22T16:11:12Z,2026-08-22T16:11:12Z
MOHE-260122-503,MHNY SWH STD Mbr Materials_d53f117b-60e5-4537-a863-a22d488a5964_ru,NY Molina SWH – PDF,NY,2026-01-21 23:01:00,2026-01-22 17:24:00,Y,,,,9.4,9.40 Consecutive Business Hours,,,,,,0,0,0,0,8ac70963-52d1-4663-aa4c-137eaa305a85,1,PDF,RUS,2026-01-22T04:01:00Z,2026-01-22T22:24:00Z,,,,,,2026-08-22T16:11:12Z,2026-08-22T16:11:12Z
MOHE-260123-541,MHNY SWH STD Mbr Materials_f3614d18-1657-40e7-9964-e977c6d5ab22_ru,NY Molina SWH – PDF,NY,2026-01-22 17:01:00,2026-01-23 13:15:00,Y,,,,20.22,20.22 Consecutive Business Hours,,1,0,0,2797,0.35,0.23,0.42,0,a7ed0766-2c48-4d35-a71f-f15f3d18f267,1,PDF,RUS,2026-01-22T22:01:00Z,2026-01-23T18:15:00Z,,,,,,2026-08-22T16:11:12Z,2026-08-22T16:11:12Z
MOHE-260123-541,MHNY SWH STD Advance Directive_15236a07-52da-46a9-9d69-1dec5d5c2e19_ru,NY Molina SWH – PDF,NY,2026-01-22 20:01:00,2026-01-23 13:15:00,Y,,,,17.22,17.22 Consecutive Business Hours,,,,,,0,0,0,0,c6c6c7d1-a3b7-4519-bdc7-e63c5c278bbb,,PDF,RUS,2026-01-23T01:01:00Z,2026-01-23T18:15:00Z,,,,,,2026-08-22T16:11:12Z,2026-08-22T16:11:12Z
MOHE-260123-541,MHNY SWH STD Mbr Materials_a95816d3-1325-4fe4-9648-ee35c5a40e80_ru,NY Molina SWH – PDF,NY,2026-01-22 20:01:00,2026-01-23 13:15:00,Y,,,,17.22,17.22 Consecutive Business Hours,,,,,,0,0,0,0,31313338-6d65-49e5-ace9-bafa84e7cadd,,PDF,RUS,2026-01-23T01:01:00Z,2026-01-23T18:15:00Z,,,,,,2026-08-22T16:11:12Z,2026-08-22T16:11:12Z
MOHE-260123-541,MHNY SWH STD Advance Directive_4dbcb5fd-ca6c-4e72-9402-e1b48d1cd182_ru,NY Molina SWH – PDF,NY,2026-01-22 20:01:00,2026-01-23 13:15:00,Y,,,,17.22,17.22 Consecutive Business Hours,,,,,,0,0,0,0,99b3c441-83f6-485e-bdc5-87293c37fd98,,PDF,RUS,2026-01-23T01:01:00Z,2026-01-23T18:15:00Z,,,,,,2026-08-22T16:11:12Z,2026-08-22T16:11:12Z
MOHE-260123-541,MHNY SWH STD Mbr Materials_f8532c58-8527-4665-a56b-56731266931b_ru,NY Molina SWH – PDF,NY,2026-01-22 20:01:00,2026-01-23 13:15:00,Y,,,,17.22,17.22 Consecutive Business Hours,,,,,,0,0,0,0,bd1c7030-04c7-41ee-aad4-d6aa5b1f618e,1,PDF,RUS,2026-01-23T01:01:00Z,2026-01-23T18:15:00Z,,,,,,2026-08-22T16:11:12Z,2026-08-22T16:11:12Z
MOHE-260123-541,MHNY SWH STD Care Plan_bde2690c-98f3-4a28-b237-ddf1c5be7dde_ru,NY Molina SWH – PDF,NY,2026-01-22 17:01:00,2026-01-26 15:02:00,Y,,,,46.02,46.02 Consecutive Business Hours,,1.15,11,68,3390,0.4,0.26,0.48,0,e74b22dc-0b20-4cee-832a-0191f60dbe2d,,PDF,RUS,2026-01-22T22:01:00Z,2026-01-26T20:02:00Z,,,,,,2026-08-22T16:11:12Z,2026-08-22T16:11:12Z
MOHE-260123-541,MHNY SWH STD Advance Directive_516e012c-ed97-423a-9ae9-7f97218a353a_ru,NY Molina SWH – PDF,NY,2026-01-23 14:01:00,2026-01-26 15:02:00,Y,,,,25.02,25.02 Consecutive Business Hours,,,,,,0,0,0,0,af9b23b4-d0a5-4326-b8d5-037ac91faef4,1,PDF,RUS,2026-01-23T19:01:00Z,2026-01-26T20:02:00Z,,,,,,2026-08-22T16:11:12Z,2026-08-22T16:11:12Z
MOHE-260123-541,MHNY SWH STD Mbr Materials_c0ee37a4-e0bb-4d28-b033-68f8a28ec242_ru,NY Molina SWH – PDF,NY,2026-01-23 14:01:00,2026-01-26 15:02:00,Y,,,,25.02,25.02 Consecutive Business Hours,,,,,,0,0,0,0,d71a1854-c1c8-4278-8773-1c6004152928,,PDF,RUS,2026-01-23T19:01:00Z,2026-01-26T20:02:00Z,,,,,,2026-08-22T16:11:12Z,2026-08-22T16:11:12Z
MOHE-260126-599,MHNY SWH STD Care Plan_3805298b-aed8-458c-b5da-976665c4819b_ru,NY Molina SWH – PDF,NY,2026-01-23 20:01:00,2026-01-27 16:25:00,Y,,,,44.4,44.40 Consecutive Business Hours,,2.15,66,142,6092,0.75,0.49,0.9,0,091e3bf8-c8ec-49be-a4a2-6241d8599697,1,PDF,RUS,2026-01-24T01:01:00Z,2026-01-27T21:25:00Z,,,,,,2026-08-22T16:11:12Z,2026-08-22T16:11:12Z
MOHE-260126-599,MHNY SWH STD Mbr Materials_918c167b-dd58-4a4a-a89b-4a155a5ad376_ru,NY Molina SWH – PDF,NY,2026-01-23 20:01:00,2026-01-27 16:25:00,Y,,,,44.4,44.40 Consecutive Business Hours,,,,,,0,0,0,0,fcef9f83-45d5-4668-9301-d5bf35e71035,,PDF,RUS,2026-01-24T01:01:00Z,2026-01-27T21:25:00Z,,,,,,2026-08-22T16:11:12Z,2026-08-22T16:11:12Z
MOHE-260126-599,MHNY SWH STD Mbr Materials_93466ffe-34db-4607-a391-43c4102a578d_ru,NY Molina SWH – PDF,NY,2026-01-23 20:01:00,2026-01-27 16:25:00,Y,,,,44.4,44.40 Consecutive Business Hours,,,,,,0,0,0,0,cca02ef3-e89e-4732-bca0-38777688d2ca,,PDF,RUS,2026-01-24T01:01:00Z,2026-01-27T21:25:00Z,,,,,,2026-08-22T16:11:12Z,2026-08-22T16:11:12Z
MOHE-260126-599,MHNY SWH STD Mbr Materials_21d05eaf-411b-4702-b9f7-bedb642141ac_ru,NY Molina SWH – PDF,NY,2026-01-23 21:00:00,2026-01-27 16:25:00,Y,,,,32.42,32.42 Consecutive Business Hours,,,,,,0,0,0,0,bdedcd19-fb7f-4c11-8a8b-d65c40bd1bb2,,PDF,RUS,2026-01-24T02:00:00Z,2026-01-27T21:25:00Z,,,,,,2026-08-22T16:11:12Z,2026-08-22T16:11:12Z
MOHE-260126-599,MHNY SWH STD Mbr Materials_320c1281-98a9-4354-b27e-e832539cba43_ru,NY Molina SWH – PDF,NY,2026-01-23 23:01:00,2026-01-27 16:25:00,Y,,,,32.42,32.42 Consecutive Business Hours,,,,,,0,0,0,0,49a10508-23b6-4307-8b2f-506070274ed2,1,PDF,RUS,2026-01-24T04:01:00Z,2026-01-27T21:25:00Z,,,,,,2026-08-22T16:11:12Z,2026-08-22T16:11:12Z
MOHE-260126-599,MHNY SWH STD Mbr Materials_3591a553-61cd-42d9-a3a6-73e05bd2d7fb_ru,NY Molina SWH – PDF,NY,2026-01-23 23:01:00,2026-01-27 16:25:00,Y,,,,32.42,32.42 Consecutive Business Hours,,,,,,0,0,0,0,fdfb5f66-3fca-423a-a947-1a1e1b17298b,,PDF,RUS,2026-01-24T04:01:00Z,2026-01-27T21:25:00Z,,,,,,2026-08-22T16:11:12Z,2026-08-22T16:11:12Z
MOHE-260126-599,MHNY SWH STD Mbr Materials_849ad917-4d11-4c1b-a5f1-58f87ad4b777_ru,NY Molina SWH – PDF,NY,2026-01-23 23:01:00,2026-01-27 16:25:00,Y,,,,32.42,32.42 Consecutive Business Hours,,,,,,0,0,0,0,a4e44bfa-cd4d-44dd-b058-daa33ce31417,1,PDF,RUS,2026-01-24T04:01:00Z,2026-01-27T21:25:00Z,,,,,,2026-08-22T16:11:12Z,2026-08-22T16:11:12Z
MOHE-260126-599,MHNY SWH STD Mbr Materials_9449a26b-cf40-4cf0-9f80-d217fd066675_ru,NY Molina SWH – PDF,NY,2026-01-23 23:01:00,2026-01-27 16:25:00,Y,,,,32.42,32.42 Consecutive Business Hours,,,,,,0,0,0,0,f2c8cd2b-3ee2-4493-a9eb-6bfee2c64cdb,1,PDF,RUS,2026-01-24T04:01:00Z,2026-01-27T21:25:00Z,,,,,,2026-08-22T16:11:12Z,2026-08-22T16:11:12Z
MOHE-260126-599,MHNY SWH STD Mbr Materials_ac53186b-5be9-46b7-afdf-292a3f21b5ae_ru,NY Molina SWH – PDF,NY,2026-01-23 20:01:00,2026-01-26 15:08:00,Y,,,,19.12,19.12 Consecutive Business Hours,,1.2,,,3321,0.42,0.28,0.5,0,4e1e8a10-4445-42ed-932d-c9f6621054be,1,PDF,RUS,2026-01-24T01:01:00Z,2026-01-26T20:08:00Z,,,,,,2026-08-22T16:11:12Z,2026-08-22T16:11:12Z
MOHE-260126-599,MHNY SWH STD Mbr Materials_b436e71a-4cc0-4d5b-9a1b-1cb5ca8932fa_ru,NY Molina SWH – PDF,NY,2026-01-23 20:01:00,2026-01-26 15:08:00,Y,,,,19.12,19.12 Consecutive Business Hours,,,,,,0,0,0,0,13cab2f3-aada-40a2-bed6-837a88c447fd,1,PDF,RUS,2026-01-24T01:01:00Z,2026-01-26T20:08:00Z,,,,,,2026-08-22T16:11:12Z,2026-08-22T16:11:12Z
MOHE-260126-599,MHNY SWH STD Mbr Materials_c2464bb8-e7b9-4b90-91c5-b4799e9b2b58_ru,NY Molina SWH – PDF,NY,2026-01-23 20:01:00,2026-01-26 15:08:00,Y,,,,19.12,19.12 Consecutive Business Hours,,,,,,0,0,0,0,e331fb83-a580-4dbf-8051-be62dabae486,1,PDF,RUS,2026-01-24T01:01:00Z,2026-01-26T20:08:00Z,,,,,,2026-08-22T16:11:12Z,2026-08-22T16:11:12Z
MOHE-260126-599,MHNY SWH STD Mbr Materials_e82d473f-b409-44e3-9a78-82d52ea1b53f_ru,NY Molina SWH – PDF,NY,2026-01-23 20:01:00,2026-01-26 15:08:00,Y,,,,19.12,19.12 Consecutive Business Hours,,,,,,0,0,0,0,55d7e387-ab83-4b1d-91dd-ca27470c8195,1,PDF,RUS,2026-01-24T01:01:00Z,2026-01-26T20:08:00Z,,,,,,2026-08-22T16:11:12Z,2026-08-22T16:11:12Z
MOHE-260126-599,MHNY SWH STD Mbr Materials_b07c946b-0416-467e-ba22-ef0d3b60e773_ru,NY Molina SWH – PDF,NY,2026-01-23 23:01:00,2026-01-26 15:08:00,Y,,,,7.15,7.15 Consecutive Business Hours,,,,,,0,0,0,0,77aef656-3db1-4f2a-a61d-88b1a713fed4,2,PDF,RUS,2026-01-24T04:01:00Z,2026-01-26T20:08:00Z,,,,,,2026-08-22T16:11:12Z,2026-08-22T16:11:12Z
MOHE-260126-599,MHNY SWH STD Mbr Materials_e3220e1a-41a3-4d1c-a8ca-4ad5bc34e65c_ru,NY Molina SWH – PDF,NY,2026-01-23 23:01:00,2026-01-26 15:08:00,Y,,,,7.15,7.15 Consecutive Business Hours,,,,,,0,0,0,0,1a9d28c5-f966-4410-8b52-f664a2bba882,2,PDF,RUS,2026-01-24T04:01:00Z,2026-01-26T20:08:00Z,,,,,,2026-08-22T16:11:12Z,2026-08-22T16:11:12Z
MOHE-260127-612,MHNY SWH STD Care Plan_be7136c2-c958-4108-b6d8-9d10bb7cc384_ru,NY Molina SWH – PDF,NY,2026-01-26 14:02:00,2026-01-27 17:49:00,Y,,,,27.78,27.78 Consecutive Business Hours,,3.8,169,263,18628,1.33,0.87,1.6,0,0055ce84-b3d3-495e-a8a1-b9bf2e823fbd,2,PDF,RUS,2026-01-26T19:02:00Z,2026-01-27T22:49:00Z,,,,,,2026-08-22T16:11:12Z,2026-08-22T16:11:12Z
MOHE-260127-612,MHNY SWH STD Advance Directive_6f8b7cb3-fb74-484d-8e29-07d2b799bb81_ru,NY Molina SWH – PDF,NY,2026-01-26 14:02:00,2026-01-27 17:49:00,Y,,,,27.77,27.77 Consecutive Business Hours,,,,,,0,0,0,0,8464a8d8-069e-48b1-a5be-202a74db695a,2,PDF,RUS,2026-01-26T19:02:00Z,2026-01-27T22:49:00Z,,,,,,2026-08-22T16:11:12Z,2026-08-22T16:11:12Z
MOHE-260127-612,MHNY SWH STD Mbr Materials_a1131fe7-b9f9-4879-b55e-c5274bd31202_ru,NY Molina SWH – PDF,NY,2026-01-26 14:02:00,2026-01-27 17:49:00,Y,,,,27.78,27.78 Consecutive Business Hours,,,,,,0,0,0,0,9d2e2f46-ac6c-43fe-875b-01d2b07a83a5,2,PDF,RUS,2026-01-26T19:02:00Z,2026-01-27T22:49:00Z,,,,,,2026-08-22T16:11:12Z,2026-08-22T16:11:12Z
MOHE-260127-612,MHNY SWH STD Advance Directive_889a1076-0455-4f42-8406-9b3b75194764_ru,NY Molina SWH – PDF,NY,2026-01-26 14:02:00,2026-01-27 17:49:00,Y,,,,27.77,27.77 Consecutive Business Hours,,,,,,0,0,0,0,503d95dd-6659-4751-b095-f281d1887702,2,PDF,RUS,2026-01-26T19:02:00Z,2026-01-27T22:49:00Z,,,,,,2026-08-22T16:11:12Z,2026-08-22T16:11:12Z
MOHE-260127-612,MHNY SWH STD Care Plan_2ffba7ff-da82-4942-a274-70740d35b32b_ru,NY Molina SWH – PDF,NY,2026-01-26 14:02:00,2026-01-27 17:49:00,Y,,,,27.77,27.77 Consecutive Business Hours,,,,,,0,0,0,0,e696f846-8cdc-491a-ad7a-75f63df03bb3,2,PDF,RUS,2026-01-26T19:02:00Z,2026-01-27T22:49:00Z,,,,,,2026-08-22T16:11:12Z,2026-08-22T16:11:12Z
MOHE-260127-612,MHNY SWH STD Advance Directive_6ac4fda1-dbec-45e5-aaae-db69fc504587_ru,NY Molina SWH – PDF,NY,2026-01-26 15:01:00,2026-01-27 17:49:00,Y,,,,26.8,26.80 Consecutive Business Hours,,,,,,0,0,0,0,3c401f96-6a36-459f-ad3e-abfecdb98c5e,2,PDF,RUS,2026-01-26T20:01:00Z,2026-01-27T22:49:00Z,,,,,,2026-08-22T16:11:12Z,2026-08-22T16:11:12Z
MOHE-260127-612,MHNY SWH STD Mbr Materials_28fd223e-3f0c-4e22-b826-5f7d39d67ea4_ru,NY Molina SWH – PDF,NY,2026-01-26 20:01:00,2026-01-27 17:49:00,Y,,,,21.79,21.79 Consecutive Business Hours,,,,,,0,0,0,0,20b6d6e8-c2a4-422a-b4f0-d4df0f829f04,2,PDF,RUS,2026-01-27T01:01:00Z,2026-01-27T22:49:00Z,,,,,,2026-08-22T16:11:12Z,2026-08-22T16:11:12Z
MOHE-260127-612,MHNY SWH STD Advance Directive_a0e6753c-da9c-4914-87e9-3a0f6d7c8531_ru,NY Molina SWH – PDF,NY,2026-01-26 20:01:00,2026-01-27 17:49:00,Y,,,,21.79,21.79 Consecutive Business Hours,,,,,,0,0,0,0,e922ae48-1dea-418c-ac7a-a07f8d2481a6,2,PDF,RUS,2026-01-27T01:01:00Z,2026-01-27T22:49:00Z,,,,,,2026-08-22T16:11:12Z,2026-08-22T16:11:12Z
MOHE-260127-612,MHNY SWH STD Mbr Materials_e73acfc1-0b69-4276-a867-4ff6876d52e8_ru,NY Molina SWH – PDF,NY,2026-01-26 21:00:00,2026-01-27 17:49:00,Y,,,,9.82,9.82 Consecutive Business Hours,,,,,,0,0,0,0,7927dad6-9bbe-4427-80b5-f740c77bc8fd,,PDF,RUS,2026-01-27T02:00:00Z,2026-01-27T22:49:00Z,,,,,,2026-08-22T16:11:12Z,2026-08-22T16:11:12Z
MOHE-260127-612,MHNY SWH STD Mbr Materials_5826fee8-16fa-4ab4-be85-9e4e15e58028_ru,NY Molina SWH – PDF,NY,2026-01-26 23:00:00,2026-01-27 17:49:00,Y,,,,9.82,9.82 Consecutive Business Hours,,,,,,0,0,0,0,d5bed47b-e4c8-4d41-ae02-4169d61182cf,,PDF,RUS,2026-01-27T04:00:00Z,2026-01-27T22:49:00Z,,,,,,2026-08-22T16:11:12Z,2026-08-22T16:11:12Z
MOHE-260127-612,MHNY SWH STD Mbr Materials_fec7ab44-a992-406a-a03f-453c936a1028_ru,NY Molina SWH – PDF,NY,2026-01-26 23:00:00,2026-01-27 17:49:00,Y,,,,9.82,9.82 Consecutive Business Hours,,,,,,0,0,0,0,94422039-1eed-415c-af43-e83379052648,,PDF,RUS,2026-01-27T04:00:00Z,2026-01-27T22:49:00Z,,,,,,2026-08-22T16:11:12Z,2026-08-22T16:11:12Z
MOHE-260128-654,MHNY SWH STD Care Plan_a886a277-5852-4dce-835a-d1a0923fd0c2_ru,NY Molina SWH – PDF,NY,2026-01-27 20:00:00,2026-01-29 16:23:00,Y,,,,44.39,44.39 Consecutive Business Hours,,1.55,81,98,4260,0.54,0.36,0.65,0,78fb9732-a3cb-48f6-b254-b9a469a7506b,,PDF,RUS,2026-01-28T01:00:00Z,2026-01-29T21:23:00Z,,,,,,2026-08-22T16:11:12Z,2026-08-22T16:11:12Z
MOHE-260128-654,MHNY SWH STD Mbr Materials_65524819-bc04-44dc-8eb9-8e0a14f39556_ru,NY Molina SWH – PDF,NY,2026-01-27 20:00:00,2026-01-29 16:23:00,Y,,,,44.4,44.40 Consecutive Business Hours,,,,,,0,0,0,0,31fc433e-10b9-43cd-89b6-f5b53601fb5b,,PDF,RUS,2026-01-28T01:00:00Z,2026-01-29T21:23:00Z,,,,,,2026-08-22T16:11:12Z,2026-08-22T16:11:12Z
MOHE-260128-654,MHNY SWH STD Mbr Materials_996af283-577a-4860-ab36-f5c65c0f5619_ru,NY Molina SWH – PDF,NY,2026-01-27 20:00:00,2026-01-29 16:23:00,Y,,,,44.4,44.40 Consecutive Business Hours,,,,,,0,0,0,0,ae7de415-e9d9-4fb8-8840-062e881424a8,,PDF,RUS,2026-01-28T01:00:00Z,2026-01-29T21:23:00Z,,,,,,2026-08-22T16:11:12Z,2026-08-22T16:11:12Z
MOHE-260128-654,MHNY SWH STD Mbr Materials_f9d22bbb-7945-4385-beda-b6e8e96e2ffa_ru,NY Molina SWH – PDF,NY,2026-01-27 20:00:00,2026-01-29 16:23:00,Y,,,,44.39,44.39 Consecutive Business Hours,,,,,,0,0,0,0,4f3bbf67-f1f1-44a4-a5b2-e5f50d068830,,PDF,RUS,2026-01-28T01:00:00Z,2026-01-29T21:23:00Z,,,,,,2026-08-22T16:11:12Z,2026-08-22T16:11:12Z
MOHE-260128-654,MHNY SWH STD Mbr Materials_4c501726-1414-4f4c-89de-36d0da169d29_ru,NY Molina SWH – PDF,NY,2026-01-27 23:01:00,2026-01-29 16:23:00,Y,,,,32.39,32.39 Consecutive Business Hours,,,,,,0,0,0,0,6f08d5ba-8f96-411c-871d-0525d312112b,,PDF,RUS,2026-01-28T04:01:00Z,2026-01-29T21:23:00Z,,,,,,2026-08-22T16:11:12Z,2026-08-22T16:11:12Z
MOHE-260129-689,MHNY SWH STD Mbr Materials_d4ffd7a4-f47f-452e-a2e4-c683f68a2aa2_ru,NY Molina SWH – PDF,NY,2026-01-28 15:01:00,2026-01-30 15:35:00,Y,,,,48.56,48.56 Consecutive Business Hours,,1.4,,,3922,0.49,0.32,0.59,0,4ab76966-40d5-401c-871f-db66b59405b3,2,PDF,RUS,2026-01-28T20:01:00Z,2026-01-30T20:35:00Z,,,,,,2026-08-22T16:11:12Z,2026-08-22T16:11:12Z
MOHE-260129-689,MHNY SWH STD UTC_5871862e-6c18-48f2-a0bf-7946aaedfac6_ru,NY Molina SWH – PDF,NY,2026-01-28 21:00:00,2026-01-30 15:35:00,Y,,,,31.59,31.59 Consecutive Business Hours,,,,,,0,0,0,0,8d825dd3-ff7c-4e1c-97b1-a69f8b7b6644,5,PDF,RUS,2026-01-29T02:00:00Z,2026-01-30T20:35:00Z,,,,,,2026-08-22T16:11:12Z,2026-08-22T16:11:12Z
MOHE-260129-689,MHNY SWH STD Mbr Materials_ab388e1e-e97f-4f07-ae2a-5c936de530b7_ru,NY Molina SWH – PDF,NY,2026-01-28 23:00:00,2026-01-30 15:35:00,Y,,,,31.59,31.59 Consecutive Business Hours,,,,,,0,0,0,0,320eec2c-ccdd-4f3c-bf39-cbd294781d1e,,PDF,RUS,2026-01-29T04:00:00Z,2026-01-30T20:35:00Z,,,,,,2026-08-22T16:11:12Z,2026-08-22T16:11:12Z
MOHE-260129-689,MHNY SWH STD Mbr Materials_d2b829cc-66f1-4c45-9e05-b0d06cff2f40_ru,NY Molina SWH – PDF,NY,2026-01-28 23:00:00,2026-01-30 15:35:00,Y,,,,31.59,31.59 Consecutive Business Hours,,,,,,0,0,0,0,17d0d49b-422d-4ab7-84c7-d8c9c407b9df,2,PDF,RUS,2026-01-29T04:00:00Z,2026-01-30T20:35:00Z,,,,,,2026-08-22T16:11:12Z,2026-08-22T16:11:12Z
MOHE-260129-689,MHNY SWH STD Mbr Materials_c35ceeaf-9ca9-40eb-aeac-b25c0e3ab4de_ru,NY Molina SWH – PDF,NY,2026-01-28 23:01:00,2026-01-30 15:35:00,Y,,,,31.59,31.59 Consecutive Business Hours,,,,,,0,0,0,0,731539f1-dfd5-4853-9ea7-80530c0728b8,5,PDF,RUS,2026-01-29T04:01:00Z,2026-01-30T20:35:00Z,,,,,,2026-08-22T16:11:12Z,2026-08-22T16:11:12Z
MOHE-260129-689,MHNY SWH STD Mbr Materials_6c10589e-a74f-457b-8929-1d9766121bcd_ru,NY Molina SWH – PDF,NY,2026-01-28 23:01:00,2026-01-30 15:35:00,Y,,,,31.59,31.59 Consecutive Business Hours,,,,,,0,0,0,0,ec9ebcd0-30d9-4d28-a7bd-73ff39b5c901,,PDF,RUS,2026-01-29T04:01:00Z,2026-01-30T20:35:00Z,,,,,,2026-08-22T16:11:12Z,2026-08-22T16:11:12Z
MOHE-260129-689,MHNY SWH STD Mbr Materials_c636fc52-3e18-4f10-a03d-7c69b46a4f01_ru,NY Molina SWH – PDF,NY,2026-01-28 23:01:00,2026-01-30 15:35:00,Y,,,,31.59,31.59 Consecutive Business Hours,,,,,,0,0,0,0,56606ea7-62b1-4f10-bbe3-3ff147a99ece,5,PDF,RUS,2026-01-29T04:01:00Z,2026-01-30T20:35:00Z,,,,,,2026-08-22T16:11:12Z,2026-08-22T16:11:12Z
MOHE-260129-696,MHNY SWH STD Care Plan_78d53877-8b9b-4a37-9e69-e8499f19059c_ru,NY Molina SWH – PDF,NY,2026-01-29 14:02:00,2026-01-30 12:41:00,Y,,,,22.65,22.65 Consecutive Business Hours,,1,49,5,6624,0.35,0.23,0.42,0,1ebc59e1-43c0-4897-a55b-1b906a8e9e69,,PDF,RUS,2026-01-29T19:02:00Z,2026-01-30T17:41:00Z,,,,,,2026-08-22T16:11:12Z,2026-08-22T16:11:12Z
MOHE-260130-720,MHNY SWH STD Care Plan_3e5107da-2fd6-4222-9f73-cb6f230212ae_ru,NY Molina SWH – PDF,NY,2026-01-29 21:02:00,2026-02-02 16:20:00,Y,,,,32.35,32.35 Consecutive Business Hours,,1.2,340,107,7601,0.42,0.28,0.5,0,a6ec22dc-1b7f-4afd-92c4-a80b0e2da8e3,2,PDF,RUS,2026-01-30T02:02:00Z,2026-02-02T21:20:00Z,,,,,,2026-08-22T16:11:12Z,2026-08-22T16:11:12Z
MOHE-260130-720,MHNY SWH STD Mbr Materials_01171d52-11fe-41fe-9be2-995b0905a0ca_ru,NY Molina SWH – PDF,NY,2026-01-29 23:00:00,2026-02-02 16:20:00,Y,,,,32.35,32.35 Consecutive Business Hours,,,,,,0,0,0,0,990a06ed-2701-4588-b097-c5fc5d7e6381,,PDF,RUS,2026-01-30T04:00:00Z,2026-02-02T21:20:00Z,,,,,,2026-08-22T16:11:12Z,2026-08-22T16:11:12Z
MOHE-260202-769,MHNY SWH STD Care Plan_5148be0a-e1b0-4026-8b79-c5c361ab86f7_ru,NY Molina SWH – PDF,NY,2026-01-30 15:00:00,2026-02-03 12:06:00,Y,,,,45.1,45.10 Consecutive Business Hours,,3.6,766,30,15218,1.26,0.83,1.51,0,719d616c-d7d4-43dc-9538-e4f10d0cfe1f,5,PDF,RUS,2026-01-30T20:00:00Z,2026-02-03T17:06:00Z,,,,,,2026-08-22T16:11:12Z,2026-08-22T16:11:12Z
MOHE-260202-769,MHNY SWH STD Mbr Materials_27c9bd17-4e43-44b8-b90f-c5ec9cdc5f89_ru,NY Molina SWH – PDF,NY,2026-01-30 15:01:00,2026-02-02 17:44:00,Y,,,,26.72,26.72 Consecutive Business Hours,,,,,,0,0,0,0,f5863166-44ad-412b-af18-337a00b18203,,PDF,RUS,2026-01-30T20:01:00Z,2026-02-02T22:44:00Z,,,,,,2026-08-22T16:11:12Z,2026-08-22T16:11:12Z
MOHE-260202-769,MHNY SWH STD Mbr Materials_33b4549f-1ca7-4557-8146-c634a39ca64c_ru,NY Molina SWH – PDF,NY,2026-01-30 15:01:00,2026-02-02 17:44:00,Y,,,,26.72,26.72 Consecutive Business Hours,,,,,,0,0,0,0,71c1d841-67ef-4169-b997-d7e657646ab2,,PDF,RUS,2026-01-30T20:01:00Z,2026-02-02T22:44:00Z,,,,,,2026-08-22T16:11:12Z,2026-08-22T16:11:12Z
MOHE-260202-769,MHNY SWH STD Mbr Materials_8fc727d8-aa16-4bea-aacd-43b6ab732d8b_ru,NY Molina SWH – PDF,NY,2026-01-30 15:01:00,2026-02-02 17:44:00,Y,,,,26.71,26.71 Consecutive Business Hours,,,,,,0,0,0,0,039dcafc-78e1-40ab-845b-026ef32e84cc,2,PDF,RUS,2026-01-30T20:01:00Z,2026-02-02T22:44:00Z,,,,,,2026-08-22T16:11:12Z,2026-08-22T16:11:12Z
MOHE-260202-769,MHNY SWH STD Mbr Materials_3f4bdd17-b28b-4373-a623-b7b7ae16d5f7_ru,NY Molina SWH – PDF,NY,2026-01-30 15:01:00,2026-02-02 17:44:00,Y,,,,26.71,26.71 Consecutive Business Hours,,,,,,0,0,0,0,8fa91e9d-ac9e-4ddf-bb02-a9c4294bfbfb,,PDF,RUS,2026-01-30T20:01:00Z,2026-02-02T22:44:00Z,,,,,,2026-08-22T16:11:12Z,2026-08-22T16:11:12Z
MOHE-260202-769,MHNY SWH STD Care Plan_d7bf6a80-8dc1-4e33-bb2a-beca9f0bbba7_ru,NY Molina SWH – PDF,NY,2026-01-30 20:02:00,2026-02-02 17:43:00,Y,,,,21.69,21.69 Consecutive Business Hours,,,,,,0,0,0,0,ee6cd220-1cac-4f91-9231-743deb9cd3b3,,PDF,RUS,2026-01-31T01:02:00Z,2026-02-02T22:43:00Z,,,,,,2026-08-22T16:11:12Z,2026-08-22T16:11:12Z
MOHE-260202-769,MHNY SWH STD Mbr Materials_6df3aee2-666a-4b47-9bc0-ab3e727018de_ru,NY Molina SWH – PDF,NY,2026-01-30 20:02:00,2026-02-02 17:44:00,Y,,,,21.69,21.69 Consecutive Business Hours,,,,,,0,0,0,0,47a3b509-8bac-4ea1-a7f2-3efad6d35226,5,PDF,RUS,2026-01-31T01:02:00Z,2026-02-02T22:44:00Z,,,,,,2026-08-22T16:11:12Z,2026-08-22T16:11:12Z
MOHE-260202-769,MHNY SWH STD Mbr Materials_ac96d1ad-a236-4f9e-a49e-8de252524926_ru,NY Molina SWH – PDF,NY,2026-01-30 20:02:00,2026-02-02 17:44:00,Y,,,,21.69,21.69 Consecutive Business Hours,,,,,,0,0,0,0,1dc910c2-748b-48f6-a50a-fd83381f7b7f,,PDF,RUS,2026-01-31T01:02:00Z,2026-02-02T22:44:00Z,,,,,,2026-08-22T16:11:12Z,2026-08-22T16:11:12Z
MOHE-260202-769,MHNY SWH STD UTC_3351a7df-3661-4d6a-9836-928c93de2c00_ru,NY Molina SWH – PDF,NY,2026-01-30 21:03:00,2026-02-02 17:44:00,Y,,,,9.73,9.73 Consecutive Business Hours,,,,,,0,0,0,0,4c2e1041-4c53-448c-9d56-9e1e713bc26d,2,PDF,RUS,2026-01-31T02:03:00Z,2026-02-02T22:44:00Z,,,,,,2026-08-22T16:11:12Z,2026-08-22T16:11:12Z
MOHE-260202-769,MHNY SWH STD UTC_57df984b-efc1-4d58-a119-c8683362015e_ru,NY Molina SWH – PDF,NY,2026-01-30 21:03:00,2026-02-02 17:44:00,Y,,,,9.74,9.74 Consecutive Business Hours,,,,,,0,0,0,0,4f330cb6-efcc-4ec6-a936-391911a5dc99,,PDF,RUS,2026-01-31T02:03:00Z,2026-02-02T22:44:00Z,,,,,,2026-08-22T16:11:12Z,2026-08-22T16:11:12Z
MOHE-260202-769,MHNY SWH STD Mbr Materials_3844b863-e6e4-4490-8ac4-404e3ea5527a_ru,NY Molina SWH – PDF,NY,2026-01-30 23:00:00,2026-02-03 12:06:00,Y,,,,28.11,28.11 Consecutive Business Hours,,,,,,0,0,0,0,a20101a4-c9b2-4132-a7b7-9ffade212618,,PDF,RUS,2026-01-31T04:00:00Z,2026-02-03T17:06:00Z,,,,,,2026-08-22T16:11:12Z,2026-08-22T16:11:12Z
MOHE-260202-769,MHNY SWH STD UTC_2a49bf83-23c4-4e27-a51b-e92c322e7ef3_ru,NY Molina SWH – PDF,NY,2026-01-31 20:01:00,2026-02-02 17:44:00,Y,,,,9.73,9.73 Consecutive Business Hours,,,,,,0,0,0,0,bf8c8e1e-73d3-44e9-bbee-51d128707821,,PDF,RUS,2026-02-01T01:01:00Z,2026-02-02T22:44:00Z,,,,,,2026-08-22T16:11:12Z,2026-08-22T16:11:12Z
MOHE-260202-769,MHNY SWH STD UTC_0162bbb0-a43d-4075-8c72-6bcea5b0c508_ru,NY Molina SWH – PDF,NY,2026-01-31 20:01:00,2026-02-02 17:44:00,Y,,,,9.73,9.73 Consecutive Business Hours,,,,,,0,0,0,0,79a8d45d-8946-4036-b965-ae1b33154274,2,PDF,RUS,2026-02-01T01:01:00Z,2026-02-02T22:44:00Z,,,,,,2026-08-22T16:11:12Z,2026-08-22T16:11:12Z
MOHE-260202-769,MHNY SWH STD UTC_344e0253-a889-4d6f-8253-185077fdc718_ru,NY Molina SWH – PDF,NY,2026-02-01 01:03:00,2026-02-02 17:44:00,Y,,,,9.73,9.73 Consecutive Business Hours,,,,,,0,0,0,0,396542f9-8a71-4d7b-8f1d-f11793cd5b3f,,PDF,RUS,2026-02-01T06:03:00Z,2026-02-02T22:44:00Z,,,,,,2026-08-22T16:11:12Z,2026-08-22T16:11:12Z
MOHE-260202-787,MHNY SWH STD Care Plan_ac5cae52-79e5-4433-b734-3998837290d4_ru,NY Molina SWH – PDF,NY,2026-02-02 15:00:00,2026-02-03 13:53:00,Y,,,,22.88,22.88 Consecutive Business Hours,,2.35,59,7,6643,0.82,0.54,0.99,0,0f6c6c26-d059-43d8-97ab-530d1ecb9e4a,2,PDF,RUS,2026-02-02T20:00:00Z,2026-02-03T18:53:00Z,,,,,,2026-08-22T16:11:12Z,2026-08-22T16:11:12Z
MOHE-260202-787,MHNY SWH STD Mbr Materials_0d35d0d8-c9dd-4ef3-aa42-51ec1a18e3c1_ru,NY Molina SWH – PDF,NY,2026-02-02 15:00:00,2026-02-03 13:53:00,Y,,,,22.88,22.88 Consecutive Business Hours,,,,,,0,0,0,0,aab47da2-9e95-4432-a277-6a247459562b,,PDF,RUS,2026-02-02T20:00:00Z,2026-02-03T18:53:00Z,,,,,,2026-08-22T16:11:12Z,2026-08-22T16:11:12Z
MOHE-260202-787,MHNY SWH STD Mbr Materials_15f0c41d-4d16-4b63-ab5a-5c6f63a9a53c_ru,NY Molina SWH – PDF,NY,2026-02-02 15:00:00,2026-02-03 13:53:00,Y,,,,22.88,22.88 Consecutive Business Hours,,,,,,0,0,0,0,e3a866d9-c49d-4cf9-9b31-ff9fd99f050b,,PDF,RUS,2026-02-02T20:00:00Z,2026-02-03T18:53:00Z,,,,,,2026-08-22T16:11:12Z,2026-08-22T16:11:12Z
MOHE-260202-787,MHNY SWH STD Mbr Materials_1cb05f03-b6ff-494c-b15f-f69434560873_ru,NY Molina SWH – PDF,NY,2026-02-02 15:00:00,2026-02-03 13:53:00,Y,,,,22.88,22.88 Consecutive Business Hours,,,,,,0,0,0,0,3cd2097b-29ae-47f9-8e0d-caeeeeb86284,,PDF,RUS,2026-02-02T20:00:00Z,2026-02-03T18:53:00Z,,,,,,2026-08-22T16:11:12Z,2026-08-22T16:11:12Z
MOHE-260202-787,MHNY SWH STD Mbr Materials_296cabf5-8a74-43aa-90b6-17aad0990719_ru,NY Molina SWH – PDF,NY,2026-02-02 15:00:00,2026-02-03 13:53:00,Y,,,,22.88,22.88 Consecutive Business Hours,,,,,,0,0,0,0,dd05df6e-f0bc-4dd0-9460-9bb39fc5402a,,PDF,RUS,2026-02-02T20:00:00Z,2026-02-03T18:53:00Z,,,,,,2026-08-22T16:11:12Z,2026-08-22T16:11:12Z
MOHE-260202-787,MHNY SWH STD Mbr Materials_38ca9119-31a4-4815-8e2d-9636cb28a778_ru,NY Molina SWH – PDF,NY,2026-02-02 15:00:00,2026-02-03 13:53:00,Y,,,,22.88,22.88 Consecutive Business Hours,,,,,,0,0,0,0,a5fd695f-add4-46d9-b666-244f4860b73c,2,PDF,RUS,2026-02-02T20:00:00Z,2026-02-03T18:53:00Z,,,,,,2026-08-22T16:11:12Z,2026-08-22T16:11:12Z
MOHE-260202-787,MHNY SWH STD Mbr Materials_3d198b33-e5c6-476d-a0a5-72ae477b845a_ru,NY Molina SWH – PDF,NY,2026-02-02 15:00:00,2026-02-03 13:53:00,Y,,,,22.88,22.88 Consecutive Business Hours,,,,,,0,0,0,0,4d80cee4-767c-4001-9c75-8c2625fc028a,,PDF,RUS,2026-02-02T20:00:00Z,2026-02-03T18:53:00Z,,,,,,2026-08-22T16:11:12Z,2026-08-22T16:11:12Z
MOHE-260202-787,MHNY SWH STD Mbr Materials_5e73ce55-02ef-4019-92df-57b023c0a47c_ru,NY Molina SWH – PDF,NY,2026-02-02 15:01:00,2026-02-03 13:53:00,Y,,,,22.88,22.88 Consecutive Business Hours,,,,,,0,0,0,0,338b64f3-a071-4341-84cd-706b410e3c47,,PDF,RUS,2026-02-02T20:01:00Z,2026-02-03T18:53:00Z,,,,,,2026-08-22T16:11:12Z,2026-08-22T16:11:12Z
MOHE-260202-787,MHNY SWH STD Mbr Materials_6a24952b-dc39-4de1-bc73-9c436a2b2c3c_ru,NY Molina SWH – PDF,NY,2026-02-02 15:01:00,2026-02-03 13:53:00,Y,,,,22.87,22.87 Consecutive Business Hours,,,,,,0,0,0,0,e8aa6a23-3f2d-49e7-883c-6c47299e130e,2,PDF,RUS,2026-02-02T20:01:00Z,2026-02-03T18:53:00Z,,,,,,2026-08-22T16:11:12Z,2026-08-22T16:11:12Z
MOHE-260202-784,MHNY SWH STD Care Plan_79d96e1e-d9d4-48e9-b782-3f80c4361c32_ru,NY Molina SWH – PDF,NY,2026-02-02 15:00:00,2026-02-03 13:15:00,Y,,,,22.24,22.24 Consecutive Business Hours,,2.35,66,61,6772,0.82,0.54,0.99,0,e0e553fe-8a56-4041-8f0b-b2f3dacd39db,,PDF,RUS,2026-02-02T20:00:00Z,2026-02-03T18:15:00Z,,,,,,2026-08-22T16:11:12Z,2026-08-22T16:11:12Z
MOHE-260202-784,MHNY SWH STD Mbr Materials_19211839-486e-46bc-bb94-8980e0ad9a5a_ru,NY Molina SWH – PDF,NY,2026-02-02 15:00:00,2026-02-02 17:48:00,Y,,,,2.8,2.80 Consecutive Business Hours,,,,,,0,0,0,0,32a56278-dfa6-4743-92ec-010285def8ef,,PDF,RUS,2026-02-02T20:00:00Z,2026-02-02T22:48:00Z,,,,,,2026-08-22T16:11:12Z,2026-08-22T16:11:12Z
MOHE-260202-784,MHNY SWH STD Mbr Materials_470f08c9-8db5-4ad6-8779-f173d08cb2ce_ru,NY Molina SWH – PDF,NY,2026-02-02 15:01:00,2026-02-02 17:48:00,Y,,,,2.79,2.79 Consecutive Business Hours,,,,,,0,0,0,0,5488dd03-0a94-49c2-b0d4-661b39abcca1,2,PDF,RUS,2026-02-02T20:01:00Z,2026-02-02T22:48:00Z,,,,,,2026-08-22T16:11:12Z,2026-08-22T16:11:12Z
MOHE-260202-784,MHNY SWH STD Mbr Materials_51768e88-597e-48a8-9919-66492ac55187_ru,NY Molina SWH – PDF,NY,2026-02-02 15:01:00,2026-02-02 17:48:00,Y,,,,2.79,2.79 Consecutive Business Hours,,,,,,0,0,0,0,76b5bf8e-d09d-4002-983b-1ce81cadb318,,PDF,RUS,2026-02-02T20:01:00Z,2026-02-02T22:48:00Z,,,,,,2026-08-22T16:11:12Z,2026-08-22T16:11:12Z
MOHE-260202-784,MHNY SWH STD Mbr Materials_607f3823-b2b2-456c-88e6-de28a742737a_ru,NY Molina SWH – PDF,NY,2026-02-02 15:01:00,2026-02-02 17:48:00,Y,,,,2.79,2.79 Consecutive Business Hours,,,,,,0,0,0,0,bab8d331-52a2-450d-b2dd-f01c2f0e32d1,,PDF,RUS,2026-02-02T20:01:00Z,2026-02-02T22:48:00Z,,,,,,2026-08-22T16:11:12Z,2026-08-22T16:11:12Z
MOHE-260202-784,MHNY SWH STD Mbr Materials_755ec9bc-ee09-4335-8136-85db4f3d7824_ru,NY Molina SWH – PDF,NY,2026-02-02 15:01:00,2026-02-02 17:48:00,Y,,,,2.79,2.79 Consecutive Business Hours,,,,,,0,0,0,0,de990c05-01c3-4824-8527-ed12df499fb9,2,PDF,RUS,2026-02-02T20:01:00Z,2026-02-02T22:48:00Z,,,,,,2026-08-22T16:11:12Z,2026-08-22T16:11:12Z
MOHE-260202-784,MHNY SWH STD Mbr Materials_839516d8-ffa8-40be-bf1d-f8946126dcb8_ru,NY Molina SWH – PDF,NY,2026-02-02 15:01:00,2026-02-02 17:48:00,Y,,,,2.79,2.79 Consecutive Business Hours,,,,,,0,0,0,0,52a752df-e4ea-49a5-858d-5186fb029eea,,PDF,RUS,2026-02-02T20:01:00Z,2026-02-02T22:48:00Z,,,,,,2026-08-22T16:11:12Z,2026-08-22T16:11:12Z
MOHE-260202-784,MHNY SWH STD Mbr Materials_c19efc32-c168-40f8-b072-739050c3a40e_ru,NY Molina SWH – PDF,NY,2026-02-02 15:01:00,2026-02-02 17:48:00,Y,,,,2.79,2.79 Consecutive Business Hours,,,,,,0,0,0,0,816a8965-d27f-4406-999c-48587f19fdef,,PDF,RUS,2026-02-02T20:01:00Z,2026-02-02T22:48:00Z,,,,,,2026-08-22T16:11:12Z,2026-08-22T16:11:12Z
MOHE-260202-784,MHNY SWH STD Mbr Materials_f62ac10a-a04b-47c2-94cd-e679e66ef342_ru,NY Molina SWH – PDF,NY,2026-02-02 15:01:00,2026-02-02 17:48:00,Y,,,,2.79,2.79 Consecutive Business Hours,,,,,,0,0,0,0,fdf70e8b-9585-4fe2-973d-f64bc5048ccd,,PDF,RUS,2026-02-02T20:01:00Z,2026-02-02T22:48:00Z,,,,,,2026-08-22T16:11:12Z,2026-08-22T16:11:12Z
MOHE-260203-803,MHNY SWH STD Mbr Materials_8645738a-d90e-428d-b5d9-710ef0c3416b_ru,NY Molina SWH – PDF,NY,2026-02-02 20:02:00,2026-02-03 17:49:00,Y,,,,21.78,21.78 Consecutive Business Hours,,0.6,0,0,1758,0.21,0.14,0.25,0,29908411-3e59-4f6d-9371-b97325e41bad,2,PDF,RUS,2026-02-03T01:02:00Z,2026-02-03T22:49:00Z,,,,,,2026-08-22T16:11:12Z,2026-08-22T16:11:12Z
MOHE-260203-803,MHNY SWH STD Mbr Materials_2cdeca1b-60eb-4aa3-be63-29654e6cf583_ru,NY Molina SWH – PDF,NY,2026-02-02 20:02:00,2026-02-03 17:49:00,Y,,,,21.78,21.78 Consecutive Business Hours,,,,,,0,0,0,0,0dad8afa-564d-4260-b959-24425c5e1c4b,,PDF,RUS,2026-02-03T01:02:00Z,2026-02-03T22:49:00Z,,,,,,2026-08-22T16:11:12Z,2026-08-22T16:11:12Z
MOHE-260203-803,MHNY SWH STD Mbr Materials_893522c7-f20e-47ff-a4e7-15b1267650cb_ru,NY Molina SWH – PDF,NY,2026-02-02 21:00:00,2026-02-03 17:49:00,Y,,,,9.82,9.82 Consecutive Business Hours,,,,,,0,0,0,0,6a8700a9-ef0f-492b-95f2-1f91c9842fcb,,PDF,RUS,2026-02-03T02:00:00Z,2026-02-03T22:49:00Z,,,,,,2026-08-22T16:11:12Z,2026-08-22T16:11:12Z
MOHE-260204-833,MHNY SWH STD Mbr Materials_35e81d27-8d46-4efc-91f0-6ccf608b580e_ru,NY Molina SWH – PDF,NY,2026-02-03 20:00:00,2026-02-05 13:04:00,Y,,,,41.06,41.06 Consecutive Business Hours,,1.6,159,31,3667,0.56,0.37,0.67,0,e429f717-08d9-4986-9ae1-6ded6332de75,,PDF,RUS,2026-02-04T01:00:00Z,2026-02-05T18:04:00Z,,,,,,2026-08-22T16:11:12Z,2026-08-22T16:11:12Z
MOHE-260204-833,MHNY SWH STD Mbr Materials_f7b455a8-1536-4fb7-9467-509193c052ba_ru,NY Molina SWH – PDF,NY,2026-02-03 20:00:00,2026-02-05 13:04:00,Y,,,,41.06,41.06 Consecutive Business Hours,,,,,,0,0,0,0,8bc9644f-fa9f-4c73-964f-e18d9f8e6c2c,2,PDF,RUS,2026-02-04T01:00:00Z,2026-02-05T18:04:00Z,,,,,,2026-08-22T16:11:12Z,2026-08-22T16:11:12Z
MOHE-260204-833,MHNY SWH STD Care Plan_a6d7bb63-370d-41ff-8d12-e1bdf5a5c509_ru,NY Molina SWH – PDF,NY,2026-02-03 20:00:00,2026-02-05 13:04:00,Y,,,,41.05,41.05 Consecutive Business Hours,,,,,,0,0,0,0,624f30b6-a827-4db6-8193-916960060f70,,PDF,RUS,2026-02-04T01:00:00Z,2026-02-05T18:04:00Z,,,,,,2026-08-22T16:11:12Z,2026-08-22T16:11:12Z
MOHE-260204-833,MHNY SWH STD Mbr Materials_6736fb6a-b7fd-4f6f-b772-e43f33baa4d8_ru,NY Molina SWH – PDF,NY,2026-02-03 21:02:00,2026-02-05 13:04:00,Y,,,,29.07,29.07 Consecutive Business Hours,,,,,,0,0,0,0,85d8d2c4-88cd-40c1-ae87-f16e77c46cc5,,PDF,RUS,2026-02-04T02:02:00Z,2026-02-05T18:04:00Z,,,,,,2026-08-22T16:11:12Z,2026-08-22T16:11:12Z
MOHE-260205-867,MHNY SWH STD Mbr Materials_7a40b8ae-1808-4623-872f-ee81cfc8bc52_ru,NY Molina SWH – PDF,NY,2026-02-04 20:00:00,2026-02-05 16:02:00,Y,,,,20.03,20.03 Consecutive Business Hours,,0.8,,,2331,0.28,0.18,0.34,0,5add0439-de28-44b4-8cf3-3b07a387d0c3,1,PDF,RUS,2026-02-05T01:00:00Z,2026-02-05T21:02:00Z,,,,,,2026-08-22T16:11:12Z,2026-08-22T16:11:12Z
MOHE-260205-867,MHNY SWH STD UTC_616a9c45-0400-480e-b703-a8beb2ce6d01_ru,NY Molina SWH – PDF,NY,2026-02-04 20:00:00,2026-02-05 16:02:00,Y,,,,20.03,20.03 Consecutive Business Hours,,,,,,0,0,0,0,6bae4a8d-7b8d-48a1-9800-0f19512ff486,,PDF,RUS,2026-02-05T01:00:00Z,2026-02-05T21:02:00Z,,,,,,2026-08-22T16:11:12Z,2026-08-22T16:11:12Z
MOHE-260205-867,MHNY SWH STD Mbr Materials_615a0144-81d7-4efb-a580-ce31b3dc4ebc_ru,NY Molina SWH – PDF,NY,2026-02-04 23:00:00,2026-02-05 16:02:00,Y,,,,8.04,8.04 Consecutive Business Hours,,,,,,0,0,0,0,dc78b848-fc16-43ae-ac7d-ddf3dc9e3ac7,,PDF,RUS,2026-02-05T04:00:00Z,2026-02-05T21:02:00Z,,,,,,2026-08-22T16:11:12Z,2026-08-22T16:11:12Z
MOHE-260205-867,MHNY SWH STD Mbr Materials_88ae3c1d-abc8-440c-b079-130da4ab9661_ru,NY Molina SWH – PDF,NY,2026-02-04 23:00:00,2026-02-05 16:02:00,Y,,,,8.04,8.04 Consecutive Business Hours,,,,,,0,0,0,0,3b5dedfe-8579-4cd0-a9cb-9f3dd0b006e5,1,PDF,RUS,2026-02-05T04:00:00Z,2026-02-05T21:02:00Z,,,,,,2026-08-22T16:11:12Z,2026-08-22T16:11:12Z
MOHE-260206-900,MHNY SWH STD Mbr Materials_e81d65c9-c63e-47cf-88d2-c76498574bf2_ru,NY Molina SWH – PDF,NY,2026-02-05 14:01:00,2026-02-06 21:10:00,Y,,,,31.15,31.15 Consecutive Business Hours,,1.8,,,4840,0.63,0.41,0.76,0,cdfcddf2-f11f-4f68-8872-57695cf711ad,1,PDF,RUS,2026-02-05T19:01:00Z,2026-02-07T02:10:00Z,,,,,,2026-08-22T16:11:12Z,2026-08-22T16:11:12Z
MOHE-260206-900,MHNY SWH STD Mbr Materials_75aefe69-1989-441b-9762-f42b2bac77af_ru,NY Molina SWH – PDF,NY,2026-02-05 14:02:00,2026-02-06 21:10:00,Y,,,,31.14,31.14 Consecutive Business Hours,,,,,,0,0,0,0,8118cd18-23d8-4967-aa44-8c5678d06681,,PDF,RUS,2026-02-05T19:02:00Z,2026-02-07T02:10:00Z,,,,,,2026-08-22T16:11:12Z,2026-08-22T16:11:12Z
MOHE-260206-900,MHNY SWH STD Mbr Materials_68598fca-de9d-480e-9082-dc083766de7d_ru,NY Molina SWH – PDF,NY,2026-02-05 17:01:00,2026-02-06 21:10:00,Y,,,,28.16,28.16 Consecutive Business Hours,,,,,,0,0,0,0,366db8a8-95e5-4572-99f4-33852037805f,,PDF,RUS,2026-02-05T22:01:00Z,2026-02-07T02:10:00Z,,,,,,2026-08-22T16:11:12Z,2026-08-22T16:11:12Z
MOHE-260206-900,MHNY SWH STD Mbr Materials_5f79cb2c-db05-4068-8d7e-7ca7d642c8cd_ru,NY Molina SWH – PDF,NY,2026-02-05 20:01:00,2026-02-06 21:10:00,Y,,,,25.16,25.16 Consecutive Business Hours,,,,,,0,0,0,0,685aca9e-2309-4605-a4b4-8ef82a3749bc,5,PDF,RUS,2026-02-06T01:01:00Z,2026-02-07T02:10:00Z,,,,,,2026-08-22T16:11:12Z,2026-08-22T16:11:12Z
MOHE-260206-900,MHNY SWH STD Mbr Materials_dafc067e-3f09-48ca-832f-7f90257ce082_ru,NY Molina SWH – PDF,NY,2026-02-05 20:01:00,2026-02-06 21:10:00,Y,,,,25.16,25.16 Consecutive Business Hours,,,,,,0,0,0,0,0410bf4a-5490-466b-a7d7-2048f8d874e4,,PDF,RUS,2026-02-06T01:01:00Z,2026-02-07T02:10:00Z,,,,,,2026-08-22T16:11:12Z,2026-08-22T16:11:12Z
MOHE-260206-900,MHNY SWH STD Mbr Materials_e5b2908c-9d5d-455c-b0e9-646fb955b840_ru,NY Molina SWH – PDF,NY,2026-02-05 20:01:00,2026-02-06 21:10:00,Y,,,,25.16,25.16 Consecutive Business Hours,,,,,,0,0,0,0,dda3d769-e04c-4748-9f81-494d2d7bc80b,5,PDF,RUS,2026-02-06T01:01:00Z,2026-02-07T02:10:00Z,,,,,,2026-08-22T16:11:12Z,2026-08-22T16:11:12Z
MOHE-260206-900,MHNY SWH STD Mbr Materials_f6b21b45-a774-4a88-87cf-871af4493543_ru,NY Molina SWH – PDF,NY,2026-02-05 20:01:00,2026-02-06 21:10:00,Y,,,,25.16,25.16 Consecutive Business Hours,,,,,,0,0,0,0,a6597746-6249-4a91-9ad8-32d9e2f89395,,PDF,RUS,2026-02-06T01:01:00Z,2026-02-07T02:10:00Z,,,,,,2026-08-22T16:11:12Z,2026-08-22T16:11:12Z
MOHE-260206-900,MHNY SWH STD Advance Directive_94ca9997-9605-4109-8daa-26a903810173_ru,NY Molina SWH – PDF,NY,2026-02-05 23:01:00,2026-02-06 21:10:00,Y,,,,13.18,13.18 Consecutive Business Hours,,,,,,0,0,0,0,2d042c06-e6cb-4f49-ba22-18b30bb6e186,,PDF,RUS,2026-02-06T04:01:00Z,2026-02-07T02:10:00Z,,,,,,2026-08-22T16:11:12Z,2026-08-22T16:11:12Z
MOHE-260206-900,MHNY SWH STD Mbr Materials_7058fd4f-965f-454b-a275-1d532e798eae_ru,NY Molina SWH – PDF,NY,2026-02-05 23:02:00,2026-02-06 21:10:00,Y,,,,13.18,13.18 Consecutive Business Hours,,,,,,0,0,0,0,7376dacc-bfb8-4e84-8547-5eff39623458,5,PDF,RUS,2026-02-06T04:02:00Z,2026-02-07T02:10:00Z,,,,,,2026-08-22T16:11:12Z,2026-08-22T16:11:12Z
MOHE-260209-941,MHNY SWH STD Mbr Materials_0ee9942c-d6d8-4d30-a811-02e2b28d140b_ru,NY Molina SWH – PDF,NY,2026-02-06 15:04:00,2026-02-09 20:52:00,Y,,,,29.79,29.79 Consecutive Business Hours,,4.5,259,310,16082,1.58,1.04,1.89,0,18a1962e-7a7c-47ee-9b51-dbbf6b27e750,,PDF,RUS,2026-02-06T20:04:00Z,2026-02-10T01:52:00Z,,,,,,2026-08-22T16:11:12Z,2026-08-22T16:11:12Z
MOHE-260209-941,MHNY SWH STD Advance Directive_984d3262-f700-4637-8cd9-7b75466d9537_ru,NY Molina SWH – PDF,NY,2026-02-06 15:04:00,2026-02-09 20:52:00,Y,,,,29.79,29.79 Consecutive Business Hours,,,,,,0,0,0,0,06584da3-4f23-4ba9-add0-c469427254f3,,PDF,RUS,2026-02-06T20:04:00Z,2026-02-10T01:52:00Z,,,,,,2026-08-22T16:11:12Z,2026-08-22T16:11:12Z
MOHE-260209-941,MHNY SWH STD Care Plan_e2d7cde1-d9c4-45db-ad18-7732c9ae871a_ru,NY Molina SWH – PDF,NY,2026-02-06 15:05:00,2026-02-09 20:52:00,Y,,,,29.78,29.78 Consecutive Business Hours,,,,,,0,0,0,0,eaae4286-4656-4eb3-82fe-35765b4562a7,,PDF,RUS,2026-02-06T20:05:00Z,2026-02-10T01:52:00Z,,,,,,2026-08-22T16:11:12Z,2026-08-22T16:11:12Z
MOHE-260209-941,MHNY SWH STD Mbr Materials_1ed25315-bfc5-4d6e-85f4-6c65cd1c8d71_ru,NY Molina SWH – PDF,NY,2026-02-06 18:00:00,2026-02-09 20:52:00,Y,,,,26.85,26.85 Consecutive Business Hours,,,,,,0,0,0,0,4923cb1d-20ef-4d55-8415-b3adb2b40870,5,PDF,RUS,2026-02-06T23:00:00Z,2026-02-10T01:52:00Z,,,,,,2026-08-22T16:11:12Z,2026-08-22T16:11:12Z
MOHE-260209-941,MHNY SWH STD Advance Directive_77d976ae-56a2-4b4b-bff4-c50cacf8a30f_ru,NY Molina SWH – PDF,NY,2026-02-06 18:01:00,2026-02-09 20:52:00,Y,,,,26.85,26.85 Consecutive Business Hours,,,,,,0,0,0,0,d6c21845-6557-4fb5-9abe-23d9805cabb7,5,PDF,RUS,2026-02-06T23:01:00Z,2026-02-10T01:52:00Z,,,,,,2026-08-22T16:11:12Z,2026-08-22T16:11:12Z
MOHE-260209-941,MHNY SWH STD Mbr Materials_345d754d-859e-43e7-95c4-348b29bd1ef9_ru,NY Molina SWH – PDF,NY,2026-02-06 21:01:00,2026-02-09 20:52:00,Y,,,,12.87,12.87 Consecutive Business Hours,,,,,,0,0,0,0,d7e4aa61-72d9-4f3b-8061-523e004fce14,,PDF,RUS,2026-02-07T02:01:00Z,2026-02-10T01:52:00Z,,,,,,2026-08-22T16:11:12Z,2026-08-22T16:11:12Z
MOHE-260209-941,MHNY SWH STD Mbr Materials_e1f9d420-cee6-45a5-ab2b-14c702a8d874_ru,NY Molina SWH – PDF,NY,2026-02-08 20:00:00,2026-02-09 20:52:00,Y,,,,12.87,12.87 Consecutive Business Hours,,,,,,0,0,0,0,8363a4da-83c2-4f91-9027-2cdd7b21cb69,,PDF,RUS,2026-02-09T01:00:00Z,2026-02-10T01:52:00Z,,,,,,2026-08-22T16:11:12Z,2026-08-22T16:11:12Z
MOHE-260209-941,MHNY SWH STD Mbr Materials_cdcad7ab-26ae-4b80-bb63-597d78a0e015_ru,NY Molina SWH – PDF,NY,2026-02-08 20:00:00,2026-02-09 20:52:00,Y,,,,12.87,12.87 Consecutive Business Hours,,,,,,0,0,0,0,e7acefb3-9f4b-420c-b371-f092e89f1f83,,PDF,RUS,2026-02-09T01:00:00Z,2026-02-10T01:52:00Z,,,,,,2026-08-22T16:11:12Z,2026-08-22T16:11:12Z
MOHE-260209-941,MHNY SWH STD Mbr Materials_c7bc033e-bf43-4584-bc68-bc97d4ea2bec_ru,NY Molina SWH – PDF,NY,2026-02-08 20:00:00,2026-02-09 20:52:00,Y,,,,12.87,12.87 Consecutive Business Hours,,,,,,0,0,0,0,e0a0cfa7-eaa7-4636-bd03-89222722297f,,PDF,RUS,2026-02-09T01:00:00Z,2026-02-10T01:52:00Z,,,,,,2026-08-22T16:11:12Z,2026-08-22T16:11:12Z
MOHE-260209-941,MHNY SWH STD Mbr Materials_46afa23e-b26b-4f53-a277-54d41a3785c6_ru,NY Molina SWH – PDF,NY,2026-02-08 20:00:00,2026-02-09 20:52:00,Y,,,,12.87,12.87 Consecutive Business Hours,,,,,,0,0,0,0,a85fbc89-c3c1-42f7-a0fa-2e5499936406,,PDF,RUS,2026-02-09T01:00:00Z,2026-02-10T01:52:00Z,,,,,,2026-08-22T16:11:12Z,2026-08-22T16:11:12Z
MOHE-260209-941,MHNY SWH STD Care Plan_fca7b514-1ecc-48e4-b37b-20c904c5d815_ru,NY Molina SWH – PDF,NY,2026-02-08 20:00:00,2026-02-09 20:52:00,Y,,,,12.87,12.87 Consecutive Business Hours,,,,,,0,0,0,0,d70c3923-eb8a-4b7b-a207-34f2266ed50d,,PDF,RUS,2026-02-09T01:00:00Z,2026-02-10T01:52:00Z,,,,,,2026-08-22T16:11:12Z,2026-08-22T16:11:12Z
MOHE-260209-941,MHNY SWH STD Care Plan_4a3b46ba-659e-4859-8997-4d343166b628_ru_ERR,NY Molina SWH – PDF,NY,2026-02-08 20:00:00,2026-02-09 20:52:00,Y,,,,12.87,12.87 Consecutive Business Hours,,,,,,0,0,0,0,ad01d006-30a5-4b36-843e-9021fc5083d5,,PDF,RUS,2026-02-09T01:00:00Z,2026-02-10T01:52:00Z,,,,,,2026-08-22T16:11:12Z,2026-08-22T16:11:12Z
MOHE-260209-941,MHNY SWH STD Care Plan_3cf77da1-9810-4021-b3bd-4356e8f2f58c_ru,NY Molina SWH – PDF,NY,2026-02-08 20:00:00,2026-02-09 20:52:00,Y,,,,12.87,12.87 Consecutive Business Hours,,,,,,0,0,0,0,2df73d81-eb97-4687-93ae-215f73210a5f,,PDF,RUS,2026-02-09T01:00:00Z,2026-02-10T01:52:00Z,,,,,,2026-08-22T16:11:12Z,2026-08-22T16:11:12Z
MOHE-260210-994,MHNY SWH STD Care Plan_5b264338-9cc5-4646-9989-8eabc0e1084c_ru,NY Molina SWH – PDF,NY,2026-02-09 15:00:00,2026-02-11 14:35:00,Y,,,,47.58,47.58 Consecutive Business Hours,,3.8,244,215,20249,1.33,0.87,1.6,0,6dc087e2-9ad9-499f-a063-878ad19fe0c1,,PDF,RUS,2026-02-09T20:00:00Z,2026-02-11T19:35:00Z,,,,,,2026-08-22T16:11:12Z,2026-08-22T16:11:12Z
MOHE-260210-994,MHNY SWH STD Care Plan_b2eca4d0-f777-4aea-affa-102676145d54_ru,NY Molina SWH – PDF,NY,2026-02-09 15:00:00,2026-02-11 14:35:00,Y,,,,47.58,47.58 Consecutive Business Hours,,,,,,0,0,0,0,9ae74dce-82a2-4e79-9971-d4be7a656e1e,,PDF,RUS,2026-02-09T20:00:00Z,2026-02-11T19:35:00Z,,,,,,2026-08-22T16:11:12Z,2026-08-22T16:11:12Z
MOHE-260210-994,MHNY SWH STD Mbr Materials_43b871a6-f7bd-46c6-9ea1-93c377987b27_ru,NY Molina SWH – PDF,NY,2026-02-09 17:01:00,2026-02-11 14:35:00,Y,,,,45.57,45.57 Consecutive Business Hours,,,,,,0,0,0,0,e3695f78-0608-47a1-a6a4-04a52a618c4f,,PDF,RUS,2026-02-09T22:01:00Z,2026-02-11T19:35:00Z,,,,,,2026-08-22T16:11:12Z,2026-08-22T16:11:12Z
MOHE-260210-994,MHNY SWH STD Mbr Materials_b0bc8a11-e4f2-4081-af85-40f6acb95ff4_ru,NY Molina SWH – PDF,NY,2026-02-09 17:01:00,2026-02-11 14:35:00,Y,,,,45.57,45.57 Consecutive Business Hours,,,,,,0,0,0,0,aae67123-e390-411d-9601-2faf188f23fe,,PDF,RUS,2026-02-09T22:01:00Z,2026-02-11T19:35:00Z,,,,,,2026-08-22T16:11:12Z,2026-08-22T16:11:12Z
MOHE-260210-994,MHNY SWH STD Care Plan_4b875765-d22c-4ff9-98a7-7115c5a13ab5_ru,NY Molina SWH – PDF,NY,2026-02-09 17:01:00,2026-02-11 14:35:00,Y,,,,45.57,45.57 Consecutive Business Hours,,,,,,0,0,0,0,ba003179-82cf-4206-b7a0-270ca01bd3f1,1,PDF,RUS,2026-02-09T22:01:00Z,2026-02-11T19:35:00Z,,,,,,2026-08-22T16:11:12Z,2026-08-22T16:11:12Z
MOHE-260210-994,MHNY SWH STD Mbr Materials_ea0dd24d-0e63-4643-8cea-ac4a2f7659ac_ru,NY Molina SWH – PDF,NY,2026-02-09 18:00:00,2026-02-11 14:35:00,Y,,,,44.59,44.59 Consecutive Business Hours,,,,,,0,0,0,0,665e2b91-0015-48e9-89cc-3d0361b8c673,1,PDF,RUS,2026-02-09T23:00:00Z,2026-02-11T19:35:00Z,,,,,,2026-08-22T16:11:12Z,2026-08-22T16:11:12Z
MOHE-260210-994,MHNY SWH STD Mbr Materials_a3d207db-9ebd-47ea-812c-4ed0a4f497c9_ru,NY Molina SWH – PDF,NY,2026-02-10 01:01:00,2026-02-11 14:35:00,Y,,,,30.6,30.60 Consecutive Business Hours,,,,,,0,0,0,0,92e07ec3-0a03-4040-a749-9f6ea231c8f7,1,PDF,RUS,2026-02-10T06:01:00Z,2026-02-11T19:35:00Z,,,,,,2026-08-22T16:11:12Z,2026-08-22T16:11:12Z
MOHE-260211-1012,MHNY SWH STD Care Plan_5693c7ec-e5d1-48f3-b037-7b5af18faf6e_ru,NY Molina SWH – PDF,NY,2026-02-10 14:00:00,2026-02-12 14:51:00,Y,,,,48.84,48.84 Consecutive Business Hours,,1.25,32,84,9641,0.44,0.29,0.53,0,1fcae5c1-53e2-4609-97c2-c9b03ddf495d,1,PDF,RUS,2026-02-10T19:00:00Z,2026-02-12T19:51:00Z,,,,,,2026-08-22T16:11:12Z,2026-08-22T16:11:12Z
MOHE-260211-1012,MHNY SWH STD Mbr Materials_c4a7b112-9f04-492a-ae8d-f75f48012893_ru,NY Molina SWH – PDF,NY,2026-02-10 14:00:00,2026-02-12 08:14:00,Y,,,,42.22,42.22 Consecutive Business Hours,,,,,,0,0,0,0,de79f09b-0468-4e0c-96e5-8e636379544f,,PDF,RUS,2026-02-10T19:00:00Z,2026-02-12T13:14:00Z,,,,,,2026-08-22T16:11:12Z,2026-08-22T16:11:12Z
MOHE-260211-1012,MHNY SWH STD Mbr Materials_687fc362-f048-4199-a9fb-743664519fee_ru,NY Molina SWH – PDF,NY,2026-02-10 20:01:00,2026-02-12 08:14:00,Y,,,,36.22,36.22 Consecutive Business Hours,,,,,,0,0,0,0,7a1dd192-7884-46cb-b0f4-4f37a6fb158f,1,PDF,RUS,2026-02-11T01:01:00Z,2026-02-12T13:14:00Z,,,,,,2026-08-22T16:11:12Z,2026-08-22T16:11:12Z
MOHE-260211-1012,MHNY SWH STD Mbr Materials_b137733e-0d85-4320-8646-51b7d7b5414e_ru,NY Molina SWH – PDF,NY,2026-02-10 20:01:00,2026-02-12 08:14:00,Y,,,,36.22,36.22 Consecutive Business Hours,,,,,,0,0,0,0,da9d97b2-411e-41f7-8dd4-6ea0922be750,1,PDF,RUS,2026-02-11T01:01:00Z,2026-02-12T13:14:00Z,,,,,,2026-08-22T16:11:12Z,2026-08-22T16:11:12Z
MOHE-260211-1012,MHNY SWH STD Mbr Materials_c1bcff26-cf7c-469f-bac3-bc9d7633f35a_ru,NY Molina SWH – PDF,NY,2026-02-10 20:01:00,2026-02-12 08:14:00,Y,,,,36.22,36.22 Consecutive Business Hours,,,,,,0,0,0,0,f19ce4ee-8119-4cbe-a735-85d786554d4f,1,PDF,RUS,2026-02-11T01:01:00Z,2026-02-12T13:14:00Z,,,,,,2026-08-22T16:11:12Z,2026-08-22T16:11:12Z
MOHE-260211-1012,MHNY SWH STD Care Plan_17135267-ae86-47d8-b96c-de6553ada365_ru,NY Molina SWH – PDF,NY,2026-02-11 08:00:00,2026-02-12 08:14:00,Y,,,,24.23,24.23 Consecutive Business Hours,,,,,,0,0,0,0,48ca4bac-309f-4b0f-a53c-0c4416737016,1,PDF,RUS,2026-02-11T13:00:00Z,2026-02-12T13:14:00Z,,,,,,2026-08-22T16:11:12Z,2026-08-22T16:11:12Z
MOHE-260212-1060,MHNY SWH STD Mbr Materials_2be37758-8467-491f-b22d-c6024e69daaa_ru,NY Molina SWH – PDF,NY,2026-02-11 14:01:00,2026-02-12 15:27:00,Y,,,,25.42,25.42 Consecutive Business Hours,,2.15,16,76,5788,0.75,0.49,0.9,0,039bbe37-18bb-4f6a-a402-146bcf045fe3,1,PDF,RUS,2026-02-11T19:01:00Z,2026-02-12T20:27:00Z,,,,,,2026-08-22T16:11:12Z,2026-08-22T16:11:12Z
MOHE-260212-1060,MHNY SWH STD Care Plan_34674782-f985-4249-9bfe-e90f6cc31f1f_ru,NY Molina SWH – PDF,NY,2026-02-11 14:01:00,2026-02-12 15:26:00,Y,,,,25.42,25.42 Consecutive Business Hours,,,,,,0,0,0,0,41b51d02-fa4e-43d9-8658-7bbdccd4ec45,,PDF,RUS,2026-02-11T19:01:00Z,2026-02-12T20:26:00Z,,,,,,2026-08-22T16:11:12Z,2026-08-22T16:11:12Z
MOHE-260212-1060,MHNY SWH STD Mbr Materials_6920483d-528a-48bf-a713-ea92144dcab5_ru,NY Molina SWH – PDF,NY,2026-02-11 14:01:00,2026-02-12 15:27:00,Y,,,,25.42,25.42 Consecutive Business Hours,,,,,,0,0,0,0,cac3dccf-2154-4d43-aaeb-3a7012d04a1d,,PDF,RUS,2026-02-11T19:01:00Z,2026-02-12T20:27:00Z,,,,,,2026-08-22T16:11:12Z,2026-08-22T16:11:12Z
MOHE-260212-1060,MHNY SWH STD Mbr Materials_f106fdac-241d-47c2-bd20-1906f74787fa_ru,NY Molina SWH – PDF,NY,2026-02-11 14:01:00,2026-02-12 15:27:00,Y,,,,25.42,25.42 Consecutive Business Hours,,,,,,0,0,0,0,b3179f5d-386e-499a-888c-6ec8d6f8fc19,1,PDF,RUS,2026-02-11T19:01:00Z,2026-02-12T20:27:00Z,,,,,,2026-08-22T16:11:12Z,2026-08-22T16:11:12Z
MOHE-260212-1060,MHNY SWH STD Mbr Materials_1dc6bab5-b4cd-454f-a4bd-fb5faad82cd7_ru,NY Molina SWH – PDF,NY,2026-02-11 17:01:00,2026-02-12 15:27:00,Y,,,,22.43,22.43 Consecutive Business Hours,,,,,,0,0,0,0,8d5110a0-4020-4111-8bda-8d5979dfc64e,1,PDF,RUS,2026-02-11T22:01:00Z,2026-02-12T20:27:00Z,,,,,,2026-08-22T16:11:12Z,2026-08-22T16:11:12Z
MOHE-260212-1060,MHNY SWH STD Advance Directive_aeef1779-d9ff-4c80-9b21-018636e34a6a_ru,NY Molina SWH – PDF,NY,2026-02-11 21:00:00,2026-02-12 15:27:00,Y,,,,7.45,7.45 Consecutive Business Hours,,,,,,0,0,0,0,50975cc0-898d-4c25-b6c2-c0de777d8476,1,PDF,RUS,2026-02-12T02:00:00Z,2026-02-12T20:27:00Z,,,,,,2026-08-22T16:11:12Z,2026-08-22T16:11:12Z
MOHE-260212-1060,MHNY SWH STD Advance Directive_f60d3e41-5954-4fc5-ab55-3888289739c1_ru,NY Molina SWH – PDF,NY,2026-02-11 21:00:00,2026-02-12 15:27:00,Y,,,,7.45,7.45 Consecutive Business Hours,,,,,,0,0,0,0,3530d832-42da-438b-98c3-ab621ca199ab,1,PDF,RUS,2026-02-12T02:00:00Z,2026-02-12T20:27:00Z,,,,,,2026-08-22T16:11:12Z,2026-08-22T16:11:12Z
MOHE-260212-1060,MHNY SWH STD Mbr Materials_018820c4-a113-4afa-95ff-5fc30eae611d_ru,NY Molina SWH – PDF,NY,2026-02-11 21:00:00,2026-02-12 15:27:00,Y,,,,7.45,7.45 Consecutive Business Hours,,,,,,0,0,0,0,915b1ac0-72ea-49f0-b37e-34fc3c22d76d,1,PDF,RUS,2026-02-12T02:00:00Z,2026-02-12T20:27:00Z,,,,,,2026-08-22T16:11:12Z,2026-08-22T16:11:12Z
MOHE-260213-1093,MHNY SWH STD Care Plan_8456acee-fcb5-4dbd-b7af-aca875e82983_ru,NY Molina SWH – PDF,NY,2026-02-12 15:01:00,2026-02-13 16:04:00,Y,,,,25.06,25.06 Consecutive Business Hours,,6,238,248,31017,2.1,1.38,2.52,0,76536b53-0e5a-4df1-9d3b-84a412e00a45,,PDF,RUS,2026-02-12T20:01:00Z,2026-02-13T21:04:00Z,,,,,,2026-08-22T16:11:12Z,2026-08-22T16:11:12Z
MOHE-260213-1093,MHNY SWH STD Care Plan_a66b3049-5e5d-49be-8260-cc2b150b131d_ru,NY Molina SWH – PDF,NY,2026-02-12 15:01:00,2026-02-13 16:04:00,Y,,,,25.06,25.06 Consecutive Business Hours,,,,,,0,0,0,0,9970db6b-a414-4a8b-aa78-ea73efcd624c,,PDF,RUS,2026-02-12T20:01:00Z,2026-02-13T21:04:00Z,,,,,,2026-08-22T16:11:12Z,2026-08-22T16:11:12Z
MOHE-260213-1093,MHNY SWH STD Care Plan_f10a72ee-3b6f-45b0-9fb9-775fe86b9043_ru,NY Molina SWH – PDF,NY,2026-02-12 15:01:00,2026-02-13 16:04:00,Y,,,,25.06,25.06 Consecutive Business Hours,,,,,,0,0,0,0,5abcce36-6923-41bc-95ef-8b7a32dfc4eb,,PDF,RUS,2026-02-12T20:01:00Z,2026-02-13T21:04:00Z,,,,,,2026-08-22T16:11:12Z,2026-08-22T16:11:12Z
MOHE-260213-1093,MHNY SWH STD Mbr Materials_004fb478-ee52-4432-abf0-02dd9e585c5c_ru,NY Molina SWH – PDF,NY,2026-02-12 15:01:00,2026-02-13 15:56:00,Y,,,,24.92,24.92 Consecutive Business Hours,,,,,,0,0,0,0,d8d0494a-5983-4f5e-9f2e-a0d752b0b721,1,PDF,RUS,2026-02-12T20:01:00Z,2026-02-13T20:56:00Z,,,,,,2026-08-22T16:11:12Z,2026-08-22T16:11:12Z
MOHE-260213-1093,MHNY SWH STD Mbr Materials_98430990-009a-4820-8901-3638657a0ff4_ru,NY Molina SWH – PDF,NY,2026-02-12 15:01:00,2026-02-13 15:56:00,Y,,,,24.92,24.92 Consecutive Business Hours,,,,,,0,0,0,0,64a03988-6ce9-49ef-82f4-2f71366c70ec,1,PDF,RUS,2026-02-12T20:01:00Z,2026-02-13T20:56:00Z,,,,,,2026-08-22T16:11:12Z,2026-08-22T16:11:12Z
MOHE-260213-1093,MHNY SWH STD Mbr Materials_134c10b0-b6f6-46bc-bf3f-1385bb3c1ccb_ru,NY Molina SWH – PDF,NY,2026-02-12 15:01:00,2026-02-13 15:56:00,Y,,,,24.92,24.92 Consecutive Business Hours,,,,,,0,0,0,0,04ad77d5-f70b-4440-8d63-c2f5066555ff,,PDF,RUS,2026-02-12T20:01:00Z,2026-02-13T20:56:00Z,,,,,,2026-08-22T16:11:12Z,2026-08-22T16:11:12Z
MOHE-260213-1093,MHNY SWH STD Mbr Materials_df7045e5-d556-4d75-b9b0-c986350d0d18_ru,NY Molina SWH – PDF,NY,2026-02-12 15:01:00,2026-02-13 15:56:00,Y,,,,24.92,24.92 Consecutive Business Hours,,,,,,0,0,0,0,62483bbb-99bb-4ecb-9b97-a976acae59dc,1,PDF,RUS,2026-02-12T20:01:00Z,2026-02-13T20:56:00Z,,,,,,2026-08-22T16:11:12Z,2026-08-22T16:11:12Z
MOHE-260213-1093,MHNY SWH STD Advance Directive_9f8d5d18-6506-4fa1-a2cf-1c9ac0d3df01_ru,NY Molina SWH – PDF,NY,2026-02-12 18:00:00,2026-02-13 15:56:00,Y,,,,21.93,21.93 Consecutive Business Hours,,,,,,0,0,0,0,841e3e73-a316-4c89-a272-09dc78c2b6a3,1,PDF,RUS,2026-02-12T23:00:00Z,2026-02-13T20:56:00Z,,,,,,2026-08-22T16:11:12Z,2026-08-22T16:11:12Z
MOHE-260213-1093,MHNY SWH STD Care Plan_dab883f8-5c6f-4aee-b3be-0db683ce4fc6_ru,NY Molina SWH – PDF,NY,2026-02-12 18:00:00,2026-02-13 16:04:00,Y,,,,22.06,22.06 Consecutive Business Hours,,,,,,0,0,0,0,ac74dd81-4376-4f30-99c0-84ecfb19dc02,1,PDF,RUS,2026-02-12T23:00:00Z,2026-02-13T21:04:00Z,,,,,,2026-08-22T16:11:12Z,2026-08-22T16:11:12Z
MOHE-260213-1093,MHNY SWH STD Mbr Materials_4ab8a2f6-379b-45ba-8cef-2ff3e93eecb0_ru,NY Molina SWH – PDF,NY,2026-02-12 18:00:00,2026-02-13 15:56:00,Y,,,,21.93,21.93 Consecutive Business Hours,,,,,,0,0,0,0,51d2ffb8-9b20-4db2-8c4d-a8a8e703da20,1,PDF,RUS,2026-02-12T23:00:00Z,2026-02-13T20:56:00Z,,,,,,2026-08-22T16:11:12Z,2026-08-22T16:11:12Z
MOHE-260213-1093,MHNY SWH STD Mbr Materials_5e02bf46-e3b0-44d2-baa4-da54774ee660_ru,NY Molina SWH – PDF,NY,2026-02-12 18:00:00,2026-02-13 16:04:00,Y,,,,22.06,22.06 Consecutive Business Hours,,,,,,0,0,0,0,e5f940b0-2dbb-49b4-bf26-1fc4f35f0040,,PDF,RUS,2026-02-12T23:00:00Z,2026-02-13T21:04:00Z,,,,,,2026-08-22T16:11:12Z,2026-08-22T16:11:12Z
MOHE-260213-1093,MHNY SWH STD Mbr Materials_a11bab75-1836-42fa-b663-9f39f8376063_ru,NY Molina SWH – PDF,NY,2026-02-12 18:00:00,2026-02-13 15:56:00,Y,,,,21.93,21.93 Consecutive Business Hours,,,,,,0,0,0,0,440c95d5-d82e-488c-bcce-d943399a46a0,,PDF,RUS,2026-02-12T23:00:00Z,2026-02-13T20:56:00Z,,,,,,2026-08-22T16:11:12Z,2026-08-22T16:11:12Z
MOHE-260213-1093,MHNY SWH STD Mbr Materials_a9b77a17-3467-4570-9cf6-4f7b0bb328f8_ru,NY Molina SWH – PDF,NY,2026-02-12 20:02:00,2026-02-13 15:56:00,Y,,,,19.9,19.90 Consecutive Business Hours,,,,,,0,0,0,0,0874ea98-0bbe-438a-9df0-182893db0b7b,,PDF,RUS,2026-02-13T01:02:00Z,2026-02-13T20:56:00Z,,,,,,2026-08-22T16:11:12Z,2026-08-22T16:11:12Z
MOHE-260213-1093,MHNY SWH STD Advance Directive_ec20b360-ea51-4e0e-9a93-757637b887a4_ru,NY Molina SWH – PDF,NY,2026-02-12 20:02:00,2026-02-13 15:56:00,Y,,,,19.9,19.90 Consecutive Business Hours,,,,,,0,0,0,0,a2535fab-c276-4fb7-8b0b-30df0b4e9da0,1,PDF,RUS,2026-02-13T01:02:00Z,2026-02-13T20:56:00Z,,,,,,2026-08-22T16:11:12Z,2026-08-22T16:11:12Z
MOHE-260216-1147,MHNY SWH STD Mbr Materials_a245f6e3-d90b-4882-aeaf-8bf1437b8b43_ru,NY Molina SWH – PDF,NY,2026-02-13 16:01:00,2026-02-16 14:25:00,Y,,,,22.41,22.41 Consecutive Business Hours,,0.75,,,632,0.26,0.17,0.32,0,21add024-74f8-41e9-8eda-11bbaeba3ec9,,PDF,RUS,2026-02-13T21:01:00Z,2026-02-16T19:25:00Z,,,,,,2026-08-22T16:11:12Z,2026-08-22T16:11:12Z
MOHE-260216-1147,MHNY SWH STD Mbr Materials_fec9ebde-cdf7-4e63-b968-e466c89c165e_ru,NY Molina SWH – PDF,NY,2026-02-13 21:00:00,2026-02-16 14:25:00,Y,,,,6.43,6.43 Consecutive Business Hours,,,,,,0,0,0,0,56fb0a33-23ba-4a5c-8bae-0b6706674539,1,PDF,RUS,2026-02-14T02:00:00Z,2026-02-16T19:25:00Z,,,,,,2026-08-22T16:11:12Z,2026-08-22T16:11:12Z
MOHE-260216-1147,MHNY SWH STD Mbr Materials_ee577d00-f1e8-4e5d-9a4d-2600f1f15c5e_ru,NY Molina SWH – PDF,NY,2026-02-13 21:00:00,2026-02-16 14:25:00,Y,,,,6.43,6.43 Consecutive Business Hours,,,,,,0,0,0,0,23a99b32-fdb6-4ee1-9576-4f381f5ce2c5,,PDF,RUS,2026-02-14T02:00:00Z,2026-02-16T19:25:00Z,,,,,,2026-08-22T16:11:12Z,2026-08-22T16:11:12Z
MOHE-260217-1176,MHNY SWH STD Mbr Materials_a964a3ac-3cf8-466b-bf5a-a0922f04f3fc_ru,NY Molina SWH – PDF,NY,2026-02-16 14:01:00,2026-02-17 15:59:00,Y,,,,25.98,25.98 Consecutive Business Hours,,1,,,,0.35,0.23,0.42,0,57b09b6d-f5b2-4c42-b1b4-92a38d44f921,1,PDF,RUS,2026-02-16T19:01:00Z,2026-02-17T20:59:00Z,,,,,,2026-08-22T16:11:12Z,2026-08-22T16:11:12Z
MOHE-260217-1176,MHNY SWH STD Mbr Materials_c856f578-4dae-4b7c-9016-4afa315a5692_ru,NY Molina SWH – PDF,NY,2026-02-16 17:00:00,2026-02-17 15:59:00,Y,,,,22.98,22.98 Consecutive Business Hours,,,,,,0,0,0,0,3fb0d99f-4b2f-4d2d-941a-6dc21f49413f,,PDF,RUS,2026-02-16T22:00:00Z,2026-02-17T20:59:00Z,,,,,,2026-08-22T16:11:12Z,2026-08-22T16:11:12Z
MOHE-260217-1176,MHNY SWH STD Mbr Materials_5358e9ed-d31a-40db-8c4a-40a8573be915_ru,NY Molina SWH – PDF,NY,2026-02-16 20:01:00,2026-02-17 15:59:00,Y,,,,19.96,19.96 Consecutive Business Hours,,,,,,0,0,0,0,7096a175-0079-4974-8ed1-5dc5986ce35e,,PDF,RUS,2026-02-17T01:01:00Z,2026-02-17T20:59:00Z,,,,,,2026-08-22T16:11:12Z,2026-08-22T16:11:12Z
MOHE-260217-1176,MHNY SWH STD Mbr Materials_b88debbe-8dbc-4032-9630-45d9afda3740_ru,NY Molina SWH – PDF,NY,2026-02-16 20:01:00,2026-02-17 15:59:00,Y,,,,19.96,19.96 Consecutive Business Hours,,,,,,0,0,0,0,c063f78e-b4f8-4c14-bd5f-8605ccf3cda1,,PDF,RUS,2026-02-17T01:01:00Z,2026-02-17T20:59:00Z,,,,,,2026-08-22T16:11:12Z,2026-08-22T16:11:12Z
MOHE-260217-1176,MHNY SWH STD Mbr Materials_000a334f-f96b-49c1-8f62-69403d3c5316_ru,NY Molina SWH – PDF,NY,2026-02-16 20:01:00,2026-02-17 15:59:00,Y,,,,19.96,19.96 Consecutive Business Hours,,,,,,0,0,0,0,3c09eb8e-e9a2-4ee4-8621-e13de469fe1c,1,PDF,RUS,2026-02-17T01:01:00Z,2026-02-17T20:59:00Z,,,,,,2026-08-22T16:11:12Z,2026-08-22T16:11:12Z
MOHE-260218-1205,MHNY SWH STD Care Plan_cedddbe0-0b06-4afe-a7c7-2226ccd57a0b_ru,NY Molina SWH – PDF,NY,2026-02-17 14:02:00,2026-02-18 16:43:00,Y,,,,26.68,26.68 Consecutive Business Hours,,2.2,188,358,14818,0.77,0.51,0.92,0,70c89cca-53e8-4fcf-b0b8-c48f845e3928,,PDF,RUS,2026-02-17T19:02:00Z,2026-02-18T21:43:00Z,,,,,,2026-08-22T16:11:12Z,2026-08-22T16:11:12Z
MOHE-260218-1205,MHNY SWH STD Mbr Materials_722d7dad-2ac2-4ad2-857a-28a2cda8d2ca_ru,NY Molina SWH – PDF,NY,2026-02-17 14:03:00,2026-02-18 16:43:00,Y,,,,26.67,26.67 Consecutive Business Hours,,,,,,0,0,0,0,ecffa274-3477-41e6-b850-163940fd30f4,1,PDF,RUS,2026-02-17T19:03:00Z,2026-02-18T21:43:00Z,,,,,,2026-08-22T16:11:12Z,2026-08-22T16:11:12Z
MOHE-260218-1205,MHNY SWH STD Mbr Materials_35d7013e-f423-4048-b904-4974312b85be_ru,NY Molina SWH – PDF,NY,2026-02-17 14:03:00,2026-02-18 16:43:00,Y,,,,26.67,26.67 Consecutive Business Hours,,,,,,0,0,0,0,169a4b91-ed2f-409f-b4ed-4a7bc1d2f6d5,1,PDF,RUS,2026-02-17T19:03:00Z,2026-02-18T21:43:00Z,,,,,,2026-08-22T16:11:12Z,2026-08-22T16:11:12Z
MOHE-260218-1211,MHNY SWH STD Care Plan_8d46a3eb-5296-46f8-848f-a04b4d493878_ru,NY Molina SWH – PDF,NY,2026-02-17 20:02:00,2026-02-18 17:24:00,Y,,,,21.36,21.36 Consecutive Business Hours,,2.9,124,102,8207,1.02,0.67,1.22,0,48e70e10-8e95-4134-b4b0-639ba427d2cf,1,PDF,RUS,2026-02-18T01:02:00Z,2026-02-18T22:24:00Z,,,,,,2026-08-22T16:11:12Z,2026-08-22T16:11:12Z
MOHE-260218-1211,MHNY SWH STD Mbr Materials_0b47d985-bc87-4203-9c9b-4d4f7e69558f_ru,NY Molina SWH – PDF,NY,2026-02-17 20:03:00,2026-02-18 17:24:00,Y,,,,21.35,21.35 Consecutive Business Hours,,,,,,0,0,0,0,2d065a13-aa83-487d-919d-655355bff21c,1,PDF,RUS,2026-02-18T01:03:00Z,2026-02-18T22:24:00Z,,,,,,2026-08-22T16:11:12Z,2026-08-22T16:11:12Z
MOHE-260218-1211,MHNY SWH STD Mbr Materials_eeefd313-550a-46c6-9140-d18ab252dd40_ru,NY Molina SWH – PDF,NY,2026-02-17 20:03:00,2026-02-18 17:24:00,Y,,,,21.35,21.35 Consecutive Business Hours,,,,,,0,0,0,0,0833947b-7c95-4af0-b2c0-fa8cb62ef55f,1,PDF,RUS,2026-02-18T01:03:00Z,2026-02-18T22:24:00Z,,,,,,2026-08-22T16:11:12Z,2026-08-22T16:11:12Z
MOHE-260218-1211,MHNY SWH STD Mbr Materials_2fb526e5-0b59-4614-a816-980e52e40eb4_ru,NY Molina SWH – PDF,NY,2026-02-17 20:03:00,2026-02-18 17:24:00,Y,,,,21.35,21.35 Consecutive Business Hours,,,,,,0,0,0,0,26c661b3-df08-4df2-acf3-8f110fe08e64,1,PDF,RUS,2026-02-18T01:03:00Z,2026-02-18T22:24:00Z,,,,,,2026-08-22T16:11:12Z,2026-08-22T16:11:12Z
MOHE-260218-1211,MHNY SWH STD Care Plan_270b90af-42c0-4b13-8c45-e9c0fd80ad64_ru,NY Molina SWH – PDF,NY,2026-02-17 20:03:00,2026-02-18 17:24:00,Y,,,,21.34,21.34 Consecutive Business Hours,,,,,,0,0,0,0,8e27dffe-0a6c-4fde-9e4c-c09a49f77d11,2,PDF,RUS,2026-02-18T01:03:00Z,2026-02-18T22:24:00Z,,,,,,2026-08-22T16:11:12Z,2026-08-22T16:11:12Z
MOHE-260218-1211,MHNY SWH STD Mbr Materials_a78fdbb7-69b7-4666-9599-4f32aae43b6a_ru,NY Molina SWH – PDF,NY,2026-02-17 20:03:00,2026-02-18 17:24:00,Y,,,,21.35,21.35 Consecutive Business Hours,,,,,,0,0,0,0,cd022514-27a9-4810-8abb-cc44f682e4cb,2,PDF,RUS,2026-02-18T01:03:00Z,2026-02-18T22:24:00Z,,,,,,2026-08-22T16:11:12Z,2026-08-22T16:11:12Z
MOHE-260218-1211,MHNY SWH STD Mbr Materials_223ee70a-a50b-446d-9e52-ee321c75996a_ru,NY Molina SWH – PDF,NY,2026-02-17 20:03:00,2026-02-18 17:24:00,Y,,,,21.34,21.34 Consecutive Business Hours,,,,,,0,0,0,0,edf7de55-9cca-45fb-a3e9-1bdec2fb7ac2,2,PDF,RUS,2026-02-18T01:03:00Z,2026-02-18T22:24:00Z,,,,,,2026-08-22T16:11:12Z,2026-08-22T16:11:12Z
MOHE-260218-1211,MHNY SWH STD Mbr Materials_e8ab7a04-7933-4b40-ada1-e8b64f4a12f1_ru,NY Molina SWH – PDF,NY,2026-02-17 20:03:00,2026-02-18 17:24:00,Y,,,,21.34,21.34 Consecutive Business Hours,,,,,,0,0,0,0,9156f3a0-2ac9-4b6c-a5b2-920a036df2f7,2,PDF,RUS,2026-02-18T01:03:00Z,2026-02-18T22:24:00Z,,,,,,2026-08-22T16:11:12Z,2026-08-22T16:11:12Z
MOHE-260218-1211,MHNY SWH STD Mbr Materials_c8a788ef-5927-40e8-b486-bbc0962adb27_ru,NY Molina SWH – PDF,NY,2026-02-18 07:04:00,2026-02-18 17:24:00,Y,,,,9.41,9.41 Consecutive Business Hours,,,,,,0,0,0,0,99266f93-9c2a-42a6-86f9-75b7a888856a,2,PDF,RUS,2026-02-18T12:04:00Z,2026-02-18T22:24:00Z,,,,,,2026-08-22T16:11:12Z,2026-08-22T16:11:12Z
MOHE-260218-1218,MHNY SWH STD Care Plan_c51ad42e-f178-452e-8278-095218a3e5ca_ru,NY Molina SWH – PDF,NY,2026-02-17 14:02:00,2026-02-19 11:11:00,Y,,,,45.15,45.15 Consecutive Business Hours,,,,,,0,0,0,0,688b3a64-22cd-4800-acaa-15abb476cd14,2,PDF,RUS,2026-02-17T19:02:00Z,2026-02-19T16:11:00Z,,,,,,2026-08-22T16:11:12Z,2026-08-22T16:11:12Z
MOHE-260218-1218,MHNY SWH STD Advance Directive_22b97430-11fe-4b21-a6c4-22a8098ee557_ru,NY Molina SWH – PDF,NY,2026-02-17 14:03:00,2026-02-18 18:52:00,Y,,,,28.81,28.81 Consecutive Business Hours,,0.65,8,42,8278,0.23,0.15,0.27,0,e93c1d0f-583e-4d7a-bb0d-f29a52992951,2,PDF,RUS,2026-02-17T19:03:00Z,2026-02-18T23:52:00Z,,,,,,2026-08-22T16:11:12Z,2026-08-22T16:11:12Z
MOHE-260218-1218,MHNY SWH STD Mbr Materials_b7022326-3b9f-4c6f-8be9-6f83397ec885_ru,NY Molina SWH – PDF,NY,2026-02-17 14:03:00,2026-02-18 18:52:00,Y,,,,28.81,28.81 Consecutive Business Hours,,,,,,0,0,0,0,4ee12f45-0a58-4f51-ad51-eb24590a4e4f,2,PDF,RUS,2026-02-17T19:03:00Z,2026-02-18T23:52:00Z,,,,,,2026-08-22T16:11:12Z,2026-08-22T16:11:12Z
MOHE-260218-1234,MHNY SWH STD Mbr Materials_90877b17-9d9b-4054-9550-3848cd157986_ru,NY Molina SWH – PDF,NY,2026-02-18 14:02:00,2026-02-18 17:45:00,Y,,,,3.72,3.72 Consecutive Business Hours,,1.4,,,8274,0.49,0.32,0.59,0,f2f24a3d-c66a-42a7-aac1-f8df45bce8ab,2,PDF,RUS,2026-02-18T19:02:00Z,2026-02-18T22:45:00Z,,,,,,2026-08-22T16:11:12Z,2026-08-22T16:11:12Z
MOHE-260218-1234,MHNY SWH STD Mbr Materials_07eff5ca-6be9-4847-947f-e469ec637bd2_ru,NY Molina SWH – PDF,NY,2026-02-18 14:02:00,2026-02-19 13:03:00,Y,,,,23,23.00 Consecutive Business Hours,,,,,,0,0,0,0,fff19798-7691-4944-adc8-2dbfb70f327a,2,PDF,RUS,2026-02-18T19:02:00Z,2026-02-19T18:03:00Z,,,,,,2026-08-22T16:11:12Z,2026-08-22T16:11:12Z
MOHE-260218-1234,MHNY SWH STD Mbr Materials_95c77c7a-8832-4a69-8812-a0db766ec299_ru,NY Molina SWH – PDF,NY,2026-02-18 14:02:00,2026-02-18 17:45:00,Y,,,,3.71,3.71 Consecutive Business Hours,,,,,,0,0,0,0,676c10da-5bdf-4750-bf8b-12bfcf893c91,,PDF,RUS,2026-02-18T19:02:00Z,2026-02-18T22:45:00Z,,,,,,2026-08-22T16:11:12Z,2026-08-22T16:11:12Z
MOHE-260219-1253,MHNY SWH STD Care Plan_eaa59624-0dc1-468b-bb65-bddff6d7470b_ru,NY Molina SWH – PDF,NY,2026-02-18 17:03:00,2026-02-20 12:14:00,Y,,,,43.19,43.19 Consecutive Business Hours,,3,1021,481,20918,1.05,0.69,1.26,0,ae996d19-770b-483d-b41f-72dd321c2af6,,PDF,RUS,2026-02-18T22:03:00Z,2026-02-20T17:14:00Z,,,,,,2026-08-22T16:11:12Z,2026-08-22T16:11:12Z
MOHE-260219-1253,MHNY SWH STD Care Plan_3bb2654a-dded-41fe-b698-7d6918131a5f_ru,NY Molina SWH – PDF,NY,2026-02-18 20:03:00,2026-02-20 12:14:00,Y,,,,40.19,40.19 Consecutive Business Hours,,,,,,0,0,0,0,6734f249-229f-4663-9dbe-5fa515563b93,,PDF,RUS,2026-02-19T01:03:00Z,2026-02-20T17:14:00Z,,,,,,2026-08-22T16:11:12Z,2026-08-22T16:11:12Z
MOHE-260219-1253,MHNY SWH STD Care Plan_ac7a49f7-df40-4da3-8635-b0d93281b714_ru,NY Molina SWH – PDF,NY,2026-02-18 20:03:00,2026-02-20 12:14:00,Y,,,,40.19,40.19 Consecutive Business Hours,,,,,,0,0,0,0,74a08897-0f8e-4bb9-9770-20d080c24efd,,PDF,RUS,2026-02-19T01:03:00Z,2026-02-20T17:14:00Z,,,,,,2026-08-22T16:11:12Z,2026-08-22T16:11:12Z
MOHE-260219-1253,MHNY SWH STD Mbr Materials_70d280a4-6ef6-4d1f-b791-a37b3c06c132_ru,NY Molina SWH – PDF,NY,2026-02-18 17:03:00,2026-02-20 14:24:00,Y,,,,45.35,45.35 Consecutive Business Hours,,1,,,2861,0.35,0.23,0.42,0,77e99a8e-408c-45a3-a2c9-a6cba206e03c,,PDF,RUS,2026-02-18T22:03:00Z,2026-02-20T19:24:00Z,,,,,,2026-08-22T16:11:12Z,2026-08-22T16:11:12Z
MOHE-260219-1253,MHNY SWH STD Mbr Materials_16e746f8-978b-4b97-b52e-2517a5c4f4c8_ru,NY Molina SWH – PDF,NY,2026-02-18 17:03:00,2026-02-20 14:24:00,Y,,,,45.35,45.35 Consecutive Business Hours,,,,,,0,0,0,0,fe06bb1f-5637-4f61-a7c1-4352d239500e,,PDF,RUS,2026-02-18T22:03:00Z,2026-02-20T19:24:00Z,,,,,,2026-08-22T16:11:12Z,2026-08-22T16:11:12Z
MOHE-260219-1253,MHNY SWH STD Mbr Materials_64eb2e66-739e-4ff4-86d8-266f3bb343f5_ru,NY Molina SWH – PDF,NY,2026-02-18 20:03:00,2026-02-20 14:24:00,Y,,,,42.34,42.34 Consecutive Business Hours,,,,,,0,0,0,0,814c25c1-a490-42aa-ac5e-fc0f7ea6667c,,PDF,RUS,2026-02-19T01:03:00Z,2026-02-20T19:24:00Z,,,,,,2026-08-22T16:11:12Z,2026-08-22T16:11:12Z
MOHE-260219-1253,MHNY SWH STD Mbr Materials_e1f9e60f-5ff2-4ec5-8cfb-f9fdd2a5add7_ru,NY Molina SWH – PDF,NY,2026-02-18 20:03:00,2026-02-20 14:24:00,Y,,,,42.35,42.35 Consecutive Business Hours,,,,,,0,0,0,0,122fde51-b93a-411a-956c-637c1ccd1595,,PDF,RUS,2026-02-19T01:03:00Z,2026-02-20T19:24:00Z,,,,,,2026-08-22T16:11:12Z,2026-08-22T16:11:12Z
MOHE-260219-1253,MHNY SWH STD Mbr Materials_791f575b-9291-49c7-a32b-3eb6dde9da60_ru,NY Molina SWH – PDF,NY,2026-02-18 20:03:00,2026-02-20 14:24:00,Y,,,,42.34,42.34 Consecutive Business Hours,,,,,,0,0,0,0,4c568692-f23e-475d-baf1-468d75dec313,2,PDF,RUS,2026-02-19T01:03:00Z,2026-02-20T19:24:00Z,,,,,,2026-08-22T16:11:12Z,2026-08-22T16:11:12Z
MOHE-260220-1282,MHNY SWH STD Mbr Materials_b0f9327f-524c-43d5-9583-6c374dce9312_ru,NY Molina SWH – PDF,NY,2026-02-19 17:02:00,2026-02-20 18:09:00,Y,,,,25.12,25.12 Consecutive Business Hours,,4.6,260,4,22412,1.61,1.06,1.93,0,b2f1a65f-a024-452b-bc2d-8341edd866dd,5,PDF,RUS,2026-02-19T22:02:00Z,2026-02-20T23:09:00Z,,,,,,2026-08-22T16:11:12Z,2026-08-22T16:11:12Z
MOHE-260220-1282,MHNY SWH STD Mbr Materials_77ad12c2-0055-4f5d-8add-7f4462927d2b_ru,NY Molina SWH – PDF,NY,2026-02-19 17:02:00,2026-02-20 18:09:00,Y,,,,25.11,25.11 Consecutive Business Hours,,,,,,0,0,0,0,634120d7-9c7c-4ab5-a98a-6c140d85070a,,PDF,RUS,2026-02-19T22:02:00Z,2026-02-20T23:09:00Z,,,,,,2026-08-22T16:11:12Z,2026-08-22T16:11:12Z
MOHE-260220-1282,MHNY SWH STD Mbr Materials_01b5fb06-dde3-45b5-9da7-f949727931e6_ru,NY Molina SWH – PDF,NY,2026-02-19 20:03:00,2026-02-20 18:09:00,Y,,,,22.1,22.10 Consecutive Business Hours,,,,,,0,0,0,0,24d6596a-a864-43fe-9932-0755f4840c2b,2,PDF,RUS,2026-02-20T01:03:00Z,2026-02-20T23:09:00Z,,,,,,2026-08-22T16:11:12Z,2026-08-22T16:11:12Z
MOHE-260220-1282,MHNY SWH STD Mbr Materials_747c6c56-6008-42dd-9b2c-fc4ad7614d64_ru,NY Molina SWH – PDF,NY,2026-02-19 20:03:00,2026-02-20 18:09:00,Y,,,,22.1,22.10 Consecutive Business Hours,,,,,,0,0,0,0,89e37d19-465e-4f89-9742-222041f7689c,5,PDF,RUS,2026-02-20T01:03:00Z,2026-02-20T23:09:00Z,,,,,,2026-08-22T16:11:12Z,2026-08-22T16:11:12Z
MOHE-260220-1282,MHNY SWH STD Care Plan_496b02e6-e557-461b-b6da-84cd1aeaaa27_ru,NY Molina SWH – PDF,NY,2026-02-19 20:03:00,2026-02-20 18:09:00,Y,,,,22.1,22.10 Consecutive Business Hours,,,,,,0,0,0,0,1ee84715-c864-461a-a765-a4a8213f1377,,PDF,RUS,2026-02-20T01:03:00Z,2026-02-20T23:09:00Z,,,,,,2026-08-22T16:11:12Z,2026-08-22T16:11:12Z
MOHE-260220-1282,MHNY SWH STD Mbr Materials_ea474149-e53e-45a7-aa9d-4cc4a9778d58_ru,NY Molina SWH – PDF,NY,2026-02-19 20:03:00,2026-02-20 18:09:00,Y,,,,22.1,22.10 Consecutive Business Hours,,,,,,0,0,0,0,0021962f-9ac4-4dcf-8dc5-a7b510327a7d,5,PDF,RUS,2026-02-20T01:03:00Z,2026-02-20T23:09:00Z,,,,,,2026-08-22T16:11:12Z,2026-08-22T16:11:12Z
MOHE-260220-1282,MHNY SWH STD Mbr Materials_f8537b0a-998f-4428-ae6d-ef532706537e_ru,NY Molina SWH – PDF,NY,2026-02-19 20:03:00,2026-02-20 18:09:00,Y,,,,22.1,22.10 Consecutive Business Hours,,,,,,0,0,0,0,6d81e542-de97-4cd2-873c-a4a0c3aa21a3,,PDF,RUS,2026-02-20T01:03:00Z,2026-02-20T23:09:00Z,,,,,,2026-08-22T16:11:12Z,2026-08-22T16:11:12Z
MOHE-260220-1282,MHNY SWH STD Mbr Materials_cf336be8-82be-49fa-8bb9-36ac5b838cd3_ru,NY Molina SWH – PDF,NY,2026-02-19 20:03:00,2026-02-20 18:09:00,Y,,,,22.1,22.10 Consecutive Business Hours,,,,,,0,0,0,0,c9794210-d18a-4c76-b56d-c397288886e3,2,PDF,RUS,2026-02-20T01:03:00Z,2026-02-20T23:09:00Z,,,,,,2026-08-22T16:11:12Z,2026-08-22T16:11:12Z
MOHE-260220-1282,MHNY SWH STD Care Plan_62580134-2f89-4f7e-87d4-d75478764942_ru,NY Molina SWH – PDF,NY,2026-02-20 14:03:00,2026-02-23 11:25:00,Y,,,,21.37,21.37 Consecutive Business Hours,,,,,,0,0,0,0,d6424c04-856f-4280-8b54-005740b1d98a,,PDF,RUS,2026-02-20T19:03:00Z,2026-02-23T16:25:00Z,,,,,,2026-08-22T16:11:12Z,2026-08-22T16:11:12Z
MOHE-260220-1282,MHNY SWH STD Mbr Materials_76b279c9-285b-43d1-877b-5d43e127ec33_ru,NY Molina SWH – PDF,NY,2026-02-20 14:03:00,2026-02-20 18:09:00,Y,,,,4.1,4.10 Consecutive Business Hours,,,,,,0,0,0,0,2234142f-7ad1-4381-9877-8a109493711f,5,PDF,RUS,2026-02-20T19:03:00Z,2026-02-20T23:09:00Z,,,,,,2026-08-22T16:11:12Z,2026-08-22T16:11:12Z
MOHE-260223-1347,MHNY SWH STD Care Plan_7b29c2dc-3be9-4839-9670-869f7a87d89c_ru,NY Molina SWH – PDF,NY,2026-02-20 17:02:00,2026-02-24 12:09:00,Y,,,,43.11,43.11 Consecutive Business Hours,,1,38,74,8974,0.35,0.23,0.42,0,2f9e99ef-6757-493b-8837-c1bd018413a3,,PDF,RUS,2026-02-20T22:02:00Z,2026-02-24T17:09:00Z,,,,,,2026-08-22T16:11:12Z,2026-08-22T16:11:12Z
MOHE-260223-1373,MHNY SWH STD Care Plan_4cb116d1-82a6-4381-ad2c-f2efcc3593ba_ru,NY Molina SWH – PDF,NY,2026-02-20 17:02:00,2026-02-24 13:20:00,Y,,,,44.3,44.30 Consecutive Business Hours,,1.25,134,417,12302,0.44,0.29,0.53,0,dde9eeb8-6cae-4d2b-9c0f-7d6e63e4ad28,,PDF,RUS,2026-02-20T22:02:00Z,2026-02-24T18:20:00Z,,,,,,2026-08-22T16:11:12Z,2026-08-22T16:11:12Z
MOHE-260223-1373,MHNY SWH STD Care Plan_d043d7ce-22d0-45c6-9860-14a31f8b1146_ru,NY Molina SWH – PDF,NY,2026-02-20 20:02:00,2026-02-24 13:20:00,Y,,,,41.3,41.30 Consecutive Business Hours,,,,,,0,0,0,0,6fa9d30b-8313-49eb-9f5a-927110407376,2,PDF,RUS,2026-02-21T01:02:00Z,2026-02-24T18:20:00Z,,,,,,2026-08-22T16:11:12Z,2026-08-22T16:11:12Z
MOHE-260223-1373,MHNY SWH STD UTC_493c5b43-7de2-4804-b209-b9c54a775351_ru,NY Molina SWH – PDF,NY,2026-02-20 20:02:00,2026-02-23 20:20:00,Y,,,,24.29,24.29 Consecutive Business Hours,,,,,,0,0,0,0,f66185fc-0e9a-4c80-8945-646021f9a944,,PDF,RUS,2026-02-21T01:02:00Z,2026-02-24T01:20:00Z,,,,,,2026-08-22T16:11:12Z,2026-08-22T16:11:12Z
MOHE-260223-1373,MHNY SWH STD Mbr Materials_6bf5f7d3-738a-498b-b2b0-1332a7ce6bc6_ru,NY Molina SWH – PDF,NY,2026-02-23 14:02:00,2026-02-23 20:20:00,Y,,,,6.29,6.29 Consecutive Business Hours,,,,,,0,0,0,0,9670c7b2-d389-46f3-a0bc-e4a025c605ca,,PDF,RUS,2026-02-23T19:02:00Z,2026-02-24T01:20:00Z,,,,,,2026-08-22T16:11:12Z,2026-08-22T16:11:12Z
MOHE-260223-1373,MHNY SWH STD Care Plan_567fb8d2-32f4-44c3-aaec-fb7c9596066b_ru,NY Molina SWH – PDF,NY,2026-02-23 14:03:00,2026-02-24 13:20:00,Y,,,,23.3,23.30 Consecutive Business Hours,,,,,,0,0,0,0,15e9f304-a7a6-49a0-b8cd-8b4ca823be9b,5,PDF,RUS,2026-02-23T19:03:00Z,2026-02-24T18:20:00Z,,,,,,2026-08-22T16:11:12Z,2026-08-22T16:11:12Z
MOHE-260224-1382,MHNY SWH STD Mbr Materials_fe996e22-0f7f-4615-8e7e-d913d5a56112_ru,NY Molina SWH – PDF,NY,2026-02-23 17:02:00,2026-02-25 13:15:00,Y,,,,44.23,44.23 Consecutive Business Hours,,2.35,42,15,6718,0.82,0.54,0.99,0,6a745494-c6ce-4c89-b305-efa01259d5ca,,PDF,RUS,2026-02-23T22:02:00Z,2026-02-25T18:15:00Z,,,,,,2026-08-22T16:11:12Z,2026-08-22T16:11:12Z
MOHE-260224-1382,MHNY SWH STD Mbr Materials_33424396-b0d0-4990-a865-d988747cd4bd_ru,NY Molina SWH – PDF,NY,2026-02-23 17:02:00,2026-02-25 13:15:00,Y,,,,44.22,44.22 Consecutive Business Hours,,,,,,0,0,0,0,a5fa00ae-f576-4bb3-bf83-22dd08048d6b,2,PDF,RUS,2026-02-23T22:02:00Z,2026-02-25T18:15:00Z,,,,,,2026-08-22T16:11:12Z,2026-08-22T16:11:12Z
MOHE-260224-1382,MHNY SWH STD Mbr Materials_2b175466-3c38-449e-8d28-5e0a6ff29839_ru,NY Molina SWH – PDF,NY,2026-02-23 17:02:00,2026-02-25 13:15:00,Y,,,,44.22,44.22 Consecutive Business Hours,,,,,,0,0,0,0,fe3dd858-c97f-4f85-b0ed-8f01ed27f7a4,,PDF,RUS,2026-02-23T22:02:00Z,2026-02-25T18:15:00Z,,,,,,2026-08-22T16:11:12Z,2026-08-22T16:11:12Z
MOHE-260224-1382,MHNY SWH STD Mbr Materials_7e307cc7-3c53-4b19-8b7a-c4b373333e96_ru,NY Molina SWH – PDF,NY,2026-02-23 20:02:00,2026-02-25 13:15:00,Y,,,,41.22,41.22 Consecutive Business Hours,,,,,,0,0,0,0,acda4cb6-2e8e-486f-845e-6d485eddefd6,,PDF,RUS,2026-02-24T01:02:00Z,2026-02-25T18:15:00Z,,,,,,2026-08-22T16:11:12Z,2026-08-22T16:11:12Z
MOHE-260224-1382,MHNY SWH STD Mbr Materials_d723cca0-7f3e-4f21-b7b1-1d059cd37cb3_ru,NY Molina SWH – PDF,NY,2026-02-23 20:03:00,2026-02-25 13:15:00,Y,,,,41.21,41.21 Consecutive Business Hours,,,,,,0,0,0,0,d7a69de6-80bb-44ae-a1a1-4b703987c748,,PDF,RUS,2026-02-24T01:03:00Z,2026-02-25T18:15:00Z,,,,,,2026-08-22T16:11:12Z,2026-08-22T16:11:12Z
MOHE-260224-1382,MHNY SWH STD Mbr Materials_99fdaba2-f686-4d66-bbd5-c561876c7b91_ru,NY Molina SWH – PDF,NY,2026-02-23 20:03:00,2026-02-25 13:15:00,Y,,,,41.21,41.21 Consecutive Business Hours,,,,,,0,0,0,0,b9849bda-88f9-473b-8aa5-278898b88b7c,2,PDF,RUS,2026-02-24T01:03:00Z,2026-02-25T18:15:00Z,,,,,,2026-08-22T16:11:12Z,2026-08-22T16:11:12Z
MOHE-260224-1382,MHNY SWH STD Care Plan_70645764-cb1b-443d-8471-c5b99992e18d_ru,NY Molina SWH – PDF,NY,2026-02-23 20:03:00,2026-02-25 13:15:00,Y,,,,41.21,41.21 Consecutive Business Hours,,,,,,0,0,0,0,4e3211a2-ee17-4ef8-acd3-5ba895bc521f,,PDF,RUS,2026-02-24T01:03:00Z,2026-02-25T18:15:00Z,,,,,,2026-08-22T16:11:12Z,2026-08-22T16:11:12Z
MOHE-260224-1382,MHNY SWH STD Mbr Materials_3a49ec62-c9c7-45ba-8091-87d481448108_ru,NY Molina SWH – PDF,NY,2026-02-23 20:03:00,2026-02-25 13:15:00,Y,,,,41.21,41.21 Consecutive Business Hours,,,,,,0,0,0,0,dbf2520d-91ae-42ec-8b05-0e9d1ff66db2,2,PDF,RUS,2026-02-24T01:03:00Z,2026-02-25T18:15:00Z,,,,,,2026-08-22T16:11:12Z,2026-08-22T16:11:12Z
MOHE-260224-1382,MHNY SWH STD Mbr Materials_15ff98f2-0d2d-4233-aa31-ad84c7f0ccfa_ru,NY Molina SWH – PDF,NY,2026-02-23 20:03:00,2026-02-25 13:15:00,Y,,,,41.21,41.21 Consecutive Business Hours,,,,,,0,0,0,0,8dda1f15-df1c-470b-a218-732c9c08f4b8,,PDF,RUS,2026-02-24T01:03:00Z,2026-02-25T18:15:00Z,,,,,,2026-08-22T16:11:12Z,2026-08-22T16:11:12Z
MOHE-260224-1391,MHNY SWH STD Care Plan_c14f0f14-6fd1-461c-9331-bce56d299bd5_ru,NY Molina SWH – PDF,NY,2026-02-24 14:03:00,2026-02-25 12:19:00,Y,,,,22.27,22.27 Consecutive Business Hours,,1.15,16,0,3211,0.4,0.26,0.48,0,157facfd-3d8c-439e-aa87-3ed2f1a59f72,,PDF,RUS,2026-02-24T19:03:00Z,2026-02-25T17:19:00Z,,,,,,2026-08-22T16:11:12Z,2026-08-22T16:11:12Z
MOHE-260224-1391,MHNY SWH STD Mbr Materials_f0d13e04-9d1c-4698-95c6-0afb2a661b5a_ru,NY Molina SWH – PDF,NY,2026-02-24 14:04:00,2026-02-24 16:09:00,Y,,,,2.1,2.10 Consecutive Business Hours,,,,,,0,0,0,0,02a15f5e-1b77-4899-95a1-e564a9cc6f02,,PDF,RUS,2026-02-24T19:04:00Z,2026-02-24T21:09:00Z,,,,,,2026-08-22T16:11:12Z,2026-08-22T16:11:12Z
MOHE-260224-1391,MHNY SWH STD Mbr Materials_a4e73a15-40f7-4594-8d5b-542b2559e7ce_ru,NY Molina SWH – PDF,NY,2026-02-24 14:04:00,2026-02-24 16:09:00,Y,,,,2.09,2.09 Consecutive Business Hours,,,,,,0,0,0,0,91440f3f-2c70-4342-89c9-6ce3109c48eb,,PDF,RUS,2026-02-24T19:04:00Z,2026-02-24T21:09:00Z,,,,,,2026-08-22T16:11:12Z,2026-08-22T16:11:12Z
MOHE-260225-1414,MHNY SWH STD UTC_41c85daa-585f-4ca6-91fa-1fb0cb3df19f_ru,NY Molina SWH – PDF,NY,2026-02-24 20:02:00,2026-02-25 17:00:00,Y,,,,20.96,20.96 Consecutive Business Hours,,1.4,288,70,7766,0.49,0.32,0.59,0,9be5a534-f8fc-4e1f-947c-0a8553f3717d,2,PDF,RUS,2026-02-25T01:02:00Z,2026-02-25T22:00:00Z,,,,,,2026-08-22T16:11:12Z,2026-08-22T16:11:12Z
MOHE-260225-1414,MHNY SWH STD Care Plan_151e1bab-0722-4bb3-b290-f111ee483116_ru,NY Molina SWH – PDF,NY,2026-02-24 20:03:00,2026-02-25 17:00:00,Y,,,,20.95,20.95 Consecutive Business Hours,,,,,,0,0,0,0,43c46775-ac25-4202-a4d8-50cd6ff517f9,,PDF,RUS,2026-02-25T01:03:00Z,2026-02-25T22:00:00Z,,,,,,2026-08-22T16:11:12Z,2026-08-22T16:11:12Z
MOHE-260225-1414,MHNY SWH STD Mbr Materials_e6d1e629-993e-47fa-9608-64164379de4e_ru,NY Molina SWH – PDF,NY,2026-02-25 03:01:00,2026-02-25 17:00:00,Y,,,,9.01,9.01 Consecutive Business Hours,,,,,,0,0,0,0,b9d51632-f7cc-4bbb-8882-e7434a6502b6,,PDF,RUS,2026-02-25T08:01:00Z,2026-02-25T22:00:00Z,,,,,,2026-08-22T16:11:12Z,2026-08-22T16:11:12Z
MOHE-260226-1443,MHNY SWH STD Mbr Materials_dc7566d3-6014-4ce8-93e2-8ffffe314e14_ru,NY Molina SWH – PDF,NY,2026-02-25 20:06:00,2026-02-27 15:27:00,Y,,,,43.36,43.36 Consecutive Business Hours,,1.15,8,18,3178,0.4,0.26,0.48,0,22095a06-8241-44a0-b99d-a86c536fa26a,2,PDF,RUS,2026-02-26T01:06:00Z,2026-02-27T20:27:00Z,,,,,,2026-08-22T16:11:12Z,2026-08-22T16:11:12Z
MOHE-260226-1443,MHNY SWH STD Care Plan_88d0dcf9-f388-470e-9bd5-a81f3f71333a_ru,NY Molina SWH – PDF,NY,2026-02-25 21:03:00,2026-02-27 15:27:00,Y,,,,31.47,31.47 Consecutive Business Hours,,,,,,0,0,0,0,0bfd9ce4-2b31-4ba7-8e5b-60b5d911f8c4,,PDF,RUS,2026-02-26T02:03:00Z,2026-02-27T20:27:00Z,,,,,,2026-08-22T16:11:12Z,2026-08-22T16:11:12Z
MOHE-260226-1443,MHNY SWH STD Mbr Materials_99535fd6-29a4-42a9-bceb-56c9aaffe496_ru,NY Molina SWH – PDF,NY,2026-02-26 00:02:00,2026-02-26 18:45:00,Y,,,,10.76,10.76 Consecutive Business Hours,,,,,,0,0,0,0,32f3dec4-7cf3-45ae-afcc-e68c58799ed7,,PDF,RUS,2026-02-26T05:02:00Z,2026-02-26T23:45:00Z,,,,,,2026-08-22T16:11:12Z,2026-08-22T16:11:12Z
MOHE-260227-1489,MHNY SWH STD Mbr Materials_a353db33-5a5a-4ec8-871e-75a99ad051ec_ru,NY Molina SWH – PDF,NY,2026-02-26 15:15:00,2026-03-02 16:22:00,Y,,,,49.12,49.12 Consecutive Business Hours,,6.4,267,39,23939,2.24,1.47,2.69,0,f3ed5ed0-acbf-49f5-b25a-a96ae1f7a6ea,2,PDF,RUS,2026-02-26T20:15:00Z,2026-03-02T21:22:00Z,,,,,,2026-08-22T16:11:12Z,2026-08-22T16:11:12Z
MOHE-260227-1489,MHNY SWH STD Mbr Materials_2950030b-2758-420c-92f1-b30f6b0d0a73_ru,NY Molina SWH – PDF,NY,2026-02-26 15:15:00,2026-03-02 16:20:00,Y,,,,49.09,49.09 Consecutive Business Hours,,,,,,0,0,0,0,f5c942c3-1d5e-41e7-b2a3-d43486060c91,,PDF,RUS,2026-02-26T20:15:00Z,2026-03-02T21:20:00Z,,,,,,2026-08-22T16:11:12Z,2026-08-22T16:11:12Z
MOHE-260227-1489,MHNY SWH STD Mbr Materials_5ea849c0-6eb7-469a-aac9-883054f8aea6_ru,NY Molina SWH – PDF,NY,2026-02-26 15:15:00,2026-03-02 16:20:00,Y,,,,49.09,49.09 Consecutive Business Hours,,,,,,0,0,0,0,e22bd0f5-2915-4f41-92e7-f45ebbce7d03,,PDF,RUS,2026-02-26T20:15:00Z,2026-03-02T21:20:00Z,,,,,,2026-08-22T16:11:12Z,2026-08-22T16:11:12Z
MOHE-260227-1489,MHNY SWH STD Care Plan_ae8ffd32-27cb-4029-9264-63755f049b60_ru,NY Molina SWH – PDF,NY,2026-02-26 15:15:00,2026-03-02 16:24:00,Y,,,,49.16,49.16 Consecutive Business Hours,,,,,,0,0,0,0,faa4f76e-3567-4795-a39a-fbc861c380ee,2,PDF,RUS,2026-02-26T20:15:00Z,2026-03-02T21:24:00Z,,,,,,2026-08-22T16:11:12Z,2026-08-22T16:11:12Z
MOHE-260227-1489,MHNY SWH STD Mbr Materials_22581019-64aa-433b-962b-cafdc4feb4e2_ru,NY Molina SWH – PDF,NY,2026-02-26 15:15:00,2026-03-02 16:22:00,Y,,,,49.12,49.12 Consecutive Business Hours,,,,,,0,0,0,0,0b1b7c83-8193-4614-93d7-7eb30a380cd2,,PDF,RUS,2026-02-26T20:15:00Z,2026-03-02T21:22:00Z,,,,,,2026-08-22T16:11:12Z,2026-08-22T16:11:12Z
MOHE-260227-1489,MHNY SWH STD Mbr Materials_e96dbd6f-3aef-4535-a6f3-b5611ca8c602_ru,NY Molina SWH – PDF,NY,2026-02-26 15:15:00,2026-03-02 16:22:00,Y,,,,49.13,49.13 Consecutive Business Hours,,,,,,0,0,0,0,741f0aaa-7962-4e2f-8fe1-6560bc49d7c3,,PDF,RUS,2026-02-26T20:15:00Z,2026-03-02T21:22:00Z,,,,,,2026-08-22T16:11:12Z,2026-08-22T16:11:12Z
MOHE-260227-1489,MHNY SWH STD Mbr Materials_1d8b173e-0048-4c76-846e-9c65ff62a0b9_ru,NY Molina SWH – PDF,NY,2026-02-26 22:00:00,2026-03-02 16:20:00,Y,,,,32.34,32.34 Consecutive Business Hours,,,,,,0,0,0,0,454b7db3-8f32-4a56-b929-0edbc150904f,,PDF,RUS,2026-02-27T03:00:00Z,2026-03-02T21:20:00Z,,,,,,2026-08-22T16:11:12Z,2026-08-22T16:11:12Z
MOHE-260227-1489,MHNY SWH STD Mbr Materials_c03fb990-8122-475f-803f-347f8bc20bca_ru,NY Molina SWH – PDF,NY,2026-02-26 22:01:00,2026-03-02 16:22:00,Y,,,,32.38,32.38 Consecutive Business Hours,,,,,,0,0,0,0,69e6b827-4158-40b7-9431-e265b141c542,2,PDF,RUS,2026-02-27T03:01:00Z,2026-03-02T21:22:00Z,,,,,,2026-08-22T16:11:12Z,2026-08-22T16:11:12Z
MOHE-260227-1489,MHNY SWH STD Mbr Materials_da0b105f-90cd-4532-9f44-e01414fd4483_ru,NY Molina SWH – PDF,NY,2026-02-26 22:01:00,2026-03-02 16:22:00,Y,,,,32.38,32.38 Consecutive Business Hours,,,,,,0,0,0,0,9f5e86af-7846-476a-bcf5-cacc77200f3d,,PDF,RUS,2026-02-27T03:01:00Z,2026-03-02T21:22:00Z,,,,,,2026-08-22T16:11:12Z,2026-08-22T16:11:12Z
MOHE-260227-1489,MHNY SWH STD Mbr Materials_77e49edd-be67-4123-be8d-57b6bcb880e8_ru,NY Molina SWH – PDF,NY,2026-02-26 22:01:00,2026-03-02 16:20:00,Y,,,,32.34,32.34 Consecutive Business Hours,,,,,,0,0,0,0,9fcc9b88-7941-4ad5-a494-3d4cf766f9a7,,PDF,RUS,2026-02-27T03:01:00Z,2026-03-02T21:20:00Z,,,,,,2026-08-22T16:11:12Z,2026-08-22T16:11:12Z
MOHE-260227-1489,MHNY SWH STD Mbr Materials_6f3ac3d0-bf9b-44fb-9f59-a86f699c91c7_ru,NY Molina SWH – PDF,NY,2026-02-26 22:01:00,2026-03-02 16:20:00,Y,,,,32.34,32.34 Consecutive Business Hours,,,,,,0,0,0,0,a257a052-e41e-43d2-82c3-def15edd81c8,,PDF,RUS,2026-02-27T03:01:00Z,2026-03-02T21:20:00Z,,,,,,2026-08-22T16:11:12Z,2026-08-22T16:11:12Z
MOHE-260227-1489,MHNY SWH STD Mbr Materials_dfee86be-7df0-45ea-ae20-e3b47742e0d1_ru,NY Molina SWH – PDF,NY,2026-02-26 22:01:00,2026-03-02 16:22:00,Y,,,,32.38,32.38 Consecutive Business Hours,,,,,,0,0,0,0,8a412c92-43fb-48e2-ad9e-26faed5ed1f8,2,PDF,RUS,2026-02-27T03:01:00Z,2026-03-02T21:22:00Z,,,,,,2026-08-22T16:11:12Z,2026-08-22T16:11:12Z
MOHE-260227-1489,MHNY SWH STD Mbr Materials_c954f75f-fe0f-4b2c-989f-71e9ad19fea3_ru,NY Molina SWH – PDF,NY,2026-02-26 22:01:00,2026-03-02 16:22:00,Y,,,,32.38,32.38 Consecutive Business Hours,,,,,,0,0,0,0,345c83b1-4bb4-4f35-8aac-42f79b2e9e41,,PDF,RUS,2026-02-27T03:01:00Z,2026-03-02T21:22:00Z,,,,,,2026-08-22T16:11:12Z,2026-08-22T16:11:12Z
MOHE-260227-1489,MHNY SWH STD Mbr Materials_86c3f9b5-1d55-4543-9296-4276c044d20e_ru,NY Molina SWH – PDF,NY,2026-02-26 22:01:00,2026-03-02 16:20:00,Y,,,,32.34,32.34 Consecutive Business Hours,,,,,,0,0,0,0,2a6cf557-9c32-4f74-948e-d30e592942c3,,PDF,RUS,2026-02-27T03:01:00Z,2026-03-02T21:20:00Z,,,,,,2026-08-22T16:11:12Z,2026-08-22T16:11:12Z
MOHE-260227-1489,MHNY SWH STD Advance Directive_5b4c7585-3bed-47ce-86e9-d4ca03195509_ru,NY Molina SWH – PDF,NY,2026-02-26 22:01:00,2026-03-02 16:20:00,Y,,,,32.34,32.34 Consecutive Business Hours,,,,,,0,0,0,0,24f12bf6-0ecc-4263-9efb-e5bd2fbe0cab,1,PDF,RUS,2026-02-27T03:01:00Z,2026-03-02T21:20:00Z,,,,,,2026-08-22T16:11:12Z,2026-08-22T16:11:12Z
MOHE-260227-1489,MHNY SWH STD Mbr Materials_f94063a3-7314-4e13-80e5-67052a4c3942_ru,NY Molina SWH – PDF,NY,2026-02-26 22:01:00,2026-03-02 16:22:00,Y,,,,32.38,32.38 Consecutive Business Hours,,,,,,0,0,0,0,b219b96c-6d85-4b82-84b4-29a71bbfa94f,,PDF,RUS,2026-02-27T03:01:00Z,2026-03-02T21:22:00Z,,,,,,2026-08-22T16:11:12Z,2026-08-22T16:11:12Z
MOHE-260227-1489,MHNY SWH STD Mbr Materials_59c13d65-072a-4452-afc3-eeeb48cc9413_ru,NY Molina SWH – PDF,NY,2026-02-26 22:01:00,2026-03-02 16:20:00,Y,,,,32.34,32.34 Consecutive Business Hours,,,,,,0,0,0,0,cb9156bb-2b73-494d-b038-2f36bc6f76bf,,PDF,RUS,2026-02-27T03:01:00Z,2026-03-02T21:20:00Z,,,,,,2026-08-22T16:11:12Z,2026-08-22T16:11:12Z
MOHE-260227-1489,MHNY SWH STD Mbr Materials_97c43c5d-2042-428e-a88b-4244249ef58f_ru,NY Molina SWH – PDF,NY,2026-02-26 22:01:00,2026-03-02 16:20:00,Y,,,,32.34,32.34 Consecutive Business Hours,,,,,,0,0,0,0,1c90fd5d-b94c-466d-957f-9bae37c5eabd,1,PDF,RUS,2026-02-27T03:01:00Z,2026-03-02T21:20:00Z,,,,,,2026-08-22T16:11:12Z,2026-08-22T16:11:12Z
MOHE-260227-1489,MHNY SWH STD Mbr Materials_da63abc4-1a1a-4309-a779-15ad58ffe79c_ru,NY Molina SWH – PDF,NY,2026-02-26 22:01:00,2026-03-02 16:22:00,Y,,,,32.38,32.38 Consecutive Business Hours,,,,,,0,0,0,0,81a5d80e-4b0b-45e6-b1f9-422d3a21c9bd,1,PDF,RUS,2026-02-27T03:01:00Z,2026-03-02T21:22:00Z,,,,,,2026-08-22T16:11:12Z,2026-08-22T16:11:12Z
MOHE-260227-1489,MHNY SWH STD Mbr Materials_51665611-2be2-41ed-ba68-d3c7a4e3721f_ru,NY Molina SWH – PDF,NY,2026-02-26 22:01:00,2026-03-02 16:22:00,Y,,,,32.37,32.37 Consecutive Business Hours,,,,,,0,0,0,0,1352e3c0-d81e-4c13-945b-60a32c2220dc,,PDF,RUS,2026-02-27T03:01:00Z,2026-03-02T21:22:00Z,,,,,,2026-08-22T16:11:12Z,2026-08-22T16:11:12Z
MOHE-260227-1489,MHNY SWH STD Mbr Materials_1819832d-9fc8-467f-b974-fc6827ebddc4_ru,NY Molina SWH – PDF,NY,2026-02-26 22:01:00,2026-03-02 16:20:00,Y,,,,32.34,32.34 Consecutive Business Hours,,,,,,0,0,0,0,83df30b2-c02a-4274-b118-83e75eca2069,,PDF,RUS,2026-02-27T03:01:00Z,2026-03-02T21:20:00Z,,,,,,2026-08-22T16:11:12Z,2026-08-22T16:11:12Z
MOHE-260227-1489,MHNY SWH STD Mbr Materials_b5fbdeb2-07f6-4294-a9cd-c143c1575235_ru,NY Molina SWH – PDF,NY,2026-02-26 22:01:00,2026-03-02 16:22:00,Y,,,,32.38,32.38 Consecutive Business Hours,,,,,,0,0,0,0,a5d69073-891c-4f63-950a-36cb0968effd,5,PDF,RUS,2026-02-27T03:01:00Z,2026-03-02T21:22:00Z,,,,,,2026-08-22T16:11:12Z,2026-08-22T16:11:12Z
MOHE-260227-1489,MHNY SWH STD Mbr Materials_1d837c29-44cc-4377-8224-64aec1407186_ru,NY Molina SWH – PDF,NY,2026-02-26 22:01:00,2026-03-02 16:20:00,Y,,,,32.34,32.34 Consecutive Business Hours,,,,,,0,0,0,0,0eb68641-539c-4835-93cd-54c027f06632,,PDF,RUS,2026-02-27T03:01:00Z,2026-03-02T21:20:00Z,,,,,,2026-08-22T16:11:12Z,2026-08-22T16:11:12Z
MOHE-260227-1489,MHNY SWH STD Care Plan_fe10427e-d0ff-42be-a317-4fb2466839c8_ru,NY Molina SWH – PDF,NY,2026-02-26 22:01:00,2026-03-02 16:24:00,Y,,,,32.41,32.41 Consecutive Business Hours,,,,,,0,0,0,0,ba1b8660-9f20-4b86-9080-cdf359dc374f,5,PDF,RUS,2026-02-27T03:01:00Z,2026-03-02T21:24:00Z,,,,,,2026-08-22T16:11:12Z,2026-08-22T16:11:12Z
MOHE-260227-1489,MHNY SWH STD Advance Directive_80ab89aa-2652-47f7-84f3-81b57bebcfa0_ru,NY Molina SWH – PDF,NY,2026-02-27 14:03:00,2026-03-03 08:54:00,Y,,,,42.87,42.87 Consecutive Business Hours,,2.45,131,68,12803,0.86,0.56,1.03,0,cb242ca6-236f-44d5-8494-66392ec3ed9a,,PDF,RUS,2026-02-27T19:03:00Z,2026-03-03T13:54:00Z,,,,,,2026-08-22T16:11:12Z,2026-08-22T16:11:12Z
MOHE-260227-1489,MHNY SWH STD Mbr Materials_64004604-50b2-43d3-abc8-6cd76418d84a_ru,NY Molina SWH – PDF,NY,2026-02-27 15:00:00,2026-03-03 08:55:00,Y,,,,41.92,41.92 Consecutive Business Hours,,,,,,0,0,0,0,e72dddf3-b558-4672-b7ef-c3154476d42a,,PDF,RUS,2026-02-27T20:00:00Z,2026-03-03T13:55:00Z,,,,,,2026-08-22T16:11:12Z,2026-08-22T16:11:12Z
MOHE-260227-1489,MHNY SWH STD Mbr Materials_c37287d6-8faa-487b-873c-e3fb8d5e4607_ru,NY Molina SWH – PDF,NY,2026-02-27 17:00:00,2026-03-03 08:55:00,Y,,,,39.92,39.92 Consecutive Business Hours,,,,,,0,0,0,0,2f727f3a-cee7-4e86-a255-e2cac9fa17fc,5,PDF,RUS,2026-02-27T22:00:00Z,2026-03-03T13:55:00Z,,,,,,2026-08-22T16:11:12Z,2026-08-22T16:11:12Z
MOHE-260227-1489,MHNY SWH STD Mbr Materials_1d72f128-5fba-4cca-9d80-09c1253b09d3_ru,NY Molina SWH – PDF,NY,2026-02-27 17:00:00,2026-03-03 08:55:00,Y,,,,39.92,39.92 Consecutive Business Hours,,,,,,0,0,0,0,60918207-2573-49e4-b861-10e526d545a2,,PDF,RUS,2026-02-27T22:00:00Z,2026-03-03T13:55:00Z,,,,,,2026-08-22T16:11:12Z,2026-08-22T16:11:12Z
MOHE-260227-1489,MHNY SWH STD Care Plan_08778c22-38b3-451f-8c4f-d1761782a34b_ru,NY Molina SWH – PDF,NY,2026-02-27 17:00:00,2026-03-03 13:11:00,Y,,,,44.19,44.19 Consecutive Business Hours,,,,,,0,0,0,0,bb8174b7-81a6-4c6f-9ff8-c0cbe757f866,,PDF,RUS,2026-02-27T22:00:00Z,2026-03-03T18:11:00Z,,,,,,2026-08-22T16:11:12Z,2026-08-22T16:11:12Z
MOHE-260227-1489,MHNY SWH STD Mbr Materials_9ef54d83-565e-42d2-9c45-447eb710a892_ru,NY Molina SWH – PDF,NY,2026-02-27 17:00:00,2026-03-03 08:55:00,Y,,,,39.92,39.92 Consecutive Business Hours,,,,,,0,0,0,0,308b78f6-e2c7-4a0c-8af7-1bba70bc3d5a,,PDF,RUS,2026-02-27T22:00:00Z,2026-03-03T13:55:00Z,,,,,,2026-08-22T16:11:12Z,2026-08-22T16:11:12Z
MOHE-260227-1489,MHNY SWH STD Mbr Materials_1302e116-d2a8-45da-90be-200a98375412_ru,NY Molina SWH – PDF,NY,2026-02-27 20:00:00,2026-03-03 08:55:00,Y,,,,36.92,36.92 Consecutive Business Hours,,,,,,0,0,0,0,4be94f6b-8a75-4d29-8410-3fbfdd107cb6,5,PDF,RUS,2026-02-28T01:00:00Z,2026-03-03T13:55:00Z,,,,,,2026-08-22T16:11:12Z,2026-08-22T16:11:12Z
MOHE-260227-1489,MHNY SWH STD UTC_ce5c90b9-7dbe-49c4-978c-7a88980db153_ru,NY Molina SWH – PDF,NY,2026-02-28 23:00:00,2026-03-03 08:55:00,Y,,,,24.92,24.92 Consecutive Business Hours,,,,,,0,0,0,0,e55df7d0-0046-44d5-872b-f3c213f3d8ef,5,PDF,RUS,2026-03-01T04:00:00Z,2026-03-03T13:55:00Z,,,,,,2026-08-22T16:11:12Z,2026-08-22T16:11:12Z
MOHE-260227-1489,MHNY SWH STD UTC_4175e0da-c5ad-4c25-9b4b-a0a76d3768d8_ru,NY Molina SWH – PDF,NY,2026-02-28 23:00:00,2026-03-03 08:55:00,Y,,,,24.92,24.92 Consecutive Business Hours,,,,,,0,0,0,0,da512613-e081-42c9-9ca6-49f7471512dd,,PDF,RUS,2026-03-01T04:00:00Z,2026-03-03T13:55:00Z,,,,,,2026-08-22T16:11:12Z,2026-08-22T16:11:12Z
MOHE-260227-1489,MHNY SWH STD Mbr Materials_e2217b62-3434-42bc-82db-0690c91d081a_ru,NY Molina SWH – PDF,NY,2026-03-02 01:03:00,2026-03-03 08:55:00,Y,,,,24.92,24.92 Consecutive Business Hours,,,,,,0,0,0,0,e1ff21ee-e25e-41af-a948-060c6b0eff7d,,PDF,RUS,2026-03-02T06:03:00Z,2026-03-03T13:55:00Z,,,,,,2026-08-22T16:11:12Z,2026-08-22T16:11:12Z
MOHE-260227-1489,MHNY SWH STD Mbr Materials_1afd63e5-1b84-4e36-9699-2098db350572_ru,NY Molina SWH – PDF,NY,2026-03-02 01:03:00,2026-03-03 08:55:00,Y,,,,24.92,24.92 Consecutive Business Hours,,,,,,0,0,0,0,f5d68a92-dd9f-4492-a75a-b0b72dc167df,,PDF,RUS,2026-03-02T06:03:00Z,2026-03-03T13:55:00Z,,,,,,2026-08-22T16:11:12Z,2026-08-22T16:11:12Z
MOHE-260227-1489,MHNY SWH STD Mbr Materials_8d4b4211-5010-47f7-ab38-ba4e4a319d2b_ru,NY Molina SWH – PDF,NY,2026-03-02 01:03:00,2026-03-03 08:55:00,Y,,,,24.92,24.92 Consecutive Business Hours,,,,,,0,0,0,0,6f20be10-e863-4fd8-97f0-9511b0701acb,,PDF,RUS,2026-03-02T06:03:00Z,2026-03-03T13:55:00Z,,,,,,2026-08-22T16:11:12Z,2026-08-22T16:11:12Z
MOHE-260303-1574,MHNY SWH STD Mbr Materials_ee38d1b1-488a-47c5-b18d-36981b7088a5_ru,NY Molina SWH – PDF,NY,2026-03-02 14:00:00,2026-03-03 17:16:00,Y,,,,27.26,27.26 Consecutive Business Hours,,3.75,145,132,18750,1.31,0.86,1.58,0,c851c5d2-c436-492e-b57b-da00ce99b8b0,,PDF,RUS,2026-03-02T19:00:00Z,2026-03-03T22:16:00Z,,,,,,2026-08-22T16:11:12Z,2026-08-22T16:11:12Z
MOHE-260303-1574,MHNY SWH STD Care Plan_fc6ab3b0-8da5-4e2d-93c4-d7e0b3068787_ru,NY Molina SWH – PDF,NY,2026-03-02 14:00:00,2026-03-03 17:16:00,Y,,,,27.26,27.26 Consecutive Business Hours,,,,,,0,0,0,0,82271170-ecdb-4d61-9c36-ffae9e58e007,,PDF,RUS,2026-03-02T19:00:00Z,2026-03-03T22:16:00Z,,,,,,2026-08-22T16:11:12Z,2026-08-22T16:11:12Z
MOHE-260303-1574,MHNY SWH STD Mbr Materials_409bcb96-6d8b-4945-ab49-2ae8be4a0397_ru,NY Molina SWH – PDF,NY,2026-03-02 14:00:00,2026-03-03 17:16:00,Y,,,,27.25,27.25 Consecutive Business Hours,,,,,,0,0,0,0,7e2b453c-5c2b-459d-aa9c-1b480692e13e,,PDF,RUS,2026-03-02T19:00:00Z,2026-03-03T22:16:00Z,,,,,,2026-08-22T16:11:12Z,2026-08-22T16:11:12Z
MOHE-260303-1574,MHNY SWH STD Mbr Materials_372e1ceb-5c57-4fc0-bf5f-351494c71d90_ru,NY Molina SWH – PDF,NY,2026-03-02 17:00:00,2026-03-03 17:16:00,Y,,,,24.26,24.26 Consecutive Business Hours,,,,,,0,0,0,0,e14a9db7-0627-465f-9359-45a2ca19adcc,,PDF,RUS,2026-03-02T22:00:00Z,2026-03-03T22:16:00Z,,,,,,2026-08-22T16:11:12Z,2026-08-22T16:11:12Z
MOHE-260303-1574,MHNY SWH STD Care Plan_24d38624-0822-43e9-b606-e59f4b119a7c_ru,NY Molina SWH – PDF,NY,2026-03-02 20:00:00,2026-03-03 17:16:00,Y,,,,21.25,21.25 Consecutive Business Hours,,,,,,0,0,0,0,b0079737-01c9-4e8e-aa51-9666085bd2ac,,PDF,RUS,2026-03-03T01:00:00Z,2026-03-03T22:16:00Z,,,,,,2026-08-22T16:11:12Z,2026-08-22T16:11:12Z
MOHE-260303-1574,MHNY SWH STD Mbr Materials_989c02ad-5637-4f43-bee0-412e0aa448d1_ru,NY Molina SWH – PDF,NY,2026-03-02 20:00:00,2026-03-03 17:16:00,Y,,,,21.25,21.25 Consecutive Business Hours,,,,,,0,0,0,0,49824a6d-62e1-41b4-a414-35514feffcbe,,PDF,RUS,2026-03-03T01:00:00Z,2026-03-03T22:16:00Z,,,,,,2026-08-22T16:11:12Z,2026-08-22T16:11:12Z
MOHE-260303-1574,MHNY SWH STD Mbr Materials_44f3a1e5-e13c-4a05-986e-d6777ec1886c_ru,NY Molina SWH – PDF,NY,2026-03-02 20:00:00,2026-03-03 17:16:00,Y,,,,21.25,21.25 Consecutive Business Hours,,,,,,0,0,0,0,ea353827-f036-4a25-ad3f-16997db7e6e9,,PDF,RUS,2026-03-03T01:00:00Z,2026-03-03T22:16:00Z,,,,,,2026-08-22T16:11:12Z,2026-08-22T16:11:12Z
MOHE-260303-1574,MHNY SWH STD Care Plan_fc3d6045-9fb7-45c2-8495-802330c68f52_ru,NY Molina SWH – PDF,NY,2026-03-02 20:00:00,2026-03-03 17:16:00,Y,,,,21.25,21.25 Consecutive Business Hours,,,,,,0,0,0,0,022e9532-8ac5-438d-8548-e83e87fe216c,,PDF,RUS,2026-03-03T01:00:00Z,2026-03-03T22:16:00Z,,,,,,2026-08-22T16:11:12Z,2026-08-22T16:11:12Z
MOHE-260303-1603,MHNY SWH STD Mbr Materials_12e48250-3874-4009-a8e2-4b419c497e1c_ru,NY Molina SWH – PDF,NY,2026-03-03 14:00:00,2026-03-04 13:05:00,Y,,,,23.08,23.08 Consecutive Business Hours,,0.2,0,10,589,0.07,0.05,0.08,0,0a5884ee-1760-4608-90f8-279d2c91c916,,PDF,RUS,2026-03-03T19:00:00Z,2026-03-04T18:05:00Z,,,,,,2026-08-22T16:11:12Z,2026-08-22T16:11:12Z
MOHE-260304-1618,MHNY SWH STD Care Plan_12e6e26a-a3a2-4295-9156-4a185b479345_ru,NY Molina SWH – PDF,NY,2026-03-03 17:00:00,2026-03-05 12:58:00,Y,,,,43.97,43.97 Consecutive Business Hours,,5.35,909,455,30080,1.87,1.23,2.25,0,4809ea88-9bda-403a-82c7-f8b954736e06,,PDF,RUS,2026-03-03T22:00:00Z,2026-03-05T17:58:00Z,,,,,,2026-08-22T16:11:12Z,2026-08-22T16:11:12Z
MOHE-260304-1618,MHNY SWH STD Care Plan_1b4e472a-9609-499c-9237-ffdb355b3e37_ru,NY Molina SWH – PDF,NY,2026-03-03 17:00:00,2026-03-05 12:58:00,Y,,,,43.97,43.97 Consecutive Business Hours,,,,,,0,0,0,0,d6881a91-3364-487c-8c8f-7ecb1c016820,,PDF,RUS,2026-03-03T22:00:00Z,2026-03-05T17:58:00Z,,,,,,2026-08-22T16:11:12Z,2026-08-22T16:11:12Z
MOHE-260304-1618,MHNY SWH STD Care Plan_8c21e57c-6f30-4a8d-b262-9db9733ac87a_ru,NY Molina SWH – PDF,NY,2026-03-03 20:00:00,2026-03-05 12:58:00,Y,,,,40.97,40.97 Consecutive Business Hours,,,,,,0,0,0,0,3bd0b2c5-115a-4004-ac51-3a3c24075b4d,,PDF,RUS,2026-03-04T01:00:00Z,2026-03-05T17:58:00Z,,,,,,2026-08-22T16:11:12Z,2026-08-22T16:11:12Z
MOHE-260304-1618,MHNY SWH STD Mbr Materials_d2c10cea-14c9-4c76-8c09-743788bdb86d_ru,NY Molina SWH – PDF,NY,2026-03-04 14:00:00,2026-03-05 12:51:00,Y,,,,22.86,22.86 Consecutive Business Hours,,,,,,0,0,0,0,a2aeed99-8d59-4a55-8c4f-0ed5c78276bf,,PDF,RUS,2026-03-04T19:00:00Z,2026-03-05T17:51:00Z,,,,,,2026-08-22T16:11:12Z,2026-08-22T16:11:12Z
MOHE-260304-1618,MHNY SWH STD Mbr Materials_a3b8c867-75c5-4134-972c-70a1891929c2_ru,NY Molina SWH – PDF,NY,2026-03-04 14:00:00,2026-03-05 12:51:00,Y,,,,22.86,22.86 Consecutive Business Hours,,,,,,0,0,0,0,b0881419-2e8b-4e3b-ac23-395ecbd26e51,,PDF,RUS,2026-03-04T19:00:00Z,2026-03-05T17:51:00Z,,,,,,2026-08-22T16:11:12Z,2026-08-22T16:11:12Z
MOHE-260304-1618,MHNY SWH STD Care Plan_6959fb63-d835-43c4-b3fd-11852b0d737b_ru,NY Molina SWH – PDF,NY,2026-03-04 14:00:00,2026-03-05 12:58:00,Y,,,,22.97,22.97 Consecutive Business Hours,,,,,,0,0,0,0,a8193228-2725-41b9-b2cb-70dcd3f42def,,PDF,RUS,2026-03-04T19:00:00Z,2026-03-05T17:58:00Z,,,,,,2026-08-22T16:11:12Z,2026-08-22T16:11:12Z
MOHE-260304-1618,MHNY SWH STD Mbr Materials_6f9e6565-d408-4f5b-86b0-8a739e3f3ed2_ru,NY Molina SWH – PDF,NY,2026-03-04 14:00:00,2026-03-05 12:51:00,Y,,,,22.85,22.85 Consecutive Business Hours,,,,,,0,0,0,0,828c21ae-08c3-47ea-830b-eee2ec1a280c,,PDF,RUS,2026-03-04T19:00:00Z,2026-03-05T17:51:00Z,,,,,,2026-08-22T16:11:12Z,2026-08-22T16:11:12Z
MOHE-260304-1618,MHNY SWH STD Mbr Materials_0e79b146-e851-4147-9a82-483951ee0a81_ru,NY Molina SWH – PDF,NY,2026-03-04 14:00:00,2026-03-05 12:58:00,Y,,,,22.97,22.97 Consecutive Business Hours,,,,,,0,0,0,0,1c9f293c-b942-419e-b14b-41242d99af00,,PDF,RUS,2026-03-04T19:00:00Z,2026-03-05T17:58:00Z,,,,,,2026-08-22T16:11:12Z,2026-08-22T16:11:12Z
MOHE-260304-1648,MHNY SWH STD Care Plan_f5d53522-c701-46e2-9c36-c3b4e028b259_ru,NY Molina SWH – PDF,NY,2026-03-03 17:00:00,2026-03-05 13:01:00,Y,,,,44.02,44.02 Consecutive Business Hours,,5.6,387,795,,1.96,1.29,2.35,0,640a70b2-044f-42da-b2a1-0b6d503be495,,PDF,RUS,2026-03-03T22:00:00Z,2026-03-05T18:01:00Z,,,,,,2026-08-22T16:11:12Z,2026-08-22T16:11:12Z
MOHE-260304-1648,MHNY SWH STD Care Plan_92f54b2f-7b49-4e45-9c2d-de4221132af9_ru,NY Molina SWH – PDF,NY,2026-03-03 17:00:00,2026-03-05 13:01:00,Y,,,,44.02,44.02 Consecutive Business Hours,,,,,,0,0,0,0,5be44a71-b050-46c4-9072-61a065e11183,,PDF,RUS,2026-03-03T22:00:00Z,2026-03-05T18:01:00Z,,,,,,2026-08-22T16:11:12Z,2026-08-22T16:11:12Z
MOHE-260304-1648,MHNY SWH STD Care Plan_bf53d930-9820-41f6-a5be-948a0675d27c_ru,NY Molina SWH – PDF,NY,2026-03-03 17:00:00,2026-03-05 13:01:00,Y,,,,44.01,44.01 Consecutive Business Hours,,,,,,0,0,0,0,c60b8bbc-36bb-46e1-ac62-d33b25834efa,,PDF,RUS,2026-03-03T22:00:00Z,2026-03-05T18:01:00Z,,,,,,2026-08-22T16:11:12Z,2026-08-22T16:11:12Z
MOHE-260304-1648,MHNY SWH STD Mbr Materials_8f8319d0-061d-4b7d-afef-e2cd309c4d89_ru,NY Molina SWH – PDF,NY,2026-03-03 20:00:00,2026-03-05 13:01:00,Y,,,,41.02,41.02 Consecutive Business Hours,,,,,,0,0,0,0,3eebd4ed-e301-45fd-acc7-a822c03f2803,,PDF,RUS,2026-03-04T01:00:00Z,2026-03-05T18:01:00Z,,,,,,2026-08-22T16:11:12Z,2026-08-22T16:11:12Z
MOHE-260304-1648,MHNY SWH STD Care Plan_98512e17-e02b-4412-bb0a-e3c0b0a09907_ru_ERR,NY Molina SWH – PDF,NY,2026-03-03 20:00:00,2026-03-05 13:01:00,Y,,,,41.02,41.02 Consecutive Business Hours,,,,,,0,0,0,0,be060769-a9b4-42af-bfdb-0ab6cd3e87a5,,PDF,RUS,2026-03-04T01:00:00Z,2026-03-05T18:01:00Z,,,,,,2026-08-22T16:11:12Z,2026-08-22T16:11:12Z
MOHE-260304-1648,MHNY SWH STD Care Plan_24f52c24-2233-456e-acdf-a4b113fa546a_ru,NY Molina SWH – PDF,NY,2026-03-03 21:00:00,2026-03-05 13:01:00,Y,,,,29.02,29.02 Consecutive Business Hours,,,,,,0,0,0,0,d709c0b4-d62c-4c25-9b8f-1c7908fcad3c,,PDF,RUS,2026-03-04T02:00:00Z,2026-03-05T18:01:00Z,,,,,,2026-08-22T16:11:12Z,2026-08-22T16:11:12Z
MOHE-260304-1648,MHNY SWH STD Mbr Materials_87333845-c160-4ec2-82b3-8159978bff69_ru,NY Molina SWH – PDF,NY,2026-03-03 23:00:00,2026-03-05 13:01:00,Y,,,,29.02,29.02 Consecutive Business Hours,,,,,,0,0,0,0,9ebba46c-21fc-4499-9619-49fd097ad5cd,,PDF,RUS,2026-03-04T04:00:00Z,2026-03-05T18:01:00Z,,,,,,2026-08-22T16:11:12Z,2026-08-22T16:11:12Z
MOHE-260304-1648,MHNY SWH STD Mbr Materials_ebfd1961-5d6f-4fe8-ae7e-3c182ebdf0d5_ru,NY Molina SWH – PDF,NY,2026-03-03 23:00:00,2026-03-05 13:01:00,Y,,,,29.02,29.02 Consecutive Business Hours,,,,,,0,0,0,0,24dfe22f-bb47-43ff-b116-31344c73a4a7,,PDF,RUS,2026-03-04T04:00:00Z,2026-03-05T18:01:00Z,,,,,,2026-08-22T16:11:12Z,2026-08-22T16:11:12Z
MOHE-260305-1654,MHNY SWH STD Care Plan_b2212503-237a-4ff1-8584-cb9398e188a8_ru,NY Molina SWH – PDF,NY,2026-03-04 20:00:00,2026-03-05 16:37:00,Y,,,,20.62,20.62 Consecutive Business Hours,received manual,6.1,638,388,29442,2.14,1.4,2.56,0,c18e43eb-e7cd-4a32-aaf9-48a32ff935a6,,PDF,RUS,2026-03-05T01:00:00Z,2026-03-05T21:37:00Z,,,,,,2026-08-22T16:11:12Z,2026-08-22T16:11:12Z
MOHE-260305-1654,MHNY SWH STD Care Plan_c558a769-068a-4d69-bbd6-7c91b9746ce9_ru,NY Molina SWH – PDF,NY,2026-03-04 17:00:00,2026-03-06 09:01:00,Y,,,,40.02,40.02 Consecutive Business Hours,received manual,,,,,0,0,0,0,0d609f22-ee72-4c6c-8f1b-88f0d7ba3951,,PDF,RUS,2026-03-04T22:00:00Z,2026-03-06T14:01:00Z,,,,,,2026-08-22T16:11:12Z,2026-08-22T16:11:12Z
MOHE-260305-1654,MHNY SWH STD Care Plan_cf657e09-2a75-4f90-8746-28e9115aaf28_ru,NY Molina SWH – PDF,NY,2026-03-04 17:00:00,2026-03-06 09:01:00,Y,,,,40.02,40.02 Consecutive Business Hours,received manual,,,,,0,0,0,0,2ef3f5e1-243e-4c91-abfb-1035c5a19ef1,,PDF,RUS,2026-03-04T22:00:00Z,2026-03-06T14:01:00Z,,,,,,2026-08-22T16:11:12Z,2026-08-22T16:11:12Z
MOHE-260305-1654,MHNY SWH STD Care Plan_db43f961-85d8-4d69-ad07-c8b54e6dbc22_ru,NY Molina SWH – PDF,NY,2026-03-04 20:00:00,2026-03-06 09:01:00,Y,,,,37.02,37.02 Consecutive Business Hours,received manual,,,,,0,0,0,0,f3cc0432-a950-4e66-9215-b65bc9fc7017,,PDF,RUS,2026-03-05T01:00:00Z,2026-03-06T14:01:00Z,,,,,,2026-08-22T16:11:12Z,2026-08-22T16:11:12Z
MOHE-260305-1654,MHNY SWH STD Care Plan_e29c7868-7dc7-46a6-a0e2-7166fc80e396_ru,NY Molina SWH – PDF,NY,2026-03-04 23:00:00,2026-03-06 09:01:00,Y,,,,25.02,25.02 Consecutive Business Hours,received manual,,,,,0,0,0,0,d4b61ed1-7be8-4fcd-9aa8-0a90c8459085,,PDF,RUS,2026-03-05T04:00:00Z,2026-03-06T14:01:00Z,,,,,,2026-08-22T16:11:12Z,2026-08-22T16:11:12Z
MOHE-260305-1654,MHNY SWH STD Care Plan_f03229c4-d69c-4e80-9df6-77d37b9f2a1b_ru,NY Molina SWH – PDF,NY,2026-03-04 17:00:00,2026-03-06 09:01:00,Y,,,,40.02,40.02 Consecutive Business Hours,received manual,,,,,0,0,0,0,dd35b9fb-9494-4caa-acde-1eaf4654beb1,,PDF,RUS,2026-03-04T22:00:00Z,2026-03-06T14:01:00Z,,,,,,2026-08-22T16:11:12Z,2026-08-22T16:11:12Z
MOHE-260305-1654,MHNY SWH STD Mbr Materials_5611d098-6cfc-4dcb-b16b-b627de19c567_ru,NY Molina SWH – PDF,NY,2026-03-04 23:00:00,2026-03-06 09:01:00,Y,,,,25.02,25.02 Consecutive Business Hours,received manual,,,,,0,0,0,0,5befb9ef-38ac-47bd-9148-2325429862ad,,PDF,RUS,2026-03-05T04:00:00Z,2026-03-06T14:01:00Z,,,,,,2026-08-22T16:11:12Z,2026-08-22T16:11:12Z
MOHE-260305-1654,MHNY SWH STD Mbr Materials_28528efa-48fa-4aef-acc7-71807eed6de8_ru,NY Molina SWH – PDF,NY,2026-03-04 20:01:00,2026-03-05 16:37:00,Y,,,,20.6,20.60 Consecutive Business Hours,received manual,,,,,0,0,0,0,e9dd56d4-9fe9-418c-aab9-09a780f7ca4a,,PDF,RUS,2026-03-05T01:01:00Z,2026-03-05T21:37:00Z,,,,,,2026-08-22T16:11:12Z,2026-08-22T16:11:12Z
MOHE-260305-1654,MHNY SWH STD Mbr Materials_79045fb0-b4b8-4fd6-9041-e6522a5c264c_ru,NY Molina SWH – PDF,NY,2026-03-04 20:00:00,2026-03-05 16:37:00,Y,,,,20.62,20.62 Consecutive Business Hours,received manual,,,,,0,0,0,0,cb7ba845-6a15-4849-ac74-7243c1af53bc,,PDF,RUS,2026-03-05T01:00:00Z,2026-03-05T21:37:00Z,,,,,,2026-08-22T16:11:12Z,2026-08-22T16:11:12Z
MOHE-260305-1654,MHNY SWH STD Care Plan_8e0ba017-cae1-40cf-86d1-dd17fe1ebbe7_ru,NY Molina SWH – PDF,NY,2026-03-04 17:00:00,2026-03-06 12:28:00,Y,,,,43.46,43.46 Consecutive Business Hours,,5.55,316,405,26005,1.94,1.28,2.33,0,3ae80872-0da7-4222-a032-88bea14ac7e2,,PDF,RUS,2026-03-04T22:00:00Z,2026-03-06T17:28:00Z,,,,,,2026-08-22T16:11:12Z,2026-08-22T16:11:12Z
MOHE-260305-1654,MHNY SWH STD Care Plan_4674e676-dc7a-4b10-9fa5-939b6ea26fa0_ru,NY Molina SWH – PDF,NY,2026-03-04 17:00:00,2026-03-06 12:28:00,Y,,,,43.46,43.46 Consecutive Business Hours,,,,,,0,0,0,0,69a77a63-e2e0-44f3-869e-00e0b47b345c,,PDF,RUS,2026-03-04T22:00:00Z,2026-03-06T17:28:00Z,,,,,,2026-08-22T16:11:12Z,2026-08-22T16:11:12Z
MOHE-260305-1654,MHNY SWH STD Mbr Materials_9cbac7f5-7904-43bf-a092-cd21e3bc505d_ru,NY Molina SWH – PDF,NY,2026-03-04 17:00:00,2026-03-05 15:34:00,Y,,,,22.56,22.56 Consecutive Business Hours,,,,,,0,0,0,0,d214d8b9-c38b-422c-8501-a72526cdc8aa,,PDF,RUS,2026-03-04T22:00:00Z,2026-03-05T20:34:00Z,,,,,,2026-08-22T16:11:12Z,2026-08-22T16:11:12Z
MOHE-260305-1654,MHNY SWH STD Care Plan_96f659b8-c142-4666-a92d-dd3366d3bfb1_ru,NY Molina SWH – PDF,NY,2026-03-04 17:00:00,2026-03-06 12:28:00,Y,,,,43.46,43.46 Consecutive Business Hours,,,,,,0,0,0,0,58dc4863-7745-4ab9-b73b-8c64de1b16cc,,PDF,RUS,2026-03-04T22:00:00Z,2026-03-06T17:28:00Z,,,,,,2026-08-22T16:11:12Z,2026-08-22T16:11:12Z
MOHE-260305-1654,MHNY SWH STD Mbr Materials_215af0e0-3f8c-4813-bea0-c2b79acff779_ru,NY Molina SWH – PDF,NY,2026-03-04 20:00:00,2026-03-05 15:34:00,Y,,,,19.56,19.56 Consecutive Business Hours,,,,,,0,0,0,0,359ad310-69c9-4cb0-ba72-1b31bfeb4c8e,,PDF,RUS,2026-03-05T01:00:00Z,2026-03-05T20:34:00Z,,,,,,2026-08-22T16:11:12Z,2026-08-22T16:11:12Z
MOHE-260305-1654,MHNY SWH STD Care Plan_6b7b2b04-7d49-451a-a745-debae9abcc38_ru_ERR,NY Molina SWH – PDF,NY,2026-03-04 20:00:00,2026-03-05 15:34:00,Y,,,,19.56,19.56 Consecutive Business Hours,,,,,,0,0,0,0,121a3406-3512-40f0-b6c7-dd3f74e6df89,,PDF,RUS,2026-03-05T01:00:00Z,2026-03-05T20:34:00Z,,,,,,2026-08-22T16:11:12Z,2026-08-22T16:11:12Z
MOHE-260305-1654,MHNY SWH STD Mbr Materials_662c64df-4567-44c6-8140-a45d2f8d8751_ru,NY Molina SWH – PDF,NY,2026-03-04 20:00:00,2026-03-06 12:28:00,Y,,,,40.45,40.45 Consecutive Business Hours,,,,,,0,0,0,0,678063f5-e111-4328-9c6d-4b4435255ebd,,PDF,RUS,2026-03-05T01:00:00Z,2026-03-06T17:28:00Z,,,,,,2026-08-22T16:11:12Z,2026-08-22T16:11:12Z
MOHE-260305-1654,MHNY SWH STD Care Plan_3aefad48-99db-48de-b50c-a814e7fab8ed_ru,NY Molina SWH – PDF,NY,2026-03-04 20:01:00,2026-03-05 15:34:00,Y,,,,19.55,19.55 Consecutive Business Hours,,,,,,0,0,0,0,bc28b986-c77c-4d1c-9767-b22a84c9b2a6,,PDF,RUS,2026-03-05T01:01:00Z,2026-03-05T20:34:00Z,,,,,,2026-08-22T16:11:12Z,2026-08-22T16:11:12Z
MOHE-260305-1654,MHNY SWH STD Care Plan_88b77c77-8704-428c-82cc-bf01d6cdb9fe_ru,NY Molina SWH – PDF,NY,2026-03-04 20:01:00,2026-03-06 12:28:00,Y,,,,40.45,40.45 Consecutive Business Hours,,,,,,0,0,0,0,753ab96d-e4e7-4132-8e9a-3644ee431b4c,,PDF,RUS,2026-03-05T01:01:00Z,2026-03-06T17:28:00Z,,,,,,2026-08-22T16:11:12Z,2026-08-22T16:11:12Z
MOHE-260306-1694,MHNY SWH STD Care Plan_6bf34b64-7245-449b-ad92-d81ebec695a8_ru,NY Molina SWH – PDF,NY,2026-03-05 14:01:00,2026-03-09 13:20:00,Y,,,,47.32,47.32 Consecutive Business Hours,,4.95,476,253,25867,1.73,1.14,2.08,0,7c669fb4-f48c-4fdc-90bb-f596c505bcd7,,PDF,RUS,2026-03-05T19:01:00Z,2026-03-09T17:20:00Z,,,,,,2026-08-22T16:11:12Z,2026-08-22T16:11:12Z
MOHE-260306-1694,MHNY SWH STD Care Plan_c6694b03-ccb3-4d7b-b79f-f14cba68c918_ru,NY Molina SWH – PDF,NY,2026-03-05 14:01:00,2026-03-06 16:54:00,Y,,,,26.89,26.89 Consecutive Business Hours,,,,,,0,0,0,0,66537d62-e607-4a55-bc64-79229bea6427,,PDF,RUS,2026-03-05T19:01:00Z,2026-03-06T21:54:00Z,,,,,,2026-08-22T16:11:12Z,2026-08-22T16:11:12Z
MOHE-260306-1694,MHNY SWH STD Care Plan_62c9e7da-b735-4ceb-b936-3d6f3de72860_ru,NY Molina SWH – PDF,NY,2026-03-05 14:01:00,2026-03-06 16:54:00,Y,,,,26.89,26.89 Consecutive Business Hours,,,,,,0,0,0,0,98b6ceee-d477-44c7-9909-7416665fd14a,,PDF,RUS,2026-03-05T19:01:00Z,2026-03-06T21:54:00Z,,,,,,2026-08-22T16:11:12Z,2026-08-22T16:11:12Z
MOHE-260306-1694,MHNY SWH STD Mbr Materials_baf35df6-cadd-4dfb-b9be-1d2528c2f50e_ru,NY Molina SWH – PDF,NY,2026-03-05 14:01:00,2026-03-06 16:54:00,Y,,,,26.89,26.89 Consecutive Business Hours,,,,,,0,0,0,0,8e589d81-aa4d-4ddb-a828-05180014a7e1,,PDF,RUS,2026-03-05T19:01:00Z,2026-03-06T21:54:00Z,,,,,,2026-08-22T16:11:12Z,2026-08-22T16:11:12Z
MOHE-260306-1694,MHNY SWH STD Advance Directive_d3e32825-c1ff-4711-b8ac-0d68a2f56250_ru,NY Molina SWH – PDF,NY,2026-03-05 17:00:00,2026-03-06 16:54:00,Y,,,,23.89,23.89 Consecutive Business Hours,,,,,,0,0,0,0,0b4808e8-4b06-4a87-a108-13ce94f44373,,PDF,RUS,2026-03-05T22:00:00Z,2026-03-06T21:54:00Z,,,,,,2026-08-22T16:11:12Z,2026-08-22T16:11:12Z
MOHE-260306-1694,MHNY SWH STD Care Plan_1ac75094-8237-445d-8965-797ecea5a5b1_ru,NY Molina SWH – PDF,NY,2026-03-05 17:00:00,2026-03-09 13:20:00,Y,,,,44.33,44.33 Consecutive Business Hours,,,,,,0,0,0,0,15561974-a4e5-4fe8-9f71-766c5bdf69b6,,PDF,RUS,2026-03-05T22:00:00Z,2026-03-09T17:20:00Z,,,,,,2026-08-22T16:11:12Z,2026-08-22T16:11:12Z
MOHE-260306-1694,MHNY SWH STD Care Plan_2b2bdc08-4f42-4ef5-967d-5e9055d7cb0d_ru,NY Molina SWH – PDF,NY,2026-03-05 17:00:00,2026-03-09 13:20:00,Y,,,,44.33,44.33 Consecutive Business Hours,,,,,,0,0,0,0,cfb8a0e1-aa8e-48f1-a829-36d69b9b4d0c,,PDF,RUS,2026-03-05T22:00:00Z,2026-03-09T17:20:00Z,,,,,,2026-08-22T16:11:12Z,2026-08-22T16:11:12Z
MOHE-260306-1694,MHNY SWH STD Advance Directive_ed63085e-6471-4c11-a643-7a649e6d79b4_ru,NY Molina SWH – PDF,NY,2026-03-05 17:00:00,2026-03-06 16:54:00,Y,,,,23.89,23.89 Consecutive Business Hours,,,,,,0,0,0,0,f97ff021-4e32-41e6-9987-db744076692c,,PDF,RUS,2026-03-05T22:00:00Z,2026-03-06T21:54:00Z,,,,,,2026-08-22T16:11:12Z,2026-08-22T16:11:12Z
MOHE-260306-1694,MHNY SWH STD Mbr Materials_ee25dd79-b259-4c17-9bb6-f340a2661216_ru,NY Molina SWH – PDF,NY,2026-03-05 17:00:00,2026-03-06 16:54:00,Y,,,,23.89,23.89 Consecutive Business Hours,,,,,,0,0,0,0,11967877-ed3c-4bfa-b413-3965c9b9a883,,PDF,RUS,2026-03-05T22:00:00Z,2026-03-06T21:54:00Z,,,,,,2026-08-22T16:11:12Z,2026-08-22T16:11:12Z
MOHE-260306-1694,MHNY SWH STD Care Plan_eb32a05a-1f52-4493-a431-224f9eb2ffde_ru,NY Molina SWH – PDF,NY,2026-03-05 20:01:00,2026-03-09 13:20:00,Y,,,,41.32,41.32 Consecutive Business Hours,,,,,,0,0,0,0,530db77c-8096-400f-a8bb-75618954bff0,,PDF,RUS,2026-03-06T01:01:00Z,2026-03-09T17:20:00Z,,,,,,2026-08-22T16:11:12Z,2026-08-22T16:11:12Z
MOHE-260306-1712,MHNY SWH STD Care Plan_ad19b800-039c-4291-8eb9-729768023e52_ru,NY Molina SWH – PDF,NY,2026-03-06 14:00:00,2026-03-09 14:19:00,Y,,,,24.31,24.31 Consecutive Business Hours,,2,397,237,13324,0.7,0.46,0.84,0,c7f4b3fd-3973-4751-9d91-84b26cab9a41,,PDF,RUS,2026-03-06T19:00:00Z,2026-03-09T18:19:00Z,,,,,,2026-08-22T16:11:12Z,2026-08-22T16:11:12Z
MOHE-260306-1712,MHNY SWH STD Care Plan_1894b142-ec40-4c4f-be71-9572675e90c1_ru,NY Molina SWH – PDF,NY,2026-03-06 14:00:00,2026-03-09 14:19:00,Y,,,,24.31,24.31 Consecutive Business Hours,,,,,,0,0,0,0,ec382fc6-f537-4bc7-93f2-174cf18d0bb6,,PDF,RUS,2026-03-06T19:00:00Z,2026-03-09T18:19:00Z,,,,,,2026-08-22T16:11:12Z,2026-08-22T16:11:12Z
MOHE-260309-1753,MHNY SWH STD Care Plan_c01d7e54-3f72-4f81-a33a-ea4b2874d799_ru,NY Molina SWH – PDF,NY,2026-03-06 17:00:00,2026-03-10 11:52:00,Y,,,,42.87,42.87 Consecutive Business Hours,,2.4,30,120,15592,0.84,0.55,1.01,0,d5c19374-8c00-4080-a4ca-c514d66ac6ff,,PDF,RUS,2026-03-06T22:00:00Z,2026-03-10T15:52:00Z,,,,,,2026-08-22T16:11:12Z,2026-08-22T16:11:12Z
MOHE-260309-1753,MHNY SWH STD Care Plan_2214675a-6b71-44d8-be74-0814ec27873e_ru,NY Molina SWH – PDF,NY,2026-03-06 20:00:00,2026-03-10 11:52:00,Y,,,,39.86,39.86 Consecutive Business Hours,,,,,,0,0,0,0,d82207ca-e903-4ac7-b450-2f716f16e5e1,,PDF,RUS,2026-03-07T01:00:00Z,2026-03-10T15:52:00Z,,,,,,2026-08-22T16:11:12Z,2026-08-22T16:11:12Z
MOHE-260309-1753,MHNY SWH STD Care Plan_188602b6-dea5-42dc-9818-f84cce6e641b_ru,NY Molina SWH – PDF,NY,2026-03-06 20:00:00,2026-03-10 11:52:00,Y,,,,39.86,39.86 Consecutive Business Hours,,,,,,0,0,0,0,a1c86bf8-2336-48a4-8926-b55631756095,,PDF,RUS,2026-03-07T01:00:00Z,2026-03-10T15:52:00Z,,,,,,2026-08-22T16:11:12Z,2026-08-22T16:11:12Z
MOHE-260309-1753,MHNY SWH STD Mbr Materials_b099800f-b2ce-40f3-acf3-dd9dcae970c7_ru,NY Molina SWH – PDF,NY,2026-03-06 20:00:00,2026-03-10 11:52:00,Y,,,,39.86,39.86 Consecutive Business Hours,,,,,,0,0,0,0,e3021627-7c52-4314-87bb-749f9ea3dbe3,,PDF,RUS,2026-03-07T01:00:00Z,2026-03-10T15:52:00Z,,,,,,2026-08-22T16:11:12Z,2026-08-22T16:11:12Z
MOHE-260310-1792,MHNY SWH STD Advance Directive_d3372cb9-c17e-4188-96d8-fb4d2dc18769_ru,NY Molina SWH – PDF,NY,2026-03-09 17:00:00,2026-03-10 16:38:00,Y,,,,23.63,23.63 Consecutive Business Hours,,4.95,188,289,,1.73,1.14,2.08,0,c920525a-180f-4fe1-8dd2-f6c1804049f6,,PDF,RUS,2026-03-09T21:00:00Z,2026-03-10T20:38:00Z,,,,,,2026-08-22T16:11:12Z,2026-08-22T16:11:12Z
MOHE-260310-1792,MHNY SWH STD Mbr Materials_e4877a8e-8eed-422b-b899-3e481dfce964_ru,NY Molina SWH – PDF,NY,2026-03-09 17:00:00,2026-03-10 16:38:00,Y,,,,23.63,23.63 Consecutive Business Hours,,,,,,0,0,0,0,9407f9ff-5d03-4930-bb43-d0f2d6ec9f84,,PDF,RUS,2026-03-09T21:00:00Z,2026-03-10T20:38:00Z,,,,,,2026-08-22T16:11:12Z,2026-08-22T16:11:12Z
MOHE-260310-1792,MHNY SWH STD Care Plan_853cc346-a5ee-46cd-b09c-a14dc725224f_ru,NY Molina SWH – PDF,NY,2026-03-09 17:00:00,2026-03-11 12:42:00,Y,,,,43.69,43.69 Consecutive Business Hours,,,,,,0,0,0,0,8356cab0-95f0-4e29-a445-21ab857dc20c,,PDF,RUS,2026-03-09T21:00:00Z,2026-03-11T16:42:00Z,,,,,,2026-08-22T16:11:12Z,2026-08-22T16:11:12Z
MOHE-260310-1792,MHNY SWH STD Mbr Materials_7d0be6eb-771b-4326-92c3-f6d356786b6e_ru,NY Molina SWH – PDF,NY,2026-03-09 17:00:00,2026-03-11 12:42:00,Y,,,,43.69,43.69 Consecutive Business Hours,,,,,,0,0,0,0,c9d122f1-d905-4718-8d53-df50016a5d31,,PDF,RUS,2026-03-09T21:00:00Z,2026-03-11T16:42:00Z,,,,,,2026-08-22T16:11:12Z,2026-08-22T16:11:12Z
MOHE-260310-1792,MHNY SWH STD Care Plan_3fb4a486-c2b9-4d06-b022-c2029f9da946_ru,NY Molina SWH – PDF,NY,2026-03-09 17:00:00,2026-03-11 12:42:00,Y,,,,43.69,43.69 Consecutive Business Hours,,,,,,0,0,0,0,808a885d-896e-4a38-b779-f8647ee5b4bf,,PDF,RUS,2026-03-09T21:00:00Z,2026-03-11T16:42:00Z,,,,,,2026-08-22T16:11:12Z,2026-08-22T16:11:12Z
MOHE-260310-1792,MHNY SWH STD Advance Directive_bb98faa8-c354-4e39-9ec5-677a2089f531_ru,NY Molina SWH – PDF,NY,2026-03-09 17:00:00,2026-03-10 16:38:00,Y,,,,23.62,23.62 Consecutive Business Hours,,,,,,0,0,0,0,35283fa3-1478-4caf-88af-904fd48a69aa,,PDF,RUS,2026-03-09T21:00:00Z,2026-03-10T20:38:00Z,,,,,,2026-08-22T16:11:12Z,2026-08-22T16:11:12Z
MOHE-260310-1792,MHNY SWH STD Care Plan_7e56450f-e36a-448f-bfba-3fe5ee58af15_ru,NY Molina SWH – PDF,NY,2026-03-09 17:00:00,2026-03-11 12:42:00,Y,,,,43.69,43.69 Consecutive Business Hours,,,,,,0,0,0,0,fe69a06c-8cc4-4c7a-82fa-76690fc0a146,,PDF,RUS,2026-03-09T21:00:00Z,2026-03-11T16:42:00Z,,,,,,2026-08-22T16:11:12Z,2026-08-22T16:11:12Z
MOHE-260310-1792,MHNY SWH STD Care Plan_dc6c3492-829b-401a-9ee4-e9fe3da7f992_ru,NY Molina SWH – PDF,NY,2026-03-09 17:00:00,2026-03-11 12:42:00,Y,,,,43.69,43.69 Consecutive Business Hours,,,,,,0,0,0,0,a6ed4c1d-ee5c-4aa3-871c-edd9dfe70ed4,,PDF,RUS,2026-03-09T21:00:00Z,2026-03-11T16:42:00Z,,,,,,2026-08-22T16:11:12Z,2026-08-22T16:11:12Z
MOHE-260310-1792,MHNY SWH STD Mbr Materials_8bf91641-cb6c-44d3-94be-9d932ba3dd91_ru,NY Molina SWH – PDF,NY,2026-03-09 17:00:00,2026-03-10 16:38:00,Y,,,,23.62,23.62 Consecutive Business Hours,,,,,,0,0,0,0,c1438647-4619-4739-a03e-7ae1e76a3fd4,,PDF,RUS,2026-03-09T21:00:00Z,2026-03-10T20:38:00Z,,,,,,2026-08-22T16:11:12Z,2026-08-22T16:11:12Z
MOHE-260310-1792,MHNY SWH STD Mbr Materials_79749379-6497-4402-a02a-7bcab49d808a_ru,NY Molina SWH – PDF,NY,2026-03-09 18:00:00,2026-03-10 16:38:00,Y,,,,22.63,22.63 Consecutive Business Hours,,,,,,0,0,0,0,6bc3422a-f948-469a-9c7f-2131c3a1415b,,PDF,RUS,2026-03-09T22:00:00Z,2026-03-10T20:38:00Z,,,,,,2026-08-22T16:11:12Z,2026-08-22T16:11:12Z
MOHE-260311-1843,MHNY SWH STD Mbr Materials_ef1358a4-8107-4fdf-9bb3-44cac60c3747_ru,NY Molina SWH – PDF,NY,2026-03-10 15:00:00,2026-03-11 19:30:00,Y,,,,28.49,28.49 Consecutive Business Hours,,5.35,328,470,28911,1.87,1.23,2.25,0,8b9759b0-a1d7-46c7-a338-e3ed9d840130,,PDF,RUS,2026-03-10T19:00:00Z,2026-03-11T23:30:00Z,,,,,,2026-08-22T16:11:12Z,2026-08-22T16:11:12Z
MOHE-260311-1843,MHNY SWH STD Mbr Materials_66288eba-7ca8-4704-a07c-6938ef558b0c_ru,NY Molina SWH – PDF,NY,2026-03-10 15:00:00,2026-03-11 19:30:00,Y,,,,28.49,28.49 Consecutive Business Hours,,,,,,0,0,0,0,f8516058-4869-4c10-8b1a-be6558736210,,PDF,RUS,2026-03-10T19:00:00Z,2026-03-11T23:30:00Z,,,,,,2026-08-22T16:11:12Z,2026-08-22T16:11:12Z
MOHE-260311-1843,MHNY SWH STD Care Plan_8e47727f-5148-4acc-b52b-aa1af3014a8d_ru,NY Molina SWH – PDF,NY,2026-03-10 15:00:00,2026-03-12 14:48:00,Y,,,,47.79,47.79 Consecutive Business Hours,,,,,,0,0,0,0,dbbcecc9-669e-4c41-84d4-542905364b3a,,PDF,RUS,2026-03-10T19:00:00Z,2026-03-12T18:48:00Z,,,,,,2026-08-22T16:11:12Z,2026-08-22T16:11:12Z
MOHE-260311-1843,MHNY SWH STD Care Plan_386dbd0a-878d-494f-9fcc-a6f891e28e44_ru,NY Molina SWH – PDF,NY,2026-03-10 15:00:00,2026-03-12 14:48:00,Y,,,,47.79,47.79 Consecutive Business Hours,,,,,,0,0,0,0,1d643d8c-42fc-4976-8a57-da83dce1e822,,PDF,RUS,2026-03-10T19:00:00Z,2026-03-12T18:48:00Z,,,,,,2026-08-22T16:11:12Z,2026-08-22T16:11:12Z
MOHE-260311-1843,MHNY SWH STD Care Plan_ba46e70a-c333-42ff-bece-992e6f0c0dd3_ru,NY Molina SWH – PDF,NY,2026-03-10 15:00:00,2026-03-12 14:48:00,Y,,,,47.79,47.79 Consecutive Business Hours,,,,,,0,0,0,0,111db601-16b2-4467-8ea6-ea054a6e928b,,PDF,RUS,2026-03-10T19:00:00Z,2026-03-12T18:48:00Z,,,,,,2026-08-22T16:11:12Z,2026-08-22T16:11:12Z
MOHE-260311-1843,MHNY SWH STD Mbr Materials_348b3a0f-3aaa-472f-9e37-c82295774986_ru,NY Molina SWH – PDF,NY,2026-03-10 15:00:00,2026-03-11 19:30:00,Y,,,,28.49,28.49 Consecutive Business Hours,,,,,,0,0,0,0,0de6b58d-53a0-4a4d-b8a3-56a0b83f82c9,,PDF,RUS,2026-03-10T19:00:00Z,2026-03-11T23:30:00Z,,,,,,2026-08-22T16:11:12Z,2026-08-22T16:11:12Z
MOHE-260311-1843,MHNY SWH STD Care Plan_785417d9-a0af-4d79-8a8f-3f1b414d7ac6_ru,NY Molina SWH – PDF,NY,2026-03-10 15:00:00,2026-03-12 14:48:00,Y,,,,47.79,47.79 Consecutive Business Hours,,,,,,0,0,0,0,d0d34674-70b2-41e8-9baf-c056c5938f62,,PDF,RUS,2026-03-10T19:00:00Z,2026-03-12T18:48:00Z,,,,,,2026-08-22T16:11:12Z,2026-08-22T16:11:12Z
MOHE-260311-1843,MHNY SWH STD Care Plan_2eba105a-1460-46f0-b2ce-a6fa5b042ce3_ru,NY Molina SWH – PDF,NY,2026-03-10 15:01:00,2026-03-12 14:48:00,Y,,,,47.79,47.79 Consecutive Business Hours,,,,,,0,0,0,0,4bc68dfb-4062-41f0-bbc4-e21f9ffb7309,,PDF,RUS,2026-03-10T19:01:00Z,2026-03-12T18:48:00Z,,,,,,2026-08-22T16:11:12Z,2026-08-22T16:11:12Z
MOHE-260312-1895,MHNY SWH STD Mbr Materials_33f980d6-503d-411e-899b-1551bf358fcc_ru,NY Molina SWH – PDF,NY,2026-03-11 15:01:00,2026-03-12 18:11:00,Y,,,,27.17,27.17 Consecutive Business Hours,,0.6,,,,0.21,0.14,0.25,0,e30c66f1-34f1-4130-a76f-e20587f5474e,,PDF,RUS,2026-03-11T19:01:00Z,2026-03-12T22:11:00Z,,,,,,2026-08-22T16:11:12Z,2026-08-22T16:11:12Z
MOHE-260312-1895,MHNY SWH STD Mbr Materials_f30944eb-1684-4291-9e10-6d418353c07e_ru,NY Molina SWH – PDF,NY,2026-03-11 15:01:00,2026-03-12 18:11:00,Y,,,,27.17,27.17 Consecutive Business Hours,,,,,,0,0,0,0,dc354866-103a-44c1-80ec-9c8fc2f697a7,,PDF,RUS,2026-03-11T19:01:00Z,2026-03-12T22:11:00Z,,,,,,2026-08-22T16:11:12Z,2026-08-22T16:11:12Z
MOHE-260312-1895,MHNY SWH STD Mbr Materials_63eaa18f-178d-4f53-adbe-d1f546471528_ru,NY Molina SWH – PDF,NY,2026-03-11 15:01:00,2026-03-12 18:11:00,Y,,,,27.17,27.17 Consecutive Business Hours,,,,,,0,0,0,0,a1f6783a-8c8e-4a92-a8bc-44741a9053d3,,PDF,RUS,2026-03-11T19:01:00Z,2026-03-12T22:11:00Z,,,,,,2026-08-22T16:11:12Z,2026-08-22T16:11:12Z
MOHE-260312-1908,MHNY SWH STD UTC_2e73d50d-c1cb-4155-b1f7-0de1a1cc6b55_ru,NY Molina SWH – PDF,NY,2026-03-11 15:01:00,2026-03-13 07:31:00,Y,,,,40.5,40.50 Consecutive Business Hours,,1,,,,0.35,0.23,0.42,0,ad9be4a5-d62d-461a-9be5-63f200c3b4af,,PDF,RUS,2026-03-11T19:01:00Z,2026-03-13T11:31:00Z,,,,,,2026-08-22T16:11:12Z,2026-08-22T16:11:12Z
MOHE-260312-1908,MHNY SWH STD Care Plan_c6e7d23e-8c9f-408c-94cc-6adc65da7e67_ru,NY Molina SWH – PDF,NY,2026-03-11 15:01:00,2026-03-13 07:31:00,Y,,,,40.5,40.50 Consecutive Business Hours,,,,,,0,0,0,0,2517a936-30b2-48d8-8c06-b6a61a08c8a4,,PDF,RUS,2026-03-11T19:01:00Z,2026-03-13T11:31:00Z,,,,,,2026-08-22T16:11:12Z,2026-08-22T16:11:12Z
MOHE-260312-1908,MHNY SWH STD Mbr Materials_28df78a8-f11e-4a85-8dc1-7fd3291daea9_ru,NY Molina SWH – PDF,NY,2026-03-11 15:01:00,2026-03-13 07:31:00,Y,,,,40.5,40.50 Consecutive Business Hours,,,,,,0,0,0,0,f4f26777-ff69-4a93-a692-8fc136743fdd,,PDF,RUS,2026-03-11T19:01:00Z,2026-03-13T11:31:00Z,,,,,,2026-08-22T16:11:12Z,2026-08-22T16:11:12Z
MOHE-260312-1908,MHNY SWH STD Care Plan_be54eaae-ad53-4ff0-91c1-234d12f2e8de_ru,NY Molina SWH – PDF,NY,2026-03-11 15:01:00,2026-03-13 07:31:00,Y,,,,40.5,40.50 Consecutive Business Hours,,,,,,0,0,0,0,65062b7e-055b-436a-9481-28bd556ffad9,,PDF,RUS,2026-03-11T19:01:00Z,2026-03-13T11:31:00Z,,,,,,2026-08-22T16:11:12Z,2026-08-22T16:11:12Z
MOHE-260312-1908,MHNY SWH STD Mbr Materials_4a22e7dd-3184-46d3-94fa-b51fe28df77e_ru,NY Molina SWH – PDF,NY,2026-03-11 15:01:00,2026-03-13 07:31:00,Y,,,,40.5,40.50 Consecutive Business Hours,,,,,,0,0,0,0,36a35556-33af-4a67-9693-193ef6ae504f,,PDF,RUS,2026-03-11T19:01:00Z,2026-03-13T11:31:00Z,,,,,,2026-08-22T16:11:12Z,2026-08-22T16:11:12Z
MOHE-260312-1908,MHNY SWH STD Care Plan_cc83f280-1040-4128-bf8b-c1c8a15ea809_ru,NY Molina SWH – PDF,NY,2026-03-11 18:00:00,2026-03-13 07:31:00,Y,,,,37.51,37.51 Consecutive Business Hours,,,,,,0,0,0,0,fef17c30-a774-4067-b815-7fe18ac7c6df,,PDF,RUS,2026-03-11T22:00:00Z,2026-03-13T11:31:00Z,,,,,,2026-08-22T16:11:12Z,2026-08-22T16:11:12Z
MOHE-260313-1933,MHNY SWH STD UTC_30a2dc4f-75be-45db-a55d-4244331dcc34_ru,NY Molina SWH – PDF,NY,2026-03-12 15:00:00,2026-03-13 18:28:00,Y,,,,27.46,27.46 Consecutive Business Hours,,1.6,43,157,7870,0.56,0.37,0.67,0,3e3c8300-dbf0-4d8e-b6cf-0d59b833146c,,PDF,RUS,2026-03-12T19:00:00Z,2026-03-13T22:28:00Z,,,,,,2026-08-22T16:11:12Z,2026-08-22T16:11:12Z
MOHE-260313-1933,MHNY SWH STD Care Plan_255f985d-7b6e-4f7a-8e03-3fee9851946f_ru,NY Molina SWH – PDF,NY,2026-03-12 15:00:00,2026-03-13 18:28:00,Y,,,,27.46,27.46 Consecutive Business Hours,,,,,,0,0,0,0,aec73471-44a6-4344-8b0a-5039b5374fbb,,PDF,RUS,2026-03-12T19:00:00Z,2026-03-13T22:28:00Z,,,,,,2026-08-22T16:11:12Z,2026-08-22T16:11:12Z
MOHE-260313-1933,MHNY SWH STD Mbr Materials_fc9c49b2-c4fd-4545-bff2-090b98ff0e92_ru,NY Molina SWH – PDF,NY,2026-03-12 15:00:00,2026-03-13 18:28:00,Y,,,,27.45,27.45 Consecutive Business Hours,,,,,,0,0,0,0,743ac8c3-486b-451d-b37b-f416be764c05,,PDF,RUS,2026-03-12T19:00:00Z,2026-03-13T22:28:00Z,,,,,,2026-08-22T16:11:12Z,2026-08-22T16:11:12Z
MOHE-260313-1933,MHNY SWH STD Mbr Materials_720390c9-5e21-4539-8016-c2947690ff94_ru,NY Molina SWH – PDF,NY,2026-03-12 18:00:00,2026-03-13 18:28:00,Y,,,,24.46,24.46 Consecutive Business Hours,,,,,,0,0,0,0,d7257199-d69a-4b25-95ce-bcb61b216dec,,PDF,RUS,2026-03-12T22:00:00Z,2026-03-13T22:28:00Z,,,,,,2026-08-22T16:11:12Z,2026-08-22T16:11:12Z
MOHE-260316-1993,MHNY SWH STD Mbr Materials_c2c751d4-e6dc-4153-b33d-e20a5e8b5503_ru,NY Molina SWH – PDF,NY,2026-03-13 15:00:00,2026-03-17 13:33:00,Y,,,,46.55,46.55 Consecutive Business Hours,,4.4,238,153,21528,1.54,1.01,1.85,0,f15b8150-9099-4a79-b4dc-1788074d7dfa,,PDF,RUS,2026-03-13T19:00:00Z,2026-03-17T17:33:00Z,,,,,,2026-08-22T16:11:12Z,2026-08-22T16:11:12Z
MOHE-260316-1993,MHNY SWH STD Care Plan_1c284433-a23e-41a1-963c-5c921e46cc1b_ru,NY Molina SWH – PDF,NY,2026-03-13 15:00:00,2026-03-17 13:33:00,Y,,,,46.55,46.55 Consecutive Business Hours,,,,,,0,0,0,0,1d2fe816-0f36-46e8-8cfb-75a7eb2b8f0f,,PDF,RUS,2026-03-13T19:00:00Z,2026-03-17T17:33:00Z,,,,,,2026-08-22T16:11:12Z,2026-08-22T16:11:12Z
MOHE-260316-1993,MHNY SWH STD Mbr Materials_bef50a37-a004-4b21-8880-eb6c3e59685f_ru,NY Molina SWH – PDF,NY,2026-03-13 15:00:00,2026-03-16 19:45:00,Y,,,,28.74,28.74 Consecutive Business Hours,,,,,,0,0,0,0,946b2282-dd1a-4089-996d-81e7db3bb5e8,,PDF,RUS,2026-03-13T19:00:00Z,2026-03-16T23:45:00Z,,,,,,2026-08-22T16:11:12Z,2026-08-22T16:11:12Z
MOHE-260316-1993,MHNY SWH STD Mbr Materials_3226f043-0f76-4e23-b304-2c2a549c4b31_ru,NY Molina SWH – PDF,NY,2026-03-13 15:00:00,2026-03-16 19:45:00,Y,,,,28.74,28.74 Consecutive Business Hours,,,,,,0,0,0,0,d90dd0db-d436-4991-a56b-5ac823884492,,PDF,RUS,2026-03-13T19:00:00Z,2026-03-16T23:45:00Z,,,,,,2026-08-22T16:11:12Z,2026-08-22T16:11:12Z
MOHE-260316-1993,MHNY SWH STD Advance Directive_cf2ff96e-2694-48c2-84c9-475445fb3304_ru,NY Molina SWH – PDF,NY,2026-03-13 15:00:00,2026-03-16 19:45:00,Y,,,,28.74,28.74 Consecutive Business Hours,,,,,,0,0,0,0,b8b40d33-3811-452d-98f6-067fb6ab64a9,,PDF,RUS,2026-03-13T19:00:00Z,2026-03-16T23:45:00Z,,,,,,2026-08-22T16:11:12Z,2026-08-22T16:11:12Z
MOHE-260316-1993,MHNY SWH STD Mbr Materials_1a1c5f0b-863d-4c37-9971-45562df3de5e_ru,NY Molina SWH – PDF,NY,2026-03-13 15:01:00,2026-03-16 19:45:00,Y,,,,28.74,28.74 Consecutive Business Hours,,,,,,0,0,0,0,1f355f0e-47f0-49cc-8845-c2eccb9343b1,,PDF,RUS,2026-03-13T19:01:00Z,2026-03-16T23:45:00Z,,,,,,2026-08-22T16:11:12Z,2026-08-22T16:11:12Z
MOHE-260316-1993,MHNY SWH STD Care Plan_95d63a25-bead-4c08-b761-4c6de5007717_ru_ERR,NY Molina SWH – PDF,NY,2026-03-13 18:00:00,2026-03-16 19:45:00,Y,,,,25.75,25.75 Consecutive Business Hours,,,,,,0,0,0,0,8e7703c5-8741-4420-a190-4a81bc334102,,PDF,RUS,2026-03-13T22:00:00Z,2026-03-16T23:45:00Z,,,,,,2026-08-22T16:11:12Z,2026-08-22T16:11:12Z
MOHE-260316-1993,MHNY SWH STD Care Plan_2ad94de4-2185-4686-8b15-fe6916d7c212_ru,NY Molina SWH – PDF,NY,2026-03-13 21:00:00,2026-03-17 13:33:00,Y,,,,29.56,29.56 Consecutive Business Hours,,,,,,0,0,0,0,59828f5d-d571-4179-a036-7e5b515d7f63,,PDF,RUS,2026-03-14T01:00:00Z,2026-03-17T17:33:00Z,,,,,,2026-08-22T16:11:12Z,2026-08-22T16:11:12Z
MOHE-260316-1993,MHNY SWH STD Care Plan_552d09c2-23ec-481f-adc3-3f917d6b9d51_ru,NY Molina SWH – PDF,NY,2026-03-13 21:00:00,2026-03-17 13:33:00,Y,,,,29.56,29.56 Consecutive Business Hours,,,,,,0,0,0,0,32e1b22c-f459-41b2-8ec9-bff089a1a5b3,,PDF,RUS,2026-03-14T01:00:00Z,2026-03-17T17:33:00Z,,,,,,2026-08-22T16:11:12Z,2026-08-22T16:11:12Z
MOHE-260316-1993,MHNY SWH STD Mbr Materials_78cb2410-0ec1-449e-ac60-647466f8cf0d_ru,NY Molina SWH – PDF,NY,2026-03-14 03:00:00,2026-03-16 19:45:00,Y,,,,11.76,11.76 Consecutive Business Hours,,,,,,0,0,0,0,37a27e5e-291c-4c35-b2cc-c05d02e9a50f,,PDF,RUS,2026-03-14T07:00:00Z,2026-03-16T23:45:00Z,,,,,,2026-08-22T16:11:12Z,2026-08-22T16:11:12Z
MOHE-260317-2041,MHNY SWH STD Mbr Materials_6f3d55d6-2a44-47d9-8ab5-410be6aa7acd_ru,NY Molina SWH – PDF,NY,2026-03-16 15:00:00,2026-03-18 10:46:00,Y,,,,43.76,43.76 Consecutive Business Hours,,7.7,285,353,40634,2.7,1.77,3.23,0,5e5a36a9-06bd-44c0-a908-a24133ed2cc0,,PDF,RUS,2026-03-16T19:00:00Z,2026-03-18T14:46:00Z,,,,,,2026-08-22T16:11:12Z,2026-08-22T16:11:12Z
MOHE-260317-2041,MHNY SWH STD Care Plan_a291e592-0024-4237-8ce7-255db06543a2_ru,NY Molina SWH – PDF,NY,2026-03-16 15:00:00,2026-03-18 10:46:00,Y,,,,43.76,43.76 Consecutive Business Hours,,,,,,0,0,0,0,85806a1b-6214-4322-9e93-c9a0b4c91009,,PDF,RUS,2026-03-16T19:00:00Z,2026-03-18T14:46:00Z,,,,,,2026-08-22T16:11:12Z,2026-08-22T16:11:12Z
MOHE-260317-2041,MHNY SWH STD Mbr Materials_3f23f88e-8d29-455f-9db6-b6c0d8c71469_ru,NY Molina SWH – PDF,NY,2026-03-16 15:00:00,2026-03-18 10:46:00,Y,,,,43.76,43.76 Consecutive Business Hours,,,,,,0,0,0,0,3d560b2d-fd5f-4f52-8ec9-a82cf5dfcd28,,PDF,RUS,2026-03-16T19:00:00Z,2026-03-18T14:46:00Z,,,,,,2026-08-22T16:11:12Z,2026-08-22T16:11:12Z
MOHE-260317-2041,MHNY SWH STD Care Plan_7fc70007-fee8-4698-8fd4-9eff41671908_ru,NY Molina SWH – PDF,NY,2026-03-16 15:00:00,2026-03-18 10:47:00,Y,,,,43.78,43.78 Consecutive Business Hours,,,,,,0,0,0,0,afb01c78-18e5-4ede-9c0c-0e1b13bdd6ee,,PDF,RUS,2026-03-16T19:00:00Z,2026-03-18T14:47:00Z,,,,,,2026-08-22T16:11:12Z,2026-08-22T16:11:12Z
MOHE-260317-2041,MHNY SWH STD Care Plan_1237db4f-71d6-486e-9b04-12d021b5f4ba_ru,NY Molina SWH – PDF,NY,2026-03-16 15:01:00,2026-03-18 10:46:00,Y,,,,43.76,43.76 Consecutive Business Hours,,,,,,0,0,0,0,d41222ea-5bfd-402d-9159-ced724a76a71,,PDF,RUS,2026-03-16T19:01:00Z,2026-03-18T14:46:00Z,,,,,,2026-08-22T16:11:12Z,2026-08-22T16:11:12Z
MOHE-260317-2041,MHNY SWH STD Care Plan_18e18521-f573-4c1a-ae83-7110cad912cc_ru,NY Molina SWH – PDF,NY,2026-03-16 15:01:00,2026-03-18 10:46:00,Y,,,,43.76,43.76 Consecutive Business Hours,,,,,,0,0,0,0,cdd3f934-d0e6-4823-a88b-0b3f9c755f12,,PDF,RUS,2026-03-16T19:01:00Z,2026-03-18T14:46:00Z,,,,,,2026-08-22T16:11:12Z,2026-08-22T16:11:12Z
MOHE-260317-2041,MHNY SWH STD Care Plan_88b2e57d-8027-41f2-bdf8-0ddfe8f99007_ru,NY Molina SWH – PDF,NY,2026-03-16 15:01:00,2026-03-18 10:46:00,Y,,,,43.76,43.76 Consecutive Business Hours,,,,,,0,0,0,0,2f367b54-aa3d-42eb-87c2-620043219aeb,,PDF,RUS,2026-03-16T19:01:00Z,2026-03-18T14:46:00Z,,,,,,2026-08-22T16:11:12Z,2026-08-22T16:11:12Z
MOHE-260317-2041,MHNY SWH STD Mbr Materials_095886d8-a31e-41da-908c-34537ce96fa1_ru,NY Molina SWH – PDF,NY,2026-03-16 15:01:00,2026-03-18 10:46:00,Y,,,,43.76,43.76 Consecutive Business Hours,,,,,,0,0,0,0,92acd60c-fe56-405c-b107-d887c9bdcfd5,,PDF,RUS,2026-03-16T19:01:00Z,2026-03-18T14:46:00Z,,,,,,2026-08-22T16:11:12Z,2026-08-22T16:11:12Z
MOHE-260317-2041,MHNY SWH STD Mbr Materials_5226d7c0-656a-4e76-b5e3-822564da364c_ru,NY Molina SWH – PDF,NY,2026-03-16 15:01:00,2026-03-18 10:46:00,Y,,,,43.76,43.76 Consecutive Business Hours,,,,,,0,0,0,0,e889faef-b44c-4a9e-840d-d01559c22061,,PDF,RUS,2026-03-16T19:01:00Z,2026-03-18T14:46:00Z,,,,,,2026-08-22T16:11:12Z,2026-08-22T16:11:12Z
MOHE-260317-2041,MHNY SWH STD Care Plan_9d8234cb-1ecc-4e18-9ba8-7d242912afa4_ru,NY Molina SWH – PDF,NY,2026-03-16 15:01:00,2026-03-18 10:47:00,Y,,,,43.77,43.77 Consecutive Business Hours,,,,,,0,0,0,0,9ae9fae6-923d-4166-ba37-2828e348b3dd,,PDF,RUS,2026-03-16T19:01:00Z,2026-03-18T14:47:00Z,,,,,,2026-08-22T16:11:12Z,2026-08-22T16:11:12Z
MOHE-260317-2041,MHNY SWH STD Care Plan_d385f5c9-ec10-4898-9df4-189bb1467509_ru,NY Molina SWH – PDF,NY,2026-03-16 18:01:00,2026-03-18 10:46:00,Y,,,,40.75,40.75 Consecutive Business Hours,,,,,,0,0,0,0,259a54b9-2402-4546-8a5a-bf8427794126,,PDF,RUS,2026-03-16T22:01:00Z,2026-03-18T14:46:00Z,,,,,,2026-08-22T16:11:12Z,2026-08-22T16:11:12Z
MOHE-260317-2041,MHNY SWH STD Mbr Materials_affd862d-029a-41ec-95b4-b0ca2a489692_ru,NY Molina SWH – PDF,NY,2026-03-16 18:01:00,2026-03-18 10:46:00,Y,,,,40.75,40.75 Consecutive Business Hours,,,,,,0,0,0,0,fc4f276f-d764-4a89-84b0-b33c9c8595c2,,PDF,RUS,2026-03-16T22:01:00Z,2026-03-18T14:46:00Z,,,,,,2026-08-22T16:11:12Z,2026-08-22T16:11:12Z
MOHE-260317-2041,MHNY SWH STD Mbr Materials_991d65fa-cf0f-4123-a251-471440eed2b3_ru,NY Molina SWH – PDF,NY,2026-03-16 18:01:00,2026-03-18 10:46:00,Y,,,,40.75,40.75 Consecutive Business Hours,,,,,,0,0,0,0,61f40e95-a894-4642-a326-b6f0b23f8f44,,PDF,RUS,2026-03-16T22:01:00Z,2026-03-18T14:46:00Z,,,,,,2026-08-22T16:11:12Z,2026-08-22T16:11:12Z
MOHE-260318-2079,MHNY SWH STD Mbr Materials_2ea50e83-5375-447e-b564-2fcaaebfb691_ru,NY Molina SWH – PDF,NY,2026-03-17 18:00:00,2026-03-18 16:39:00,Y,,,,22.65,22.65 Consecutive Business Hours,,,,,,0,0,0,0,cd772c4a-f554-4834-afe6-f531a94ff8f3,,PDF,RUS,2026-03-17T22:00:00Z,2026-03-18T20:39:00Z,,,,,,2026-08-22T16:11:12Z,2026-08-22T16:11:12Z
MOHE-260318-2079,MHNY SWH STD Mbr Materials_757975af-b25c-4307-8e11-5a4fad626323_ru,NY Molina SWH – PDF,NY,2026-03-17 18:00:00,2026-03-18 16:39:00,Y,,,,22.65,22.65 Consecutive Business Hours,,0.6,,,,0.21,0.14,0.25,0,681a5e4d-4798-4565-8623-0053891230ef,,PDF,RUS,2026-03-17T22:00:00Z,2026-03-18T20:39:00Z,,,,,,2026-08-22T16:11:12Z,2026-08-22T16:11:12Z
MOHE-260318-2079,MHNY SWH STD Mbr Materials_042ae7dc-e815-4c1e-a8fb-88742daff690_ru,NY Molina SWH – PDF,NY,2026-03-17 18:00:00,2026-03-18 16:39:00,Y,,,,22.65,22.65 Consecutive Business Hours,,,,,,0,0,0,0,b53e48eb-7488-43db-99e5-9e15a1b9e19b,,PDF,RUS,2026-03-17T22:00:00Z,2026-03-18T20:39:00Z,,,,,,2026-08-22T16:11:12Z,2026-08-22T16:11:12Z
MOHE-260319-2124,MHNY SWH STD Care Plan_40901288-ee24-4ecd-bfef-0c888c140cda_ru,NY Molina SWH – PDF,NY,2026-03-18 15:00:00,2026-03-20 14:33:00,Y,,,,47.55,47.55 Consecutive Business Hours,,3.55,779,258,25221,1.24,0.82,1.49,0,51c0c45b-6e83-4fe9-9648-1e5b770ac676,,PDF,RUS,2026-03-18T19:00:00Z,2026-03-20T18:33:00Z,,,,,,2026-08-22T16:11:12Z,2026-08-22T16:11:12Z
MOHE-260319-2124,MHNY SWH STD Care Plan_280b2956-00ad-4c12-ae40-5442b3e5accb_ru,NY Molina SWH – PDF,NY,2026-03-18 15:00:00,2026-03-20 14:33:00,Y,,,,47.55,47.55 Consecutive Business Hours,,,,,,0,0,0,0,25a0e8c5-533e-455b-82e1-57ea675b99aa,,PDF,RUS,2026-03-18T19:00:00Z,2026-03-20T18:33:00Z,,,,,,2026-08-22T16:11:12Z,2026-08-22T16:11:12Z
MOHE-260319-2124,MHNY SWH STD Care Plan_6e2dd69d-2eb3-451b-af60-de43d7b211a0_ru,NY Molina SWH – PDF,NY,2026-03-18 15:00:00,2026-03-20 14:33:00,Y,,,,47.55,47.55 Consecutive Business Hours,,,,,,0,0,0,0,4601d18b-9f95-43fd-a05b-2c33390bdfb2,,PDF,RUS,2026-03-18T19:00:00Z,2026-03-20T18:33:00Z,,,,,,2026-08-22T16:11:12Z,2026-08-22T16:11:12Z
MOHE-260319-2124,MHNY SWH STD Mbr Materials_cf724832-427f-4a3c-9deb-df994eccf6b8_ru,NY Molina SWH – PDF,NY,2026-03-18 15:00:00,2026-03-19 19:05:00,Y,,,,28.08,28.08 Consecutive Business Hours,,,,,,0,0,0,0,ebf5acf7-3e94-416d-9e02-6e5b8cb0a1dd,,PDF,RUS,2026-03-18T19:00:00Z,2026-03-19T23:05:00Z,,,,,,2026-08-22T16:11:12Z,2026-08-22T16:11:12Z
MOHE-260319-2124,MHNY SWH STD Care Plan_eef11256-b6c9-43bc-af43-5c45649bb7f8_ru,NY Molina SWH – PDF,NY,2026-03-18 15:00:00,2026-03-20 14:33:00,Y,,,,47.55,47.55 Consecutive Business Hours,,,,,,0,0,0,0,47c2f55e-4f18-4ad5-962b-b7facc20b046,,PDF,RUS,2026-03-18T19:00:00Z,2026-03-20T18:33:00Z,,,,,,2026-08-22T16:11:12Z,2026-08-22T16:11:12Z
MOHE-260319-2124,MHNY SWH STD Mbr Materials_c49a1ade-f8e9-439c-86aa-40ec02c04c5f_ru,NY Molina SWH – PDF,NY,2026-03-18 15:00:00,2026-03-19 19:05:00,Y,,,,28.08,28.08 Consecutive Business Hours,,,,,,0,0,0,0,2be91597-8d04-4617-8cda-b4f8d67b65ff,,PDF,RUS,2026-03-18T19:00:00Z,2026-03-19T23:05:00Z,,,,,,2026-08-22T16:11:12Z,2026-08-22T16:11:12Z
MOHE-260319-2124,MHNY SWH STD Mbr Materials_b93c576f-dda9-4be8-9bee-620b9fdaf652_ru,NY Molina SWH – PDF,NY,2026-03-18 18:00:00,2026-03-19 19:05:00,Y,,,,25.08,25.08 Consecutive Business Hours,,,,,,0,0,0,0,298d3d95-9cd5-4e18-b5de-071b5c840b1d,,PDF,RUS,2026-03-18T22:00:00Z,2026-03-19T23:05:00Z,,,,,,2026-08-22T16:11:12Z,2026-08-22T16:11:12Z
MOHE-260319-2124,MHNY SWH STD UTC_fb6c9d8e-4d3c-4cb2-884d-925656cc5623_ru,NY Molina SWH – PDF,NY,2026-03-18 18:00:00,2026-03-19 19:05:00,Y,,,,25.08,25.08 Consecutive Business Hours,,,,,,0,0,0,0,76f04cb9-2417-4563-99f3-cbe814f0609c,,PDF,RUS,2026-03-18T22:00:00Z,2026-03-19T23:05:00Z,,,,,,2026-08-22T16:11:12Z,2026-08-22T16:11:12Z
MOHE-260320-2168,MHNY SWH STD Mbr Materials_821a1152-df0e-417d-a57c-39b630dbcafb_ru,NY Molina SWH – PDF,NY,2026-03-19 15:02:00,2026-03-20 17:18:00,Y,,,,26.27,26.27 Consecutive Business Hours,,2.2,212,235,7101,0.77,0.51,0.92,0,7ff73550-f0d9-478d-b0c7-756e780b1603,,PDF,RUS,2026-03-19T19:02:00Z,2026-03-20T21:18:00Z,,,,,,2026-08-22T16:11:12Z,2026-08-22T16:11:12Z
MOHE-260320-2168,MHNY SWH STD Care Plan_687d3d96-d31d-4c68-affc-19135300c69a_ru,NY Molina SWH – PDF,NY,2026-03-19 15:02:00,2026-03-20 17:18:00,Y,,,,26.27,26.27 Consecutive Business Hours,,,,,,0,0,0,0,d94ed93a-90dd-4355-90a7-c7da8c31f55a,,PDF,RUS,2026-03-19T19:02:00Z,2026-03-20T21:18:00Z,,,,,,2026-08-22T16:11:12Z,2026-08-22T16:11:12Z
MOHE-260320-2168,MHNY SWH STD Mbr Materials_91816a6e-d1cc-4cf1-99e6-06b4685b22d5_ru,NY Molina SWH – PDF,NY,2026-03-20 12:00:00,2026-03-20 17:18:00,Y,,,,5.29,5.29 Consecutive Business Hours,,,,,,0,0,0,0,c343f131-504d-4f99-b340-784b1844d39f,,PDF,RUS,2026-03-20T16:00:00Z,2026-03-20T21:18:00Z,,,,,,2026-08-22T16:11:12Z,2026-08-22T16:11:12Z
MOHE-260320-2168,MHNY SWH STD Advance Directive_4c7d165e-b578-45eb-944d-cba39dc151f9_ru,NY Molina SWH – PDF,NY,2026-03-20 12:00:00,2026-03-20 17:18:00,Y,,,,5.29,5.29 Consecutive Business Hours,,,,,,0,0,0,0,ddeb23d0-463f-4435-ad90-4affd2972ef7,,PDF,RUS,2026-03-20T16:00:00Z,2026-03-20T21:18:00Z,,,,,,2026-08-22T16:11:12Z,2026-08-22T16:11:12Z
MOHE-260320-2168,MHNY SWH STD Mbr Materials_c4b4f1a6-7ee6-4795-92c7-3ec06e72cd95_ru,NY Molina SWH – PDF,NY,2026-03-20 12:00:00,2026-03-20 17:18:00,Y,,,,5.29,5.29 Consecutive Business Hours,,,,,,0,0,0,0,c60f9aff-0ea8-4840-851f-2035bbed8764,,PDF,RUS,2026-03-20T16:00:00Z,2026-03-20T21:18:00Z,,,,,,2026-08-22T16:11:12Z,2026-08-22T16:11:12Z
MOHE-260320-2168,MHNY SWH STD UTC_fd73f8d6-3a4f-458c-958e-c54c2c80cc6e_ru,NY Molina SWH – PDF,NY,2026-03-20 12:00:00,2026-03-20 17:18:00,Y,,,,5.29,5.29 Consecutive Business Hours,,,,,,0,0,0,0,b3deaf62-fb32-4689-954e-f5bda52c367d,,PDF,RUS,2026-03-20T16:00:00Z,2026-03-20T21:18:00Z,,,,,,2026-08-22T16:11:12Z,2026-08-22T16:11:12Z
MOHE-260320-2182,MHNY SWH STD Care Plan_c780d5f1-eca6-4a03-afe0-76163ff4caa0_ru,NY Molina SWH – PDF,NY,2026-03-20 12:00:00,2026-03-23 10:44:00,Y,,,,22.73,22.73 Consecutive Business Hours,,0.75,67,98,2621,0.26,0.17,0.32,0,bb1ce442-b6ce-4d6e-b233-221fd3fe13eb,,PDF,RUS,2026-03-20T16:00:00Z,2026-03-23T14:44:00Z,,,,,,2026-08-22T16:11:12Z,2026-08-22T16:11:12Z
MOHE-260323-2224,MHNY SWH STD Care Plan_f1988352-6a0c-47d9-92a2-cf0824440c84_ru,NY Molina SWH – PDF,NY,2026-03-20 13:00:00,2026-03-23 17:38:00,Y,,,,28.64,28.64 Consecutive Business Hours,,2.6,204,146,11592,0.91,0.6,1.09,0,7e94b047-f46f-4dc7-bff2-9f7f358745f3,,PDF,RUS,2026-03-20T17:00:00Z,2026-03-23T21:38:00Z,,,,,,2026-08-22T16:11:12Z,2026-08-22T16:11:12Z
MOHE-260323-2224,MHNY SWH STD UTC_a2ba0daa-931f-440e-b85f-7629b5b67538_ru,NY Molina SWH – PDF,NY,2026-03-20 13:00:00,2026-03-23 17:38:00,Y,,,,28.64,28.64 Consecutive Business Hours,,,,,,0,0,0,0,cb07c2b4-e965-4373-8255-04a16752f478,,PDF,RUS,2026-03-20T17:00:00Z,2026-03-23T21:38:00Z,,,,,,2026-08-22T16:11:12Z,2026-08-22T16:11:12Z
MOHE-260323-2224,MHNY SWH STD Mbr Materials_76f04e1b-a5b1-48b4-8548-85cda6027271_ru,NY Molina SWH – PDF,NY,2026-03-20 13:00:00,2026-03-23 17:38:00,Y,,,,28.64,28.64 Consecutive Business Hours,,,,,,0,0,0,0,1a4c208a-14b7-4e39-91a5-548660107a7a,,PDF,RUS,2026-03-20T17:00:00Z,2026-03-23T21:38:00Z,,,,,,2026-08-22T16:11:12Z,2026-08-22T16:11:12Z
MOHE-260323-2224,MHNY SWH STD Mbr Materials_25c42303-e1da-42de-8cb9-5d70711983ba_ru,NY Molina SWH – PDF,NY,2026-03-20 15:00:00,2026-03-23 17:38:00,Y,,,,26.64,26.64 Consecutive Business Hours,,,,,,0,0,0,0,bb769458-f5a4-4adf-a43a-1bb04b7c2d2f,,PDF,RUS,2026-03-20T19:00:00Z,2026-03-23T21:38:00Z,,,,,,2026-08-22T16:11:12Z,2026-08-22T16:11:12Z
MOHE-260323-2224,MHNY SWH STD Mbr Materials_44ef64a8-8086-4597-9339-cdc45b27e4ca_ru,NY Molina SWH – PDF,NY,2026-03-20 15:00:00,2026-03-23 17:38:00,Y,,,,26.64,26.64 Consecutive Business Hours,,,,,,0,0,0,0,bdfc459c-238b-4ad0-8bb5-269c00bae460,,PDF,RUS,2026-03-20T19:00:00Z,2026-03-23T21:38:00Z,,,,,,2026-08-22T16:11:12Z,2026-08-22T16:11:12Z
MOHE-260323-2224,MHNY SWH STD Advance Directive_00b43f98-b51e-4ee2-b937-0597adcae2fb_ru,NY Molina SWH – PDF,NY,2026-03-20 18:00:00,2026-03-23 17:38:00,Y,,,,23.64,23.64 Consecutive Business Hours,,,,,,0,0,0,0,62de2768-0318-482d-a4e6-d007f7836759,,PDF,RUS,2026-03-20T22:00:00Z,2026-03-23T21:38:00Z,,,,,,2026-08-22T16:11:12Z,2026-08-22T16:11:12Z
MOHE-260323-2224,MHNY SWH STD Mbr Materials_eb235daa-8e14-44d7-ae39-c1a3699d683b_ru,NY Molina SWH – PDF,NY,2026-03-20 18:00:00,2026-03-23 17:38:00,Y,,,,23.64,23.64 Consecutive Business Hours,,,,,,0,0,0,0,f3f41617-4bf5-43a4-acda-709f60d7a842,,PDF,RUS,2026-03-20T22:00:00Z,2026-03-23T21:38:00Z,,,,,,2026-08-22T16:11:12Z,2026-08-22T16:11:12Z
MOHE-260323-2224,MHNY SWH STD Mbr Materials_ccf2ee35-e243-4853-9055-19e06c25156f_ru,NY Molina SWH – PDF,NY,2026-03-20 18:00:00,2026-03-23 17:38:00,Y,,,,23.64,23.64 Consecutive Business Hours,,,,,,0,0,0,0,5db0fdfc-4eae-466e-ae14-00e48190bf0c,,PDF,RUS,2026-03-20T22:00:00Z,2026-03-23T21:38:00Z,,,,,,2026-08-22T16:11:12Z,2026-08-22T16:11:12Z
MOHE-260323-2224,MHNY SWH STD Mbr Materials_2d9b2d5f-959f-4fa9-97d5-0a556f322a0c_ru,NY Molina SWH – PDF,NY,2026-03-20 18:00:00,2026-03-23 17:38:00,Y,,,,23.64,23.64 Consecutive Business Hours,,,,,,0,0,0,0,701adce5-20a0-47cc-853f-f7131935f953,,PDF,RUS,2026-03-20T22:00:00Z,2026-03-23T21:38:00Z,,,,,,2026-08-22T16:11:12Z,2026-08-22T16:11:12Z
MOHE-260324-2270,MHNY SWH STD Care Plan_32701819-9dcb-43a9-928b-98bc0bbbf5fb_ru,NY Molina SWH – PDF,NY,2026-03-23 15:00:00,2026-03-25 14:16:00,Y,,,,47.26,47.26 Consecutive Business Hours,,4.4,174,247,23803,1.54,1.01,1.85,0,f75bdcf0-8674-4a19-829a-74e2731a18d2,,PDF,RUS,2026-03-23T19:00:00Z,2026-03-25T18:16:00Z,,,,,,2026-08-22T16:11:12Z,2026-08-22T16:11:12Z
MOHE-260324-2270,MHNY SWH STD Care Plan_871a06d0-5e12-42aa-b08d-b187d22b6ff6_ru,NY Molina SWH – PDF,NY,2026-03-23 15:00:00,2026-03-25 14:16:00,Y,,,,47.26,47.26 Consecutive Business Hours,,,,,,0,0,0,0,f89dcb80-871d-4b4a-920f-e5ab5efcfd40,,PDF,RUS,2026-03-23T19:00:00Z,2026-03-25T18:16:00Z,,,,,,2026-08-22T16:11:12Z,2026-08-22T16:11:12Z
MOHE-260324-2270,MHNY SWH STD Mbr Materials_772fe02e-7828-43fd-9572-93a64d071233_ru,NY Molina SWH – PDF,NY,2026-03-23 15:00:00,2026-03-25 11:31:00,Y,,,,44.52,44.52 Consecutive Business Hours,,,,,,0,0,0,0,355a1e8c-1f42-4c7d-af0c-1c8285839a83,,PDF,RUS,2026-03-23T19:00:00Z,2026-03-25T15:31:00Z,,,,,,2026-08-22T16:11:12Z,2026-08-22T16:11:12Z
MOHE-260324-2270,MHNY SWH STD Mbr Materials_da161f3a-7195-4fcc-b110-bf800d438947_ru,NY Molina SWH – PDF,NY,2026-03-23 15:00:00,2026-03-25 11:31:00,Y,,,,44.52,44.52 Consecutive Business Hours,,,,,,0,0,0,0,0a79f72b-7354-49c1-b548-edd7f5a7598c,,PDF,RUS,2026-03-23T19:00:00Z,2026-03-25T15:31:00Z,,,,,,2026-08-22T16:11:12Z,2026-08-22T16:11:12Z
MOHE-260324-2270,MHNY SWH STD Advance Directive_146562a2-dd0f-4f97-81de-a1c949db81d4_ru,NY Molina SWH – PDF,NY,2026-03-23 16:00:00,2026-03-25 11:31:00,Y,,,,43.53,43.53 Consecutive Business Hours,,,,,,0,0,0,0,1aa75e1d-7261-4bba-8a8b-fe76f1602a4c,,PDF,RUS,2026-03-23T20:00:00Z,2026-03-25T15:31:00Z,,,,,,2026-08-22T16:11:12Z,2026-08-22T16:11:12Z
MOHE-260324-2270,MHNY SWH STD Mbr Materials_f73ed594-744b-4f07-8c0c-3a019b1c7c72_ru,NY Molina SWH – PDF,NY,2026-03-23 16:00:00,2026-03-25 11:31:00,Y,,,,43.53,43.53 Consecutive Business Hours,,,,,,0,0,0,0,c996998b-4329-41cf-b56f-cfee523dc9b1,,PDF,RUS,2026-03-23T20:00:00Z,2026-03-25T15:31:00Z,,,,,,2026-08-22T16:11:12Z,2026-08-22T16:11:12Z
MOHE-260324-2270,MHNY SWH STD Mbr Materials_f2b1aa13-fb63-4d29-b652-4f3cba4a89b2_ru,NY Molina SWH – PDF,NY,2026-03-23 16:00:00,2026-03-25 11:31:00,Y,,,,43.52,43.52 Consecutive Business Hours,,,,,,0,0,0,0,d0663bc0-cccd-4a0d-8b4d-805923d0fbef,,PDF,RUS,2026-03-23T20:00:00Z,2026-03-25T15:31:00Z,,,,,,2026-08-22T16:11:12Z,2026-08-22T16:11:12Z
MOHE-260324-2270,MHNY SWH STD Care Plan_ef1e902a-73b6-41db-bbfb-33ea5cb673e4_ru,NY Molina SWH – PDF,NY,2026-03-23 18:00:00,2026-03-25 14:16:00,Y,,,,44.26,44.26 Consecutive Business Hours,,,,,,0,0,0,0,7910433e-29c5-4840-9d3e-ee5874d5c6a1,,PDF,RUS,2026-03-23T22:00:00Z,2026-03-25T18:16:00Z,,,,,,2026-08-22T16:11:12Z,2026-08-22T16:11:12Z
MOHE-260324-2270,MHNY SWH STD Mbr Materials_71876f3d-4a58-4d0b-a683-98684f4b5ee3_ru,NY Molina SWH – PDF,NY,2026-03-23 21:00:00,2026-03-25 11:31:00,Y,,,,27.53,27.53 Consecutive Business Hours,,,,,,0,0,0,0,271d5265-23ac-4cbd-997e-87fe92bcd089,,PDF,RUS,2026-03-24T01:00:00Z,2026-03-25T15:31:00Z,,,,,,2026-08-22T16:11:12Z,2026-08-22T16:11:12Z
MOHE-260324-2270,MHNY SWH STD Advance Directive_120863ad-2b64-46a5-940c-7ba8ec085125_ru,NY Molina SWH – PDF,NY,2026-03-23 21:00:00,2026-03-25 11:31:00,Y,,,,27.53,27.53 Consecutive Business Hours,,,,,,0,0,0,0,b10a7f98-7e0b-4ad8-9433-30f85bd1e562,,PDF,RUS,2026-03-24T01:00:00Z,2026-03-25T15:31:00Z,,,,,,2026-08-22T16:11:12Z,2026-08-22T16:11:12Z
MOHE-260325-2307,MHNY SWH STD Care Plan_34606094-58f0-4694-952e-7be04edd9988_ru,NY Molina SWH – PDF,NY,2026-03-24 15:00:00,2026-03-26 09:19:00,Y,,,,42.32,42.32 Consecutive Business Hours,,3.55,268,476,17462,1.24,0.82,1.49,0,823bc475-35b6-4f82-9a18-a3ba03a91c4a,,PDF,RUS,2026-03-24T19:00:00Z,2026-03-26T13:19:00Z,,,,,,2026-08-22T16:11:12Z,2026-08-22T16:11:12Z
MOHE-260325-2307,MHNY SWH STD Mbr Materials_937424c0-0363-411a-81f7-6b68b3666ff5_ru,NY Molina SWH – PDF,NY,2026-03-24 15:00:00,2026-03-26 09:19:00,Y,,,,42.32,42.32 Consecutive Business Hours,,,,,,0,0,0,0,dadb0f3c-fcf6-47a4-b2bc-52fe7d11f921,,PDF,RUS,2026-03-24T19:00:00Z,2026-03-26T13:19:00Z,,,,,,2026-08-22T16:11:12Z,2026-08-22T16:11:12Z
MOHE-260325-2307,MHNY SWH STD Care Plan_b4756266-8264-4fb3-85c2-d69e3d715232_ru,NY Molina SWH – PDF,NY,2026-03-24 15:00:00,2026-03-26 09:19:00,Y,,,,42.32,42.32 Consecutive Business Hours,,,,,,0,0,0,0,1fd82899-70d9-4a0e-9616-bd9baadb7241,,PDF,RUS,2026-03-24T19:00:00Z,2026-03-26T13:19:00Z,,,,,,2026-08-22T16:11:12Z,2026-08-22T16:11:12Z
MOHE-260325-2307,MHNY SWH STD Mbr Materials_7f692c44-3a21-4e85-9b07-ee3f039c532b_ru,NY Molina SWH – PDF,NY,2026-03-24 15:00:00,2026-03-26 09:20:00,Y,,,,42.32,42.32 Consecutive Business Hours,,,,,,0,0,0,0,a9544290-e21b-40c7-91eb-d46300664750,,PDF,RUS,2026-03-24T19:00:00Z,2026-03-26T13:20:00Z,,,,,,2026-08-22T16:11:12Z,2026-08-22T16:11:12Z
MOHE-260325-2307,MHNY SWH STD Mbr Materials_7e337ce0-de5f-483a-8278-9a7df31543bb_ru,NY Molina SWH – PDF,NY,2026-03-24 21:00:00,2026-03-26 09:19:00,Y,,,,25.33,25.33 Consecutive Business Hours,,,,,,0,0,0,0,f820bfe3-e038-45d1-bad2-50727892ae90,,PDF,RUS,2026-03-25T01:00:00Z,2026-03-26T13:19:00Z,,,,,,2026-08-22T16:11:12Z,2026-08-22T16:11:12Z
MOHE-260325-2307,MHNY SWH STD Care Plan_de2cb762-ea82-49d9-8adf-84b73f755e5e_ru,NY Molina SWH – PDF,NY,2026-03-24 21:00:00,2026-03-26 09:19:00,Y,,,,25.33,25.33 Consecutive Business Hours,,,,,,0,0,0,0,c8b70f8d-06fa-4665-b1d6-9c3bf957e942,,PDF,RUS,2026-03-25T01:00:00Z,2026-03-26T13:19:00Z,,,,,,2026-08-22T16:11:12Z,2026-08-22T16:11:12Z
MOHE-260325-2307,MHNY SWH STD Mbr Materials_123c3a16-462f-4eaf-91d6-f9f659382c5a_ru,NY Molina SWH – PDF,NY,2026-03-24 21:00:00,2026-03-26 09:19:00,Y,,,,25.33,25.33 Consecutive Business Hours,,,,,,0,0,0,0,a41f4f5a-0d12-46a1-9b88-7e81a853d522,,PDF,RUS,2026-03-25T01:00:00Z,2026-03-26T13:19:00Z,,,,,,2026-08-22T16:11:12Z,2026-08-22T16:11:12Z
MOHE-260326-2361,MHNY SWH STD Care Plan_0e2c50f4-e51a-4b83-9a02-ab2e713e6784_ru,NY Molina SWH – PDF,NY,2026-03-25 15:00:00,2026-03-26 18:31:00,Y,,,,27.52,27.52 Consecutive Business Hours,,7.3,530,477,35068,2.56,1.68,3.07,0,1de9a695-3c3b-4956-a585-7efdb8b7548c,1,PDF,RUS,2026-03-25T19:00:00Z,2026-03-26T22:31:00Z,,,,,,2026-08-22T16:11:12Z,2026-08-22T16:11:12Z
MOHE-260326-2361,MHNY SWH STD Mbr Materials_a407b7ef-557e-4701-baba-785c803c1941_ru,NY Molina SWH – PDF,NY,2026-03-25 15:00:00,2026-03-26 18:31:00,Y,,,,27.51,27.51 Consecutive Business Hours,,,,,,0,0,0,0,fa39a260-dcbd-4b49-b2a3-70d90d6f0269,1,PDF,RUS,2026-03-25T19:00:00Z,2026-03-26T22:31:00Z,,,,,,2026-08-22T16:11:12Z,2026-08-22T16:11:12Z
MOHE-260326-2361,MHNY SWH STD Mbr Materials_ad3e9735-71fc-4944-9961-a749cdf2b49a_ru,NY Molina SWH – PDF,NY,2026-03-25 15:00:00,2026-03-26 18:31:00,Y,,,,27.51,27.51 Consecutive Business Hours,,,,,,0,0,0,0,a6a3752d-7620-4655-b692-fd19520668bf,1,PDF,RUS,2026-03-25T19:00:00Z,2026-03-26T22:31:00Z,,,,,,2026-08-22T16:11:12Z,2026-08-22T16:11:12Z
MOHE-260326-2361,MHNY SWH STD Mbr Materials_90b2d902-1c34-4c51-9589-08d05fda2beb_ru,NY Molina SWH – PDF,NY,2026-03-25 15:00:00,2026-03-26 18:31:00,Y,,,,27.52,27.52 Consecutive Business Hours,,,,,,0,0,0,0,f7d9d2c1-db66-481c-ab4a-b11b673b9318,1,PDF,RUS,2026-03-25T19:00:00Z,2026-03-26T22:31:00Z,,,,,,2026-08-22T16:11:12Z,2026-08-22T16:11:12Z
MOHE-260326-2361,MHNY SWH STD Care Plan_272fe56c-0dd5-48f5-b0df-1eba16941e28_ru,NY Molina SWH – PDF,NY,2026-03-25 15:00:00,2026-03-26 18:31:00,Y,,,,27.52,27.52 Consecutive Business Hours,,,,,,0,0,0,0,db4ea1f2-ee13-4b9c-a519-0262be7d0bf9,,PDF,RUS,2026-03-25T19:00:00Z,2026-03-26T22:31:00Z,,,,,,2026-08-22T16:11:12Z,2026-08-22T16:11:12Z
MOHE-260326-2361,MHNY SWH STD Mbr Materials_8e8e45df-e8d9-4324-9f82-2921acf660ad_ru,NY Molina SWH – PDF,NY,2026-03-25 16:00:00,2026-03-26 18:31:00,Y,,,,26.52,26.52 Consecutive Business Hours,,,,,,0,0,0,0,760860e6-a34d-4a11-8c88-317cbbd449df,1,PDF,RUS,2026-03-25T20:00:00Z,2026-03-26T22:31:00Z,,,,,,2026-08-22T16:11:12Z,2026-08-22T16:11:12Z
MOHE-260326-2361,MHNY SWH STD Mbr Materials_0a96739c-923f-453e-923e-17138409adb0_ru,NY Molina SWH – PDF,NY,2026-03-25 16:00:00,2026-03-26 18:31:00,Y,,,,26.52,26.52 Consecutive Business Hours,,,,,,0,0,0,0,f79d01da-c113-4b90-92f1-8f0c696174f8,1,PDF,RUS,2026-03-25T20:00:00Z,2026-03-26T22:31:00Z,,,,,,2026-08-22T16:11:12Z,2026-08-22T16:11:12Z
MOHE-260326-2361,MHNY SWH STD Care Plan_ff71e1cf-c3b3-4cfc-806b-3389e78295bb_ru,NY Molina SWH – PDF,NY,2026-03-25 16:00:00,2026-03-26 18:31:00,Y,,,,26.52,26.52 Consecutive Business Hours,,,,,,0,0,0,0,8d525e7c-06f3-4cce-8d8f-4cb0837363e0,1,PDF,RUS,2026-03-25T20:00:00Z,2026-03-26T22:31:00Z,,,,,,2026-08-22T16:11:12Z,2026-08-22T16:11:12Z
MOHE-260326-2361,MHNY SWH STD Care Plan_f8761b7b-19c1-4c9d-8b57-66acf29a62af_ru,NY Molina SWH – PDF,NY,2026-03-25 16:00:00,2026-03-26 18:31:00,Y,,,,26.52,26.52 Consecutive Business Hours,,,,,,0,0,0,0,6085047d-7f47-49d3-b098-22a7f7e4de2c,1,PDF,RUS,2026-03-25T20:00:00Z,2026-03-26T22:31:00Z,,,,,,2026-08-22T16:11:12Z,2026-08-22T16:11:12Z
MOHE-260326-2361,MHNY SWH STD Mbr Materials_4a389903-4dea-4949-9cab-2d9478d0b4c0_ru,NY Molina SWH – PDF,NY,2026-03-25 16:00:00,2026-03-26 18:31:00,Y,,,,26.52,26.52 Consecutive Business Hours,,,,,,0,0,0,0,2ec3b05d-2ed0-4900-85a3-399fb4127bda,1,PDF,RUS,2026-03-25T20:00:00Z,2026-03-26T22:31:00Z,,,,,,2026-08-22T16:11:12Z,2026-08-22T16:11:12Z
MOHE-260326-2361,MHNY SWH STD Mbr Materials_f4c7fe69-0589-4374-8e8d-280fce0b374b_ru,NY Molina SWH – PDF,NY,2026-03-25 18:00:00,2026-03-26 18:32:00,Y,,,,24.52,24.52 Consecutive Business Hours,,,,,,0,0,0,0,a7d6b7ee-164b-4b3a-943d-0eb529d9f2a0,,PDF,RUS,2026-03-25T22:00:00Z,2026-03-26T22:32:00Z,,,,,,2026-08-22T16:11:12Z,2026-08-22T16:11:12Z
MOHE-260326-2361,MHNY SWH STD Mbr Materials_367060c5-4ecb-4822-bf96-64ee92f46617_ru,NY Molina SWH – PDF,NY,2026-03-25 18:00:00,2026-03-26 18:31:00,Y,,,,24.52,24.52 Consecutive Business Hours,,,,,,0,0,0,0,9abf085c-b241-4ce8-b0e8-4a3a61dbdd21,,PDF,RUS,2026-03-25T22:00:00Z,2026-03-26T22:31:00Z,,,,,,2026-08-22T16:11:12Z,2026-08-22T16:11:12Z
MOHE-260326-2361,MHNY SWH STD Care Plan_f21acdfe-698f-4785-a370-2a40e7dfcc6e_ru,NY Molina SWH – PDF,NY,2026-03-25 18:00:00,2026-03-26 18:31:00,Y,,,,24.52,24.52 Consecutive Business Hours,,,,,,0,0,0,0,091224c1-bb29-43fa-b757-b8095ddcb862,1,PDF,RUS,2026-03-25T22:00:00Z,2026-03-26T22:31:00Z,,,,,,2026-08-22T16:11:12Z,2026-08-22T16:11:12Z
MOHE-260326-2361,MHNY SWH STD Care Plan_bd63607a-5296-471f-b81a-53e22c651937_ru,NY Molina SWH – PDF,NY,2026-03-25 18:00:00,2026-03-26 18:31:00,Y,,,,24.52,24.52 Consecutive Business Hours,,,,,,0,0,0,0,fc8ad4a2-3da3-49dc-87cd-85bc8993f422,1,PDF,RUS,2026-03-25T22:00:00Z,2026-03-26T22:31:00Z,,,,,,2026-08-22T16:11:12Z,2026-08-22T16:11:12Z
MOHE-260326-2361,MHNY SWH STD Mbr Materials_b18bbf1b-7a47-4c87-8bf6-f5c612af2abf_ru,NY Molina SWH – PDF,NY,2026-03-25 18:00:00,2026-03-26 18:31:00,Y,,,,24.52,24.52 Consecutive Business Hours,,,,,,0,0,0,0,c8ab2f72-c397-4798-bc86-60ebb3f40639,1,PDF,RUS,2026-03-25T22:00:00Z,2026-03-26T22:31:00Z,,,,,,2026-08-22T16:11:12Z,2026-08-22T16:11:12Z
MOHE-260326-2358,MHNY SWH STD Care Plan_215b76ed-cf2e-422c-92ba-7d839897f87f_ru,NY Molina SWH – PDF,NY,2026-03-25 18:00:00,2026-03-27 15:20:00,Y,,,,45.32,45.32 Consecutive Business Hours,,2.4,342,177,14057,0.84,0.55,1.01,0,0c8cea2e-dd27-4116-a953-0251e2109f09,1,PDF,RUS,2026-03-25T22:00:00Z,2026-03-27T19:20:00Z,,,,,,2026-08-22T16:11:12Z,2026-08-22T16:11:12Z
MOHE-260326-2358,MHNY SWH STD Care Plan_449c75ba-151b-4012-9506-bb339c9cb52c_ru,NY Molina SWH – PDF,NY,2026-03-25 21:00:00,2026-03-26 19:50:00,Y,,,,11.85,11.85 Consecutive Business Hours,,,,,,0,0,0,0,6cbc1047-cae6-46e1-a491-64b6433e75fd,1,PDF,RUS,2026-03-26T01:00:00Z,2026-03-26T23:50:00Z,,,,,,2026-08-22T16:11:12Z,2026-08-22T16:11:12Z
MOHE-260326-2358,MHNY SWH STD Care Plan_22fee488-a747-4d3f-b9d1-d68b683a78d1_ru,NY Molina SWH – PDF,NY,2026-03-25 21:00:00,2026-03-27 15:20:00,Y,,,,31.34,31.34 Consecutive Business Hours,,,,,,0,0,0,0,0bc9fb20-4851-4958-a9fc-8b17c5f948dd,,PDF,RUS,2026-03-26T01:00:00Z,2026-03-27T19:20:00Z,,,,,,2026-08-22T16:11:12Z,2026-08-22T16:11:12Z
MOHE-260326-2358,MHNY SWH STD Mbr Materials_638a0065-9657-46d7-99f6-6905992657d1_ru,NY Molina SWH – PDF,NY,2026-03-25 21:00:00,2026-03-26 19:50:00,Y,,,,11.85,11.85 Consecutive Business Hours,,,,,,0,0,0,0,2c352aaf-3eff-4701-834a-de495bdcd303,,PDF,RUS,2026-03-26T01:00:00Z,2026-03-26T23:50:00Z,,,,,,2026-08-22T16:11:12Z,2026-08-22T16:11:12Z
MOHE-260327-2390,MHNY SWH STD Care Plan_6337f0b8-770d-44fe-96f4-107acf608c53_ru,NY Molina SWH – PDF,NY,2026-03-26 15:00:00,2026-03-30 17:27:00,Y,,,,50.45,50.45 Consecutive Business Hours,,3,208,292,18839,1.05,0.69,1.26,0,feb27328-1c42-4092-9fe5-1dfe38a2ecf1,,PDF,RUS,2026-03-26T19:00:00Z,2026-03-30T21:27:00Z,,,,,,2026-08-22T16:11:12Z,2026-08-22T16:11:12Z
MOHE-260327-2390,MHNY SWH STD Care Plan_63b74aa3-3441-466a-a78c-cbc281f2d211_ru,NY Molina SWH – PDF,NY,2026-03-26 18:00:00,2026-03-30 17:27:00,Y,,,,47.46,47.46 Consecutive Business Hours,,,,,,0,0,0,0,e23f8b52-cb28-402a-9476-c64a5ae3f842,1,PDF,RUS,2026-03-26T22:00:00Z,2026-03-30T21:27:00Z,,,,,,2026-08-22T16:11:12Z,2026-08-22T16:11:12Z
MOHE-260327-2390,MHNY SWH STD Care Plan_a5851a20-04a2-4872-b48a-9142efdfa515_ru,NY Molina SWH – PDF,NY,2026-03-26 18:00:00,2026-03-30 17:27:00,Y,,,,47.45,47.45 Consecutive Business Hours,,,,,,0,0,0,0,4c28fc1e-8607-4cdf-946e-15173df15b0b,1,PDF,RUS,2026-03-26T22:00:00Z,2026-03-30T21:27:00Z,,,,,,2026-08-22T16:11:12Z,2026-08-22T16:11:12Z
MOHE-260327-2390,MHNY SWH STD Mbr Materials_3e2a47db-c68e-4738-9fee-3d79eb7edc80_ru,NY Molina SWH – PDF,NY,2026-03-26 15:00:00,2026-03-27 18:04:00,Y,,,,27.06,27.06 Consecutive Business Hours,,1.6,,,4477,0.56,0.37,0.67,0,fd277773-7b4c-4702-bb68-b8853a4a13f7,,PDF,RUS,2026-03-26T19:00:00Z,2026-03-27T22:04:00Z,,,,,,2026-08-22T16:11:12Z,2026-08-22T16:11:12Z
MOHE-260327-2390,MHNY SWH STD Advance Directive_edc95e14-39d2-47be-830c-e33f7620cd97_ru,NY Molina SWH – PDF,NY,2026-03-26 15:00:00,2026-03-27 18:04:00,Y,,,,27.06,27.06 Consecutive Business Hours,,,,,,0,0,0,0,cfaa3460-5ed2-4039-8219-30983ddd11db,1,PDF,RUS,2026-03-26T19:00:00Z,2026-03-27T22:04:00Z,,,,,,2026-08-22T16:11:12Z,2026-08-22T16:11:12Z
MOHE-260327-2390,MHNY SWH STD Mbr Materials_4fdb6311-573d-43d4-b70b-88be945a627e_ru,NY Molina SWH – PDF,NY,2026-03-26 15:00:00,2026-03-27 18:04:00,Y,,,,27.06,27.06 Consecutive Business Hours,,,,,,0,0,0,0,5f4acc22-dfb3-4cf0-83f2-6ff05b766b38,1,PDF,RUS,2026-03-26T19:00:00Z,2026-03-27T22:04:00Z,,,,,,2026-08-22T16:11:12Z,2026-08-22T16:11:12Z
MOHE-260327-2390,MHNY SWH STD Mbr Materials_196f0be4-da35-4103-a361-0c6f78a024f1_ru,NY Molina SWH – PDF,NY,2026-03-26 15:00:00,2026-03-27 18:04:00,Y,,,,27.06,27.06 Consecutive Business Hours,,,,,,0,0,0,0,9fb846ae-7dd0-4d32-9902-1386e2276182,1,PDF,RUS,2026-03-26T19:00:00Z,2026-03-27T22:04:00Z,,,,,,2026-08-22T16:11:12Z,2026-08-22T16:11:12Z
MOHE-260327-2390,MHNY SWH STD Mbr Materials_7716640b-2217-4b12-8d5f-3909071c3293_ru,NY Molina SWH – PDF,NY,2026-03-26 18:00:00,2026-03-27 18:04:00,Y,,,,24.07,24.07 Consecutive Business Hours,,,,,,0,0,0,0,864fa535-b7ce-44ed-b4e7-0d58d8e1e9cb,1,PDF,RUS,2026-03-26T22:00:00Z,2026-03-27T22:04:00Z,,,,,,2026-08-22T16:11:12Z,2026-08-22T16:11:12Z
MOHE-260327-2390,MHNY SWH STD Advance Directive_ee58d466-efaa-47df-ab89-406b876ea6aa_ru,NY Molina SWH – PDF,NY,2026-03-26 18:00:00,2026-03-27 18:04:00,Y,,,,24.06,24.06 Consecutive Business Hours,,,,,,0,0,0,0,5ba5bbb8-85e3-40a7-8562-0f4fe6795437,,PDF,RUS,2026-03-26T22:00:00Z,2026-03-27T22:04:00Z,,,,,,2026-08-22T16:11:12Z,2026-08-22T16:11:12Z
MOHE-260327-2390,MHNY SWH STD Mbr Materials_3d133560-56a7-4bdc-a7f6-efcb013163ae_ru,NY Molina SWH – PDF,NY,2026-03-26 18:00:00,2026-03-27 18:04:00,Y,,,,24.06,24.06 Consecutive Business Hours,,,,,,0,0,0,0,1479e23f-46e4-44e9-98ac-453ddee211c0,,PDF,RUS,2026-03-26T22:00:00Z,2026-03-27T22:04:00Z,,,,,,2026-08-22T16:11:12Z,2026-08-22T16:11:12Z
MOHE-260327-2390,MHNY SWH STD Mbr Materials_26313f63-1926-4984-84d2-58f35f8deaab_ru,NY Molina SWH – PDF,NY,2026-03-26 18:00:00,2026-03-27 18:04:00,Y,,,,24.06,24.06 Consecutive Business Hours,,,,,,0,0,0,0,373b0a3e-e200-4745-889a-6149ca237b52,,PDF,RUS,2026-03-26T22:00:00Z,2026-03-27T22:04:00Z,,,,,,2026-08-22T16:11:12Z,2026-08-22T16:11:12Z
MOHE-260328-2435,MHNY SWH STD UTC_24e669e8-20a1-4f18-8a9b-83574f47594b_ru,NY Molina SWH – PDF,NY,2026-03-26 18:00:00,2026-03-30 15:20:00,Y,,,,45.33,45.33 Consecutive Business Hours,,0.8,,,2062,0.28,0.18,0.34,0,6c35bf77-556a-41f4-a793-36b44d91c793,1,PDF,RUS,2026-03-26T22:00:00Z,2026-03-30T19:20:00Z,,,,,,2026-08-22T16:11:12Z,2026-08-22T16:11:12Z
MOHE-260328-2435,MHNY SWH STD UTC_9329d489-c8a5-4b39-b99c-4c1ec2806927_ru,NY Molina SWH – PDF,NY,2026-03-26 18:00:00,2026-03-30 15:20:00,Y,,,,45.33,45.33 Consecutive Business Hours,,,,,,0,0,0,0,539fdd46-9db5-4b9b-8911-7322cbc396e2,,PDF,RUS,2026-03-26T22:00:00Z,2026-03-30T19:20:00Z,,,,,,2026-08-22T16:11:12Z,2026-08-22T16:11:12Z
MOHE-260328-2435,MHNY SWH STD UTC_f25dc0d0-f67e-430e-919f-19e37381f2d6_ru,NY Molina SWH – PDF,NY,2026-03-26 18:00:00,2026-03-30 15:20:00,Y,,,,45.33,45.33 Consecutive Business Hours,,,,,,0,0,0,0,79982805-b5e1-4819-9a6a-01e94eb7f88f,1,PDF,RUS,2026-03-26T22:00:00Z,2026-03-30T19:20:00Z,,,,,,2026-08-22T16:11:12Z,2026-08-22T16:11:12Z
MOHE-260328-2435,MHNY SWH STD Mbr Materials_69552314-0d4a-4033-b95c-07fc49f6ebdf_ru,NY Molina SWH – PDF,NY,2026-03-26 21:00:00,2026-03-30 15:20:00,Y,,,,31.35,31.35 Consecutive Business Hours,,,,,,0,0,0,0,09ea35d7-a932-44ff-bee5-1b66b0f5b697,,PDF,RUS,2026-03-27T01:00:00Z,2026-03-30T19:20:00Z,,,,,,2026-08-22T16:11:12Z,2026-08-22T16:11:12Z
MOHE-260330-2458,MHNY SWH STD Care Plan_daa26a55-d141-4212-8fdf-ad11f57d8c98_ru,NY Molina SWH – PDF,NY,2026-03-27 21:01:00,2026-03-31 18:49:00,Y,,,,34.82,34.82 Consecutive Business Hours,,1,42,149,6062,0.35,0.23,0.42,0,e223b222-0981-48e1-a8cc-de3b5239747a,1,PDF,RUS,2026-03-28T01:01:00Z,2026-03-31T22:49:00Z,,,,,,2026-08-22T16:11:12Z,2026-08-22T16:11:12Z
MOHE-260330-2482,MHNY SWH STD Mbr Materials_6ec47a0b-10d0-4cd1-a085-cf35f1510fe6_ru,NY Molina SWH – PDF,NY,2026-03-27 15:01:00,2026-03-30 19:01:00,Y,,,,28.01,28.01 Consecutive Business Hours,,1.4,,,3850,0.49,0.32,0.59,0,0affdafc-851e-4bcd-b9b0-a75c43486714,,PDF,RUS,2026-03-27T19:01:00Z,2026-03-30T23:01:00Z,,,,,,2026-08-22T16:11:12Z,2026-08-22T16:11:12Z
MOHE-260330-2482,MHNY SWH STD Mbr Materials_737ae02e-6689-47bc-b78e-421969f26dff_ru,NY Molina SWH – PDF,NY,2026-03-27 15:01:00,2026-03-30 19:01:00,Y,,,,28,28.00 Consecutive Business Hours,,,,,,0,0,0,0,8c685ec9-d0fd-4426-a8dd-9b8ea84611f7,,PDF,RUS,2026-03-27T19:01:00Z,2026-03-30T23:01:00Z,,,,,,2026-08-22T16:11:12Z,2026-08-22T16:11:12Z
MOHE-260330-2482,MHNY SWH STD Mbr Materials_12ed6596-da68-4430-ac41-96897f15f570_ru,NY Molina SWH – PDF,NY,2026-03-27 21:01:00,2026-03-30 19:01:00,Y,,,,11.02,11.02 Consecutive Business Hours,,,,,,0,0,0,0,8686a376-2a52-467a-924a-de92ff8fb552,,PDF,RUS,2026-03-28T01:01:00Z,2026-03-30T23:01:00Z,,,,,,2026-08-22T16:11:12Z,2026-08-22T16:11:12Z
MOHE-260330-2482,MHNY SWH STD Mbr Materials_0869af68-64e4-4c1f-ba75-4e13066e3986_ru,NY Molina SWH – PDF,NY,2026-03-27 21:01:00,2026-03-30 19:01:00,Y,,,,11.02,11.02 Consecutive Business Hours,,,,,,0,0,0,0,69a35911-c80c-4244-8750-6b560c75b937,1,PDF,RUS,2026-03-28T01:01:00Z,2026-03-30T23:01:00Z,,,,,,2026-08-22T16:11:12Z,2026-08-22T16:11:12Z
MOHE-260330-2482,MHNY SWH STD Advance Directive_f742190d-e3c1-46ea-8920-0f6d2c7698b0_ru,NY Molina SWH – PDF,NY,2026-03-29 15:00:00,2026-03-30 19:01:00,Y,,,,11.02,11.02 Consecutive Business Hours,,,,,,0,0,0,0,2272c9ff-2159-4290-b6ea-e12e620917ed,,PDF,RUS,2026-03-29T19:00:00Z,2026-03-30T23:01:00Z,,,,,,2026-08-22T16:11:12Z,2026-08-22T16:11:12Z
MOHE-260330-2482,MHNY SWH STD Mbr Materials_59ff82e4-819f-4879-853a-d17eb6a54905_ru,NY Molina SWH – PDF,NY,2026-03-29 15:00:00,2026-03-30 19:01:00,Y,,,,11.02,11.02 Consecutive Business Hours,,,,,,0,0,0,0,58c5e799-f8d1-46fb-87b7-0b41fab88b4c,1,PDF,RUS,2026-03-29T19:00:00Z,2026-03-30T23:01:00Z,,,,,,2026-08-22T16:11:12Z,2026-08-22T16:11:12Z
MOHE-260330-2482,MHNY SWH STD Mbr Materials_4b5ba102-0db0-4b27-9bfe-5ccc74bda67b_ru,NY Molina SWH – PDF,NY,2026-03-29 15:00:00,2026-03-30 19:01:00,Y,,,,11.02,11.02 Consecutive Business Hours,,,,,,0,0,0,0,0a3ec1b5-77be-41cf-882b-0b49c8c83f92,1,PDF,RUS,2026-03-29T19:00:00Z,2026-03-30T23:01:00Z,,,,,,2026-08-22T16:11:12Z,2026-08-22T16:11:12Z
MOHE-260330-2495,MHNY SWH STD Care Plan_d52ea066-5bb8-4a0c-b32d-64debb977d0a_ru,NY Molina SWH – PDF,NY,2026-03-27 15:00:00,2026-03-31 18:40:00,Y,,,,51.66,51.66 Consecutive Business Hours,,3.4,1036,418,23374,1.19,0.78,1.43,0,a24dd24e-e825-4cf6-8f97-f4318659b950,1,PDF,RUS,2026-03-27T19:00:00Z,2026-03-31T22:40:00Z,,,,,,2026-08-22T16:11:12Z,2026-08-22T16:11:12Z
MOHE-260330-2495,MHNY SWH STD UTC_2d033f07-bf6a-4134-a718-8ec8be3f329c_ru,NY Molina SWH – PDF,NY,2026-03-27 15:00:00,2026-03-31 18:40:00,Y,,,,51.66,51.66 Consecutive Business Hours,,,,,,0,0,0,0,c0c166d3-170f-4bc1-8e9f-fc9b82bf8678,1,PDF,RUS,2026-03-27T19:00:00Z,2026-03-31T22:40:00Z,,,,,,2026-08-22T16:11:12Z,2026-08-22T16:11:12Z
MOHE-260330-2495,MHNY SWH STD Care Plan_eb746481-f6f1-40fb-972f-31962079d32f_ru,NY Molina SWH – PDF,NY,2026-03-27 15:00:00,2026-03-31 18:40:00,Y,,,,51.65,51.65 Consecutive Business Hours,,,,,,0,0,0,0,7d2da7e5-54d0-4685-8479-fe87906ee8d4,1,PDF,RUS,2026-03-27T19:00:00Z,2026-03-31T22:40:00Z,,,,,,2026-08-22T16:11:12Z,2026-08-22T16:11:12Z
MOHE-260330-2495,MHNY SWH STD Mbr Materials_0bd6a545-2e9c-4447-a452-37b88ad7fb9e_ru,NY Molina SWH – PDF,NY,2026-03-27 15:00:00,2026-03-31 18:40:00,Y,,,,51.65,51.65 Consecutive Business Hours,,,,,,0,0,0,0,7952c2c3-d00e-4096-86b7-e9ac45d40c9c,1,PDF,RUS,2026-03-27T19:00:00Z,2026-03-31T22:40:00Z,,,,,,2026-08-22T16:11:12Z,2026-08-22T16:11:12Z
MOHE-260330-2495,MHNY SWH STD Care Plan_a5ea2ef0-1126-44c3-bc3d-a8cd2963413d_ru,NY Molina SWH – PDF,NY,2026-03-27 15:00:00,2026-03-31 18:40:00,Y,,,,51.65,51.65 Consecutive Business Hours,,,,,,0,0,0,0,732f8919-c314-430b-90ed-c248a9c5dfa8,2,PDF,RUS,2026-03-27T19:00:00Z,2026-03-31T22:40:00Z,,,,,,2026-08-22T16:11:12Z,2026-08-22T16:11:12Z
MOHE-260330-2462,MHNY SWH STD Care Plan_6797848e-abc6-445a-a3b9-4743c977069a_ru,NY Molina SWH – PDF,NY,2026-03-27 15:00:00,2026-03-31 15:02:00,Y,,,,48.03,48.03 Consecutive Business Hours,,7.2,2046,857,46405,2.52,1.66,3.02,0,2c10d0ab-36f8-4ea7-8d65-bd59a6c17f3f,2,PDF,RUS,2026-03-27T19:00:00Z,2026-03-31T19:02:00Z,,,,,,2026-08-22T16:11:12Z,2026-08-22T16:11:12Z
MOHE-260330-2462,MHNY SWH STD Care Plan_21194234-eade-4c63-9733-059de9fd02d5_ru,NY Molina SWH – PDF,NY,2026-03-27 15:00:00,2026-03-31 15:02:00,Y,,,,48.03,48.03 Consecutive Business Hours,,,,,,0,0,0,0,8748fb47-c383-4e47-9b13-415fe60f8558,2,PDF,RUS,2026-03-27T19:00:00Z,2026-03-31T19:02:00Z,,,,,,2026-08-22T16:11:12Z,2026-08-22T16:11:12Z
MOHE-260330-2462,MHNY SWH STD Care Plan_2200f85d-7e82-42a0-8d32-ab4a5f83940d_ru,NY Molina SWH – PDF,NY,2026-03-27 15:00:00,2026-03-31 15:02:00,Y,,,,48.03,48.03 Consecutive Business Hours,,,,,,0,0,0,0,3abaa9a1-c4c8-4709-9c11-cbe7716b4715,2,PDF,RUS,2026-03-27T19:00:00Z,2026-03-31T19:02:00Z,,,,,,2026-08-22T16:11:12Z,2026-08-22T16:11:12Z
MOHE-260330-2462,MHNY SWH STD Mbr Materials_076386b5-4404-45c3-ae80-22ea8919d761_ru,NY Molina SWH – PDF,NY,2026-03-27 15:00:00,2026-03-30 19:47:00,Y,,,,28.78,28.78 Consecutive Business Hours,,,,,,0,0,0,0,344303db-7a24-444e-bc05-adb69c950c0f,2,PDF,RUS,2026-03-27T19:00:00Z,2026-03-30T23:47:00Z,,,,,,2026-08-22T16:11:12Z,2026-08-22T16:11:12Z
MOHE-260330-2462,MHNY SWH STD Care Plan_14b936bd-0fb1-4446-8a2e-992b3674c728_ru,NY Molina SWH – PDF,NY,2026-03-27 15:00:00,2026-03-31 15:02:00,Y,,,,48.03,48.03 Consecutive Business Hours,,,,,,0,0,0,0,bc3b2ad5-921f-45bd-87ec-579caebc45b7,2,PDF,RUS,2026-03-27T19:00:00Z,2026-03-31T19:02:00Z,,,,,,2026-08-22T16:11:12Z,2026-08-22T16:11:12Z
MOHE-260330-2462,MHNY SWH STD Care Plan_60cd68d9-9525-4958-acfc-2a43092b2b29_ru,NY Molina SWH – PDF,NY,2026-03-27 15:01:00,2026-03-31 15:02:00,Y,,,,48.03,48.03 Consecutive Business Hours,,,,,,0,0,0,0,04fa1860-8c63-4b8a-9bc1-8b6b9c17d43c,2,PDF,RUS,2026-03-27T19:01:00Z,2026-03-31T19:02:00Z,,,,,,2026-08-22T16:11:12Z,2026-08-22T16:11:12Z
MOHE-260330-2462,MHNY SWH STD Mbr Materials_bfe3329a-18b0-49ce-a40d-df56dd0c775a_ru,NY Molina SWH – PDF,NY,2026-03-27 21:01:00,2026-03-30 19:47:00,Y,,,,11.8,11.80 Consecutive Business Hours,,,,,,0,0,0,0,93770269-23f5-466c-bab4-e361632654f4,2,PDF,RUS,2026-03-28T01:01:00Z,2026-03-30T23:47:00Z,,,,,,2026-08-22T16:11:12Z,2026-08-22T16:11:12Z
MOHE-260330-2462,MHNY SWH STD Advance Directive_f839e000-796e-4845-91b5-8a4314dec382_ru,NY Molina SWH – PDF,NY,2026-03-27 21:01:00,2026-03-30 19:47:00,Y,,,,11.8,11.80 Consecutive Business Hours,,,,,,0,0,0,0,f2aa03ac-6bf8-4625-bad3-d3c396315df4,2,PDF,RUS,2026-03-28T01:01:00Z,2026-03-30T23:47:00Z,,,,,,2026-08-22T16:11:12Z,2026-08-22T16:11:12Z
MOHE-260330-2462,MHNY SWH STD Care Plan_383e0d70-e532-41bb-97d1-a646dfc73a25_ru,NY Molina SWH – PDF,NY,2026-03-27 21:01:00,2026-03-31 15:02:00,Y,,,,31.05,31.05 Consecutive Business Hours,,,,,,0,0,0,0,cc4330ab-b881-4798-b90b-1afa87d51fe6,2,PDF,RUS,2026-03-28T01:01:00Z,2026-03-31T19:02:00Z,,,,,,2026-08-22T16:11:12Z,2026-08-22T16:11:12Z
MOHE-260330-2462,MHNY SWH STD Mbr Materials_cf19c6f1-4e97-4a41-a5e0-363a1efd539a_ru,NY Molina SWH – PDF,NY,2026-03-29 15:00:00,2026-03-30 19:47:00,Y,,,,11.8,11.80 Consecutive Business Hours,,,,,,0,0,0,0,21886cf0-0970-41ff-b908-b718f0402721,,PDF,RUS,2026-03-29T19:00:00Z,2026-03-30T23:47:00Z,,,,,,2026-08-22T16:11:12Z,2026-08-22T16:11:12Z
MOHE-260330-2462,MHNY SWH STD Advance Directive_8588141f-2e69-46a7-b201-1dabc8c32672_ru,NY Molina SWH – PDF,NY,2026-03-29 15:00:00,2026-03-30 19:47:00,Y,,,,11.8,11.80 Consecutive Business Hours,,,,,,0,0,0,0,d211018d-ab67-411c-af54-3d3c66631eaf,,PDF,RUS,2026-03-29T19:00:00Z,2026-03-30T23:47:00Z,,,,,,2026-08-22T16:11:12Z,2026-08-22T16:11:12Z
MOHE-260330-2462,MHNY SWH STD Advance Directive_14b832db-4d0f-476f-891c-a8cd88cdaa4b_ru,NY Molina SWH – PDF,NY,2026-03-29 15:00:00,2026-03-30 19:47:00,Y,,,,11.8,11.80 Consecutive Business Hours,,,,,,0,0,0,0,2655e6ca-9ea7-4e89-a3c2-50798b9e6de1,,PDF,RUS,2026-03-29T19:00:00Z,2026-03-30T23:47:00Z,,,,,,2026-08-22T16:11:12Z,2026-08-22T16:11:12Z
MOHE-260331-2534,MHNY SWH STD Advance Directive_f8ba020b-9319-4127-acd4-939e68527aab_ru,NY Molina SWH – PDF,NY,2026-03-30 15:00:00,2026-04-01 15:38:00,Y,,,,48.64,48.64 Consecutive Business Hours,,3.95,373,397,18447,1.38,0.91,1.66,0,3c8a3f96-75af-46b5-a506-21a8408f987c,,PDF,RUS,2026-03-30T19:00:00Z,2026-04-01T19:38:00Z,,,,,,2026-08-22T16:11:12Z,2026-08-22T16:11:12Z
MOHE-260331-2534,MHNY SWH STD Mbr Materials_8c6afa3d-75a1-411c-a95d-a82f3bec7c77_ru,NY Molina SWH – PDF,NY,2026-03-30 15:00:00,2026-04-01 15:38:00,Y,,,,48.64,48.64 Consecutive Business Hours,,,,,,0,0,0,0,5eec9f8e-98cf-48da-8350-0245fc96670a,,PDF,RUS,2026-03-30T19:00:00Z,2026-04-01T19:38:00Z,,,,,,2026-08-22T16:11:12Z,2026-08-22T16:11:12Z
MOHE-260331-2534,MHNY SWH STD Care Plan_35a5c2e1-5f52-4c08-b9aa-01429d840e63_ru,NY Molina SWH – PDF,NY,2026-03-30 15:00:00,2026-04-01 15:38:00,Y,,,,48.64,48.64 Consecutive Business Hours,,,,,,0,0,0,0,74170b02-6dae-4677-ace1-281f3bb33ba6,,PDF,RUS,2026-03-30T19:00:00Z,2026-04-01T19:38:00Z,,,,,,2026-08-22T16:11:12Z,2026-08-22T16:11:12Z
MOHE-260331-2534,MHNY SWH STD Care Plan_71891a56-2b40-43ef-a32d-63bb2a691d79_ru,NY Molina SWH – PDF,NY,2026-03-30 15:00:00,2026-04-01 15:38:00,Y,,,,48.63,48.63 Consecutive Business Hours,,,,,,0,0,0,0,fa5f4d19-d9d2-4979-8fe7-44fa1fe769af,,PDF,RUS,2026-03-30T19:00:00Z,2026-04-01T19:38:00Z,,,,,,2026-08-22T16:11:12Z,2026-08-22T16:11:12Z
MOHE-260331-2534,MHNY SWH STD Care Plan_98d5f4a2-ba8d-43c7-9d47-d936c296b9a8_ru,NY Molina SWH – PDF,NY,2026-03-30 15:00:00,2026-04-01 15:38:00,Y,,,,48.63,48.63 Consecutive Business Hours,,,,,,0,0,0,0,839167ef-6932-4d32-9bc5-ccca5c2402ac,,PDF,RUS,2026-03-30T19:00:00Z,2026-04-01T19:38:00Z,,,,,,2026-08-22T16:11:12Z,2026-08-22T16:11:12Z
MOHE-260331-2534,MHNY SWH STD Advance Directive_7fd3a26d-0952-42bf-89a2-72c7ab9630d6_ru,NY Molina SWH – PDF,NY,2026-03-30 18:00:00,2026-04-01 15:38:00,Y,,,,45.64,45.64 Consecutive Business Hours,,,,,,0,0,0,0,1e66ed50-1921-4c3f-ab7b-6f09bf947ce1,2,PDF,RUS,2026-03-30T22:00:00Z,2026-04-01T19:38:00Z,,,,,,2026-08-22T16:11:12Z,2026-08-22T16:11:12Z
MOHE-260331-2534,MHNY SWH STD Mbr Materials_26cd045e-24ae-4f6d-9d09-6fffac28239f_ru,NY Molina SWH – PDF,NY,2026-03-30 18:00:00,2026-04-01 15:38:00,Y,,,,45.63,45.63 Consecutive Business Hours,,,,,,0,0,0,0,1d726d87-cfc0-44d0-bd5d-644a5036b261,5,PDF,RUS,2026-03-30T22:00:00Z,2026-04-01T19:38:00Z,,,,,,2026-08-22T16:11:12Z,2026-08-22T16:11:12Z
MOHE-260331-2534,MHNY SWH STD Mbr Materials_48d3a902-51c4-40a1-878a-e12dd292a3a9_ru,NY Molina SWH – PDF,NY,2026-03-30 18:00:00,2026-04-01 15:38:00,Y,,,,45.63,45.63 Consecutive Business Hours,,,,,,0,0,0,0,76e56328-495e-439b-908e-abb94e860753,,PDF,RUS,2026-03-30T22:00:00Z,2026-04-01T19:38:00Z,,,,,,2026-08-22T16:11:12Z,2026-08-22T16:11:12Z
MOHE-260331-2534,MHNY SWH STD Mbr Materials_39f80eca-7d11-40c8-822a-c46abb665e17_ru,NY Molina SWH – PDF,NY,2026-03-30 21:00:00,2026-04-01 15:38:00,Y,,,,31.65,31.65 Consecutive Business Hours,,,,,,0,0,0,0,a133cfbf-f44c-42e7-8460-35b16a221d0e,2,PDF,RUS,2026-03-31T01:00:00Z,2026-04-01T19:38:00Z,,,,,,2026-08-22T16:11:12Z,2026-08-22T16:11:12Z
MOHE-260331-2508,MHNY SWH STD Mbr Materials_faddd197-1e87-487f-8c1b-09481ae3c53b_ru,NY Molina SWH – PDF,NY,2026-03-30 15:00:00,2026-04-01 09:38:00,Y,,,,42.62,42.62 Consecutive Business Hours,,1.45,46,21,8701,0.51,0.33,0.61,0,5bbcb048-b9cf-40bb-889f-037b44bb2370,5,PDF,RUS,2026-03-30T19:00:00Z,2026-04-01T13:38:00Z,,,,,,2026-08-22T16:11:12Z,2026-08-22T16:11:12Z
MOHE-260331-2508,MHNY SWH STD Mbr Materials_09403554-c129-47d8-9c32-da7ba841a872_ru,NY Molina SWH – PDF,NY,2026-03-30 15:00:00,2026-04-01 09:38:00,Y,,,,42.62,42.62 Consecutive Business Hours,,,,,,0,0,0,0,e68c95fa-1118-43dc-ade4-ea297b2b58bb,,PDF,RUS,2026-03-30T19:00:00Z,2026-04-01T13:38:00Z,,,,,,2026-08-22T16:11:12Z,2026-08-22T16:11:12Z
MOHE-260331-2508,MHNY SWH STD Mbr Materials_cd24612e-3115-42d5-a21d-99e76174e49c_ru,NY Molina SWH – PDF,NY,2026-03-30 18:00:00,2026-04-01 09:38:00,Y,,,,39.62,39.62 Consecutive Business Hours,,,,,,0,0,0,0,d1363d28-1915-43b6-8f70-34a79ea33033,5,PDF,RUS,2026-03-30T22:00:00Z,2026-04-01T13:38:00Z,,,,,,2026-08-22T16:11:12Z,2026-08-22T16:11:12Z
MOHE-260331-2508,MHNY SWH STD Care Plan_a0aab74f-cf92-4a18-8e04-664408d5f334_ru,NY Molina SWH – PDF,NY,2026-03-30 18:00:00,2026-04-01 09:36:00,Y,,,,39.59,39.59 Consecutive Business Hours,,,,,,0,0,0,0,77d1b504-0db7-4ee3-8524-ed7436be165b,,PDF,RUS,2026-03-30T22:00:00Z,2026-04-01T13:36:00Z,,,,,,2026-08-22T16:11:12Z,2026-08-22T16:11:12Z
MOHE-260331-2508,MHNY SWH STD Mbr Materials_3888477b-0ec3-4463-aeeb-fd9c7b76bcdb_ru,NY Molina SWH – PDF,NY,2026-03-30 18:00:00,2026-04-01 09:38:00,Y,,,,39.62,39.62 Consecutive Business Hours,,,,,,0,0,0,0,40125701-cb6b-4105-82b7-8771a3812685,2,PDF,RUS,2026-03-30T22:00:00Z,2026-04-01T13:38:00Z,,,,,,2026-08-22T16:11:12Z,2026-08-22T16:11:12Z
MOHE-260401-2557,MHNY SWH STD Mbr Materials_6583efc5-baf8-479e-b524-e12bf1d76f84_ru,NY Molina SWH – PDF,NY,2026-03-31 15:00:00,2026-04-01 20:21:00,Y,,,,29.35,29.35 Consecutive Business Hours,,2.55,0,0,7460,0.89,0.59,1.07,0,501c1d2e-cca6-4956-aade-f234bd8d4527,,PDF,RUS,2026-03-31T19:00:00Z,2026-04-02T00:21:00Z,,,,,,2026-08-22T16:11:12Z,2026-08-22T16:11:12Z
MOHE-260401-2557,MHNY SWH STD Mbr Materials_4df8766e-d196-4323-8c1e-4f667a7f74be_ru,NY Molina SWH – PDF,NY,2026-03-31 15:00:00,2026-04-01 20:21:00,Y,,,,29.35,29.35 Consecutive Business Hours,,,,,,0,0,0,0,61c3e179-a95d-4412-894a-0636f56b9d78,5,PDF,RUS,2026-03-31T19:00:00Z,2026-04-02T00:21:00Z,,,,,,2026-08-22T16:11:12Z,2026-08-22T16:11:12Z
MOHE-260401-2557,MHNY SWH STD Mbr Materials_e1b393f8-fc69-433b-b4ab-c162cd159e91_ru,NY Molina SWH – PDF,NY,2026-03-31 15:00:00,2026-04-01 20:21:00,Y,,,,29.35,29.35 Consecutive Business Hours,,1,,,,0.35,0.23,0.42,0,1d3458ad-a21b-4ea2-96b5-61f017bcf5a5,,PDF,RUS,2026-03-31T19:00:00Z,2026-04-02T00:21:00Z,,,,,,2026-08-22T16:11:12Z,2026-08-22T16:11:12Z
MOHE-260401-2557,MHNY SWH STD Care Plan_e699842f-0a63-4b34-bd38-3019aee239af_ru_ERR,NY Molina SWH – PDF,NY,2026-03-31 16:00:00,2026-04-01 20:21:00,Y,,,,28.36,28.36 Consecutive Business Hours,,,,,,0,0,0,0,820eb47b-26c0-4479-8c86-6c4e7af8bdca,,PDF,RUS,2026-03-31T20:00:00Z,2026-04-02T00:21:00Z,,,,,,2026-08-22T16:11:12Z,2026-08-22T16:11:12Z
MOHE-260401-2557,MHNY SWH STD UTC_4693f3e7-545f-4e1f-a949-97a3f80ea48d_ru,NY Molina SWH – PDF,NY,2026-03-31 16:00:00,2026-04-01 20:21:00,Y,,,,28.36,28.36 Consecutive Business Hours,,,,,,0,0,0,0,9b6b30b3-2021-4aab-a511-eef35d2aa681,2,PDF,RUS,2026-03-31T20:00:00Z,2026-04-02T00:21:00Z,,,,,,2026-08-22T16:11:12Z,2026-08-22T16:11:12Z
MOHE-260401-2557,MHNY SWH STD Mbr Materials_c039ae1d-e606-440b-995f-7d89e0955c00_ru,NY Molina SWH – PDF,NY,2026-03-31 18:00:00,2026-04-01 20:21:00,Y,,,,26.36,26.36 Consecutive Business Hours,,,,,,0,0,0,0,295f81e1-b2dd-403f-894f-179f25a4731e,,PDF,RUS,2026-03-31T22:00:00Z,2026-04-02T00:21:00Z,,,,,,2026-08-22T16:11:12Z,2026-08-22T16:11:12Z
MOHE-260401-2557,MHNY SWH STD Mbr Materials_ad9900d0-dc56-4136-93bd-b4c4364c9305_ru,NY Molina SWH – PDF,NY,2026-03-31 18:00:00,2026-04-01 20:21:00,Y,,,,26.36,26.36 Consecutive Business Hours,,,,,,0,0,0,0,e5446d42-bcfd-424e-ba2b-f62145e2a6dd,,PDF,RUS,2026-03-31T22:00:00Z,2026-04-02T00:21:00Z,,,,,,2026-08-22T16:11:12Z,2026-08-22T16:11:12Z
MOHE-260401-2557,MHNY SWH STD Care Plan_e0e8cca7-4e4c-48b9-9787-883375f29569_ru,NY Molina SWH – PDF,NY,2026-03-31 18:00:00,2026-04-01 20:21:00,Y,,,,26.36,26.36 Consecutive Business Hours,,,,,,0,0,0,0,af11875b-e1fd-44b9-b985-c29f3f4687c9,5,PDF,RUS,2026-03-31T22:00:00Z,2026-04-02T00:21:00Z,,,,,,2026-08-22T16:11:12Z,2026-08-22T16:11:12Z
MOHE-260401-2557,MHNY SWH STD UTC_598be2d1-6c6b-4bd3-89f7-28d5c5a93010_ru,NY Molina SWH – PDF,NY,2026-03-31 21:00:00,2026-04-01 20:21:00,Y,,,,12.37,12.37 Consecutive Business Hours,,,,,,0,0,0,0,1af04814-a744-4bd2-8bb9-763c07f32dc8,,PDF,RUS,2026-04-01T01:00:00Z,2026-04-02T00:21:00Z,,,,,,2026-08-22T16:11:12Z,2026-08-22T16:11:12Z
MOHE-260401-2557,MHNY SWH STD UTC_8e2173b7-d0eb-4d1a-a614-5e5881dfbc78_ru,NY Molina SWH – PDF,NY,2026-03-31 21:00:00,2026-04-01 20:21:00,Y,,,,12.37,12.37 Consecutive Business Hours,,,,,,0,0,0,0,534bc5f6-d5b9-4499-9d46-2cf4384ce800,2,PDF,RUS,2026-04-01T01:00:00Z,2026-04-02T00:21:00Z,,,,,,2026-08-22T16:11:12Z,2026-08-22T16:11:12Z
MOHE-260402-2598,MHNY SWH STD Mbr Materials_b323e4a7-bac2-4ebc-a5c3-8a3c6bfd6374_ru,NY Molina SWH – PDF,NY,2026-04-01 15:00:00,2026-04-02 17:53:00,Y,,,,26.88,26.88 Consecutive Business Hours,,2.2,280,212,12855,0.77,0.51,0.92,0,47e44f6f-4f74-42e1-9050-7556a9c49869,,PDF,RUS,2026-04-01T19:00:00Z,2026-04-02T21:53:00Z,,,,,,2026-08-22T16:11:12Z,2026-08-22T16:11:12Z
MOHE-260402-2598,MHNY SWH STD Care Plan_f907da7e-b6c9-459a-af70-1774c285598a_ru,NY Molina SWH – PDF,NY,2026-04-01 18:00:00,2026-04-02 17:53:00,Y,,,,23.88,23.88 Consecutive Business Hours,,,,,,0,0,0,0,a2edb7bb-8fc5-4357-a6a8-fb7a2431c087,,PDF,RUS,2026-04-01T22:00:00Z,2026-04-02T21:53:00Z,,,,,,2026-08-22T16:11:12Z,2026-08-22T16:11:12Z
MOHE-260402-2598,MHNY SWH STD Care Plan_7d2a068e-a949-4c45-a858-eefcfe15a5d5_ru,NY Molina SWH – PDF,NY,2026-04-01 18:00:00,2026-04-02 17:53:00,Y,,,,23.88,23.88 Consecutive Business Hours,,,,,,0,0,0,0,55659728-efbc-4a4f-a232-1c0c322dc12c,,PDF,RUS,2026-04-01T22:00:00Z,2026-04-02T21:53:00Z,,,,,,2026-08-22T16:11:12Z,2026-08-22T16:11:12Z
MOHE-260403-2647,MHNY SWH STD Mbr Materials_826f366a-d95c-48ec-8bf5-df61cc0e7400_ru,NY Molina SWH – PDF,NY,2026-04-02 15:01:00,2026-04-03 19:30:00,Y,,,,28.48,28.48 Consecutive Business Hours,,1.6,69,94,8339,0.56,0.37,0.67,0,b6a0f861-9c83-4979-a9c4-c10f58f0d19f,2,PDF,RUS,2026-04-02T19:01:00Z,2026-04-03T23:30:00Z,,,,,,2026-08-22T16:11:12Z,2026-08-22T16:11:12Z
MOHE-260403-2647,MHNY SWH STD Mbr Materials_b9a07210-ecba-458a-9df3-47ef0cb419eb_ru,NY Molina SWH – PDF,NY,2026-04-02 15:01:00,2026-04-03 19:30:00,Y,,,,28.48,28.48 Consecutive Business Hours,,,,,,0,0,0,0,87204434-e35e-4a9b-bda5-d1c039e0078c,,PDF,RUS,2026-04-02T19:01:00Z,2026-04-03T23:30:00Z,,,,,,2026-08-22T16:11:12Z,2026-08-22T16:11:12Z
MOHE-260403-2647,MHNY SWH STD Care Plan_eb0cc878-08b7-488f-b569-467d283cb454_ru,NY Molina SWH – PDF,NY,2026-04-02 15:01:00,2026-04-03 19:30:00,Y,,,,28.48,28.48 Consecutive Business Hours,,,,,,0,0,0,0,1a29f9fe-3a65-4e01-b3bf-9ef456ed98cc,2,PDF,RUS,2026-04-02T19:01:00Z,2026-04-03T23:30:00Z,,,,,,2026-08-22T16:11:12Z,2026-08-22T16:11:12Z
MOHE-260403-2647,MHNY SWH STD UTC_d95f70b3-3d68-4699-ba40-8afd25cff1f0_ru,NY Molina SWH – PDF,NY,2026-04-02 18:00:00,2026-04-03 19:30:00,Y,,,,25.49,25.49 Consecutive Business Hours,,,,,,0,0,0,0,59901442-610d-418c-9561-2c501c5e28cc,,PDF,RUS,2026-04-02T22:00:00Z,2026-04-03T23:30:00Z,,,,,,2026-08-22T16:11:12Z,2026-08-22T16:11:12Z
MOHE-260403-2651,MHNY SWH STD Care Plan_d0048d4b-03e3-44e0-968b-e785b759d701_ru,NY Molina SWH – PDF,NY,2026-04-02 15:01:00,2026-04-06 11:59:00,Y,,,,44.97,44.97 Consecutive Business Hours,,0.5,189,83,12827,0.18,0.12,0.21,0,88c4dfa7-5b11-4f9e-b54f-91143d4d82aa,,PDF,RUS,2026-04-02T19:01:00Z,2026-04-06T15:59:00Z,,,,,,2026-08-22T16:11:12Z,2026-08-22T16:11:12Z
MOHE-260403-2651,MHNY SWH STD Care Plan_09fcc366-de27-44c4-b7b7-6e111f9d8029_ru,NY Molina SWH – PDF,NY,2026-04-02 21:00:00,2026-04-06 11:59:00,Y,,,,27.99,27.99 Consecutive Business Hours,,,,,,0,0,0,0,6cfd52d5-51fc-4597-a709-c78fe60b3741,,PDF,RUS,2026-04-03T01:00:00Z,2026-04-06T15:59:00Z,,,,,,2026-08-22T16:11:12Z,2026-08-22T16:11:12Z
MOHE-260406-2706,MHNY SWH STD Care Plan_471753b6-514b-47b9-afb8-db3039dbdcbb_ru,NY Molina SWH – PDF,NY,2026-04-03 15:00:00,2026-04-06 17:07:00,Y,,,,26.12,26.12 Consecutive Business Hours,,2,91,31,8340,0.7,0.46,0.84,0,dc07f370-3b68-4ad9-922f-f328cc0308b4,,PDF,RUS,2026-04-03T19:00:00Z,2026-04-06T21:07:00Z,,,,,,2026-08-22T16:11:12Z,2026-08-22T16:11:12Z
MOHE-260406-2706,MHNY SWH STD Care Plan_8532dba7-5f28-4e1e-9b41-f079f5d41818_ru_ERR,NY Molina SWH – PDF,NY,2026-04-03 18:00:00,2026-04-06 17:07:00,Y,,,,23.12,23.12 Consecutive Business Hours,,,,,,0,0,0,0,f63844e7-7375-4f8b-bc7a-821b7b667a8f,2,PDF,RUS,2026-04-03T22:00:00Z,2026-04-06T21:07:00Z,,,,,,2026-08-22T16:11:12Z,2026-08-22T16:11:12Z
MOHE-260406-2706,MHNY SWH STD Mbr Materials_bb0937bb-92f0-4979-8745-584c023d858d_ru,NY Molina SWH – PDF,NY,2026-04-03 21:00:00,2026-04-06 17:07:00,Y,,,,9.13,9.13 Consecutive Business Hours,,,,,,0,0,0,0,40eb579b-5d9b-4e74-bcb5-37806d0d0e24,,PDF,RUS,2026-04-04T01:00:00Z,2026-04-06T21:07:00Z,,,,,,2026-08-22T16:11:12Z,2026-08-22T16:11:12Z
MOHE-260406-2706,MHNY SWH STD Mbr Materials_92e88234-4309-4a1f-8809-f84152e609bc_ru,NY Molina SWH – PDF,NY,2026-04-03 21:00:00,2026-04-06 17:07:00,Y,,,,9.13,9.13 Consecutive Business Hours,,,,,,0,0,0,0,e72415f3-7db1-40c1-b2d4-91c659963660,,PDF,RUS,2026-04-04T01:00:00Z,2026-04-06T21:07:00Z,,,,,,2026-08-22T16:11:12Z,2026-08-22T16:11:12Z
MOHE-260406-2706,MHNY SWH STD Mbr Materials_1f5157b0-f48b-4d9e-80c9-0d658a9e306c_ru,NY Molina SWH – PDF,NY,2026-04-05 20:03:00,2026-04-06 17:07:00,Y,,,,9.13,9.13 Consecutive Business Hours,,,,,,0,0,0,0,4d95a59f-37bf-421f-ad33-cdeacb2853b7,2,PDF,RUS,2026-04-06T00:03:00Z,2026-04-06T21:07:00Z,,,,,,2026-08-22T16:11:12Z,2026-08-22T16:11:12Z
MOHE-260406-2706,MHNY SWH STD Mbr Materials_7fd35110-b24c-4275-9c90-6b9346aec3ac_ru,NY Molina SWH – PDF,NY,2026-04-05 20:03:00,2026-04-06 17:07:00,Y,,,,9.13,9.13 Consecutive Business Hours,,,,,,0,0,0,0,12ac20d0-6626-48e7-98ab-df32842e358e,,PDF,RUS,2026-04-06T00:03:00Z,2026-04-06T21:07:00Z,,,,,,2026-08-22T16:11:12Z,2026-08-22T16:11:12Z
MOHE-260407-2748,MHNY SWH STD Advance Directive_d620f8f6-2cee-410f-9326-e70a068c1823_ru,NY Molina SWH – PDF,NY,2026-04-06 15:00:00,2026-04-07 14:53:00,Y,,,,23.88,23.88 Consecutive Business Hours,,1.8,91,110,8182,0.63,0.41,0.76,0,6259c96a-bb21-40a7-9de4-00840fa73c6d,,PDF,RUS,2026-04-06T19:00:00Z,2026-04-07T18:53:00Z,,,,,,2026-08-22T16:11:12Z,2026-08-22T16:11:12Z
MOHE-260407-2748,MHNY SWH STD Advance Directive_607ffe38-4c52-4eb1-893a-d98d453ab9ad_ru,NY Molina SWH – PDF,NY,2026-04-06 18:00:00,2026-04-07 14:53:00,Y,,,,20.88,20.88 Consecutive Business Hours,,,,,,0,0,0,0,e78f40bb-57dc-4dac-8af2-0834473593fc,2,PDF,RUS,2026-04-06T22:00:00Z,2026-04-07T18:53:00Z,,,,,,2026-08-22T16:11:12Z,2026-08-22T16:11:12Z
MOHE-260407-2748,MHNY SWH STD Care Plan_3ea1da42-dd46-4055-88e1-8d16b2f115a1_ru,NY Molina SWH – PDF,NY,2026-04-06 18:00:00,2026-04-07 14:53:00,Y,,,,20.88,20.88 Consecutive Business Hours,,,,,,0,0,0,0,1292820a-a60e-4714-95ed-81d1d2bc7f8e,,PDF,RUS,2026-04-06T22:00:00Z,2026-04-07T18:53:00Z,,,,,,2026-08-22T16:11:12Z,2026-08-22T16:11:12Z
MOHE-260407-2748,MHNY SWH STD Care Plan_fe3dc184-4122-4762-aa78-d98eeaffde13_ru,NY Molina SWH – PDF,NY,2026-04-06 18:00:00,2026-04-08 14:16:00,Y,,,,44.27,44.27 Consecutive Business Hours,,,,,,0,0,0,0,88cb92c6-461a-4805-a345-f3e13611d3ca,,PDF,RUS,2026-04-06T22:00:00Z,2026-04-08T18:16:00Z,,,,,,2026-08-22T16:11:12Z,2026-08-22T16:11:12Z
MOHE-260407-2748,MHNY SWH STD Care Plan_f5835d77-d25f-4e82-866b-09230f2dfb83_ru_ERR,NY Molina SWH – PDF,NY,2026-04-07 02:03:00,2026-04-07 14:53:00,Y,,,,6.89,6.89 Consecutive Business Hours,,,,,,0,0,0,0,fa1bc16e-9389-4126-ab02-c67a2667a9ff,2,PDF,RUS,2026-04-07T06:03:00Z,2026-04-07T18:53:00Z,,,,,,2026-08-22T16:11:12Z,2026-08-22T16:11:12Z
MOHE-260407-2748,MHNY SWH STD Mbr Materials_5765c3ea-fa5e-4fa9-94a7-d92634b6812e_ru,NY Molina SWH – PDF,NY,2026-04-06 15:00:00,2026-04-07 14:52:00,Y,,,,23.86,23.86 Consecutive Business Hours,,1.2,0,0,4149,0.42,0.28,0.5,0,2db1bafe-d4d8-4a7d-9dfa-128e6df1f2dc,,PDF,RUS,2026-04-06T19:00:00Z,2026-04-07T18:52:00Z,,,,,,2026-08-22T16:11:12Z,2026-08-22T16:11:12Z
MOHE-260407-2748,MHNY SWH STD UTC_5ad5ddc0-97f7-4d55-bd22-e61023daa4fe_ru,NY Molina SWH – PDF,NY,2026-04-06 16:00:00,2026-04-07 14:52:00,Y,,,,22.87,22.87 Consecutive Business Hours,,,,,,0,0,0,0,aacb7b28-3ce2-49c0-9ed2-3c42eb8038bc,,PDF,RUS,2026-04-06T20:00:00Z,2026-04-07T18:52:00Z,,,,,,2026-08-22T16:11:12Z,2026-08-22T16:11:12Z
MOHE-260407-2748,MHNY SWH STD UTC_1d6a254e-745a-4192-8c7b-b0a512ef8b75_ru,NY Molina SWH – PDF,NY,2026-04-06 16:00:00,2026-04-07 14:52:00,Y,,,,22.87,22.87 Consecutive Business Hours,,,,,,0,0,0,0,0a3cb723-ea82-4592-a7f8-5f03db493623,,PDF,RUS,2026-04-06T20:00:00Z,2026-04-07T18:52:00Z,,,,,,2026-08-22T16:11:12Z,2026-08-22T16:11:12Z
MOHE-260407-2748,MHNY SWH STD UTC_320dea5c-dcf8-4958-bfd6-3b740a1a0c63_ru,NY Molina SWH – PDF,NY,2026-04-06 16:00:00,2026-04-07 14:52:00,Y,,,,22.87,22.87 Consecutive Business Hours,,,,,,0,0,0,0,540ee42e-3bc0-4178-87ef-8a275d1bf786,2,PDF,RUS,2026-04-06T20:00:00Z,2026-04-07T18:52:00Z,,,,,,2026-08-22T16:11:12Z,2026-08-22T16:11:12Z
MOHE-260407-2748,MHNY SWH STD UTC_c87f4fe1-146a-4dc0-a9b8-d89adf6c4bff_ru,NY Molina SWH – PDF,NY,2026-04-06 16:00:00,2026-04-07 14:52:00,Y,,,,22.87,22.87 Consecutive Business Hours,,,,,,0,0,0,0,5439246e-6b82-4881-86fa-ad96dd8d3782,,PDF,RUS,2026-04-06T20:00:00Z,2026-04-07T18:52:00Z,,,,,,2026-08-22T16:11:12Z,2026-08-22T16:11:12Z
MOHE-260407-2748,MHNY SWH STD Mbr Materials_5a3a30f2-23ec-4383-8998-5f4b847cf57c_ru,NY Molina SWH – PDF,NY,2026-04-06 18:00:00,2026-04-07 14:52:00,Y,,,,20.87,20.87 Consecutive Business Hours,,,,,,0,0,0,0,c31c2d23-01cd-4b04-89e6-b8a8c62702d0,,PDF,RUS,2026-04-06T22:00:00Z,2026-04-07T18:52:00Z,,,,,,2026-08-22T16:11:12Z,2026-08-22T16:11:12Z
MOHE-260408-2798,MHNY SWH STD Mbr Materials_adde0a40-f64d-490c-8ec0-3dfafd7d2860_ru,NY Molina SWH – PDF,NY,2026-04-07 15:00:00,2026-04-08 16:49:00,Y,,,,25.81,25.81 Consecutive Business Hours,,2.2,64,3,5946,0.77,0.51,0.92,0,f9b65006-b624-4cf3-928b-ccabd806a6dd,,PDF,RUS,2026-04-07T19:00:00Z,2026-04-08T20:49:00Z,,,,,,2026-08-22T16:11:12Z,2026-08-22T16:11:12Z
MOHE-260408-2798,MHNY SWH STD Mbr Materials_4460969a-8b6c-4da2-978c-4d1f12cd619c_ru,NY Molina SWH – PDF,NY,2026-04-07 15:00:00,2026-04-08 16:49:00,Y,,,,25.81,25.81 Consecutive Business Hours,,,,,,0,0,0,0,6cfdadfe-0ba9-4174-a792-18ee31923225,2,PDF,RUS,2026-04-07T19:00:00Z,2026-04-08T20:49:00Z,,,,,,2026-08-22T16:11:12Z,2026-08-22T16:11:12Z
MOHE-260408-2798,MHNY SWH STD Mbr Materials_bb8b6e32-c2a9-49c7-9c7e-d5315a6d4b2f_ru,NY Molina SWH – PDF,NY,2026-04-07 18:00:00,2026-04-08 16:49:00,Y,,,,22.81,22.81 Consecutive Business Hours,,,,,,0,0,0,0,298bb2dc-e7fe-471c-a2a0-732bce8396ce,,PDF,RUS,2026-04-07T22:00:00Z,2026-04-08T20:49:00Z,,,,,,2026-08-22T16:11:12Z,2026-08-22T16:11:12Z
MOHE-260408-2798,MHNY SWH STD Mbr Materials_a3dba416-41bf-4196-a492-e91e7607db9f_ru,NY Molina SWH – PDF,NY,2026-04-07 18:00:00,2026-04-08 16:49:00,Y,,,,22.81,22.81 Consecutive Business Hours,,,,,,0,0,0,0,1adcbbd3-b670-4019-a07b-5383fde48167,,PDF,RUS,2026-04-07T22:00:00Z,2026-04-08T20:49:00Z,,,,,,2026-08-22T16:11:12Z,2026-08-22T16:11:12Z
MOHE-260408-2798,MHNY SWH STD Mbr Materials_74fade7f-cbf5-44d0-80bd-3f857769d57d_ru,NY Molina SWH – PDF,NY,2026-04-07 18:00:00,2026-04-08 16:49:00,Y,,,,22.81,22.81 Consecutive Business Hours,,,,,,0,0,0,0,029ce7a7-9ff3-4241-b46d-7d03d478d460,1,PDF,RUS,2026-04-07T22:00:00Z,2026-04-08T20:49:00Z,,,,,,2026-08-22T16:11:12Z,2026-08-22T16:11:12Z
MOHE-260408-2798,MHNY SWH STD Advance Directive_aae952d5-33f0-4ecb-9417-07af75874ba5_ru,NY Molina SWH – PDF,NY,2026-04-07 18:00:00,2026-04-08 16:49:00,Y,,,,22.81,22.81 Consecutive Business Hours,,,,,,0,0,0,0,afe2d248-41b7-432a-b87e-17654389c4fb,,PDF,RUS,2026-04-07T22:00:00Z,2026-04-08T20:49:00Z,,,,,,2026-08-22T16:11:12Z,2026-08-22T16:11:12Z
MOHE-260408-2798,MHNY SWH STD Care Plan_c23951e3-b3b4-4950-b8c7-735842900f6a_ru,NY Molina SWH – PDF,NY,2026-04-07 18:00:00,2026-04-09 12:28:00,Y,,,,42.45,42.45 Consecutive Business Hours,,,,,,0,0,0,0,8016f0b9-16e9-4853-a87e-01bcefd94ed3,,PDF,RUS,2026-04-07T22:00:00Z,2026-04-09T16:28:00Z,,,,,,2026-08-22T16:11:12Z,2026-08-22T16:11:12Z
MOHE-260409-2831,MHNY SWH STD Mbr Materials_391e6838-1329-4acb-996f-4344c07debdf_ru,NY Molina SWH – PDF,NY,2026-04-08 18:00:00,2026-04-09 17:44:00,Y,,,,23.74,23.74 Consecutive Business Hours,,1.6,101,118,8134,0.56,0.37,0.67,0,03af635b-a72b-4a43-8110-95dcc34b64ef,1,PDF,RUS,2026-04-08T22:00:00Z,2026-04-09T21:44:00Z,,,,,,2026-08-22T16:11:12Z,2026-08-22T16:11:12Z
MOHE-260409-2831,MHNY SWH STD Mbr Materials_20446937-d8f0-49b5-a9f6-8c805bfb21c6_ru,NY Molina SWH – PDF,NY,2026-04-08 18:00:00,2026-04-09 17:44:00,Y,,,,23.74,23.74 Consecutive Business Hours,,,,,,0,0,0,0,43b99e91-16ea-4d70-b7b1-eada826955b4,1,PDF,RUS,2026-04-08T22:00:00Z,2026-04-09T21:44:00Z,,,,,,2026-08-22T16:11:12Z,2026-08-22T16:11:12Z
MOHE-260409-2831,MHNY SWH STD Mbr Materials_4af3d838-931f-4bbc-b597-70d6c3c35f7c_ru,NY Molina SWH – PDF,NY,2026-04-08 18:00:00,2026-04-09 17:44:00,Y,,,,23.74,23.74 Consecutive Business Hours,,,,,,0,0,0,0,b5fc6f19-9e8c-4bb0-9ae2-f8b3735e4b49,,PDF,RUS,2026-04-08T22:00:00Z,2026-04-09T21:44:00Z,,,,,,2026-08-22T16:11:12Z,2026-08-22T16:11:12Z
MOHE-260409-2831,MHNY SWH STD Care Plan_2ffc1683-2c8e-45c1-b120-9bb3384091d4_ru,NY Molina SWH – PDF,NY,2026-04-08 18:00:00,2026-04-09 17:44:00,Y,,,,23.74,23.74 Consecutive Business Hours,,,,,,0,0,0,0,529de425-0b80-4cb2-b0a6-3f1f74c2aee0,,PDF,RUS,2026-04-08T22:00:00Z,2026-04-09T21:44:00Z,,,,,,2026-08-22T16:11:12Z,2026-08-22T16:11:12Z
MOHE-260410-2894,MHNY SWH STD Care Plan_a7d06373-2991-4895-a221-6d6c4eb1def8_ru,NY Molina SWH – PDF,NY,2026-04-09 15:01:00,2026-04-13 18:08:00,Y,,,,51.13,51.13 Consecutive Business Hours,,3.15,501,590,16471,1.1,0.72,1.32,0,78e9c20a-922a-4d5c-b6f0-b20046fbfe34,5,PDF,RUS,2026-04-09T19:01:00Z,2026-04-13T22:08:00Z,,,,,,2026-08-22T16:11:12Z,2026-08-22T16:11:12Z
MOHE-260410-2894,MHNY SWH STD Mbr Materials_8ac33925-e5d6-4438-ba50-f9c9bd3e163f_ru,NY Molina SWH – PDF,NY,2026-04-09 15:01:00,2026-04-13 18:08:00,Y,,,,51.13,51.13 Consecutive Business Hours,,,,,,0,0,0,0,f2e71ac4-7161-43d8-a5ee-c4b28cf92629,,PDF,RUS,2026-04-09T19:01:00Z,2026-04-13T22:08:00Z,,,,,,2026-08-22T16:11:12Z,2026-08-22T16:11:12Z
MOHE-260410-2894,MHNY SWH STD Care Plan_af0da7b6-112b-4983-a638-d4aba7cad8c9_ru,NY Molina SWH – PDF,NY,2026-04-09 18:00:00,2026-04-13 18:09:00,Y,,,,48.14,48.14 Consecutive Business Hours,,,,,,0,0,0,0,e3a7fefa-20ee-4e73-b9c9-190038255398,5,PDF,RUS,2026-04-09T22:00:00Z,2026-04-13T22:09:00Z,,,,,,2026-08-22T16:11:12Z,2026-08-22T16:11:12Z
MOHE-260410-2894,MHNY SWH STD Care Plan_9e3fec39-ec81-4076-863c-e70c7c3bc3c9_ru,NY Molina SWH – PDF,NY,2026-04-09 18:00:00,2026-04-13 18:08:00,Y,,,,48.14,48.14 Consecutive Business Hours,,,,,,0,0,0,0,1fb0526a-2766-4e01-a5c2-f01f27df69f9,,PDF,RUS,2026-04-09T22:00:00Z,2026-04-13T22:08:00Z,,,,,,2026-08-22T16:11:12Z,2026-08-22T16:11:12Z
MOHE-260410-2894,MHNY SWH STD Mbr Materials_7c5b9d8c-cedb-4e10-83a2-9cc6df3a93c9_ru,NY Molina SWH – PDF,NY,2026-04-09 18:00:00,2026-04-13 18:08:00,Y,,,,48.14,48.14 Consecutive Business Hours,,,,,,0,0,0,0,2a19937b-a68d-441e-890e-66715ca67ac8,,PDF,RUS,2026-04-09T22:00:00Z,2026-04-13T22:08:00Z,,,,,,2026-08-22T16:11:12Z,2026-08-22T16:11:12Z
MOHE-260410-2894,MHNY SWH STD Mbr Materials_ff94e15e-3f03-40c2-a524-a281bb88f0e6_ru,NY Molina SWH – PDF,NY,2026-04-09 18:00:00,2026-04-10 16:31:00,Y,,,,22.51,22.51 Consecutive Business Hours,,0.8,0,0,2206,0.28,0.18,0.34,0,f61362cf-9dbc-4441-a268-7be2bc5afd73,5,PDF,RUS,2026-04-09T22:00:00Z,2026-04-10T20:31:00Z,,,,,,2026-08-22T16:11:12Z,2026-08-22T16:11:12Z
MOHE-260410-2894,MHNY SWH STD Mbr Materials_f28d6173-e9da-4c1e-8fe3-562e92873e04_ru,NY Molina SWH – PDF,NY,2026-04-09 18:00:00,2026-04-10 16:31:00,Y,,,,22.51,22.51 Consecutive Business Hours,,,,,,0,0,0,0,2927406a-03e9-4488-8481-0e476c029886,,PDF,RUS,2026-04-09T22:00:00Z,2026-04-10T20:31:00Z,,,,,,2026-08-22T16:11:12Z,2026-08-22T16:11:12Z
MOHE-260410-2894,MHNY SWH STD Mbr Materials_bacc55f7-37ba-47aa-82d3-60eb17de3a91_ru,NY Molina SWH – PDF,NY,2026-04-09 18:00:00,2026-04-10 16:31:00,Y,,,,22.51,22.51 Consecutive Business Hours,,,,,,0,0,0,0,2e42439f-03c8-4f95-aab8-684eb1dec8f2,,PDF,RUS,2026-04-09T22:00:00Z,2026-04-10T20:31:00Z,,,,,,2026-08-22T16:11:12Z,2026-08-22T16:11:12Z
MOHE-260410-2894,MHNY SWH STD Mbr Materials_548a222b-6d18-4002-8eb0-0a342de81250_ru,NY Molina SWH – PDF,NY,2026-04-09 18:00:00,2026-04-10 16:31:00,Y,,,,22.51,22.51 Consecutive Business Hours,,,,,,0,0,0,0,2cdc0a98-46e3-43b6-822d-d4bb5540eb3d,,PDF,RUS,2026-04-09T22:00:00Z,2026-04-10T20:31:00Z,,,,,,2026-08-22T16:11:12Z,2026-08-22T16:11:12Z
MOHE-260413-2958,MHNY SWH STD Care Plan_fd9f4356-2745-4a6f-b2bd-5270705dd7ee_ru,NY Molina SWH – PDF,NY,2026-04-10 16:00:00,2026-04-14 14:11:00,Y,,,,46.18,46.18 Consecutive Business Hours,,2,281,26,12142,0.7,0.46,0.84,0,d38677b9-d432-48b4-bec2-3aff7e56f585,5,PDF,RUS,2026-04-10T20:00:00Z,2026-04-14T18:11:00Z,,,,,,2026-08-22T16:11:12Z,2026-08-22T16:11:12Z
MOHE-260413-2958,MHNY SWH STD Care Plan_045e4de6-985c-43ef-a992-4a22aa8f51ae_ru,NY Molina SWH – PDF,NY,2026-04-10 19:00:00,2026-04-14 14:11:00,Y,,,,43.17,43.17 Consecutive Business Hours,,,,,,0,0,0,0,40d295ab-996e-43df-b5c0-750b1b366be9,5,PDF,RUS,2026-04-10T23:00:00Z,2026-04-14T18:11:00Z,,,,,,2026-08-22T16:11:12Z,2026-08-22T16:11:12Z
MOHE-260413-2981,MHNY SWH STD Mbr Materials_6d8dacc1-7318-437c-ab31-9a10906f21be_ru,NY Molina SWH – PDF,NY,2026-04-10 15:03:00,2026-04-14 13:02:00,Y,,,,45.98,45.98 Consecutive Business Hours,,1.2,0,0,3505,0.42,0.28,0.5,0,e935a648-e935-41da-b236-92521eeead43,,PDF,RUS,2026-04-10T19:03:00Z,2026-04-14T17:02:00Z,,,,,,2026-08-22T16:11:12Z,2026-08-22T16:11:12Z
MOHE-260413-2981,MHNY SWH STD UTC_26f8aab0-0c50-4647-9dc2-899c032e8eef_ru,NY Molina SWH – PDF,NY,2026-04-10 16:00:00,2026-04-14 13:02:00,Y,,,,45.04,45.04 Consecutive Business Hours,,,,,,0,0,0,0,ef0591d9-dae3-43bd-8ce1-77c0bf28696d,,PDF,RUS,2026-04-10T20:00:00Z,2026-04-14T17:02:00Z,,,,,,2026-08-22T16:11:12Z,2026-08-22T16:11:12Z
MOHE-260413-2981,MHNY SWH STD Mbr Materials_045cc9b7-71e4-4d31-8a9c-33b63752bff3_ru,NY Molina SWH – PDF,NY,2026-04-10 16:00:00,2026-04-14 13:02:00,Y,,,,45.04,45.04 Consecutive Business Hours,,,,,,0,0,0,0,b62bcb5b-368b-4bb4-9988-ef5f6490f64a,,PDF,RUS,2026-04-10T20:00:00Z,2026-04-14T17:02:00Z,,,,,,2026-08-22T16:11:12Z,2026-08-22T16:11:12Z
MOHE-260413-2981,MHNY SWH STD Mbr Materials_f6da898d-f673-45f1-b182-8067ed25b77d_ru,NY Molina SWH – PDF,NY,2026-04-10 16:00:00,2026-04-14 13:02:00,Y,,,,45.04,45.04 Consecutive Business Hours,,,,,,0,0,0,0,ea249a5b-a73e-427e-a7d3-49468c22ec35,,PDF,RUS,2026-04-10T20:00:00Z,2026-04-14T17:02:00Z,,,,,,2026-08-22T16:11:12Z,2026-08-22T16:11:12Z
MOHE-260413-2981,MHNY SWH STD Mbr Materials_b75ee71a-07de-4334-8ac1-8a9811fa4b28_ru,NY Molina SWH – PDF,NY,2026-04-10 16:00:00,2026-04-14 13:02:00,Y,,,,45.04,45.04 Consecutive Business Hours,,,,,,0,0,0,0,76367ba5-891e-4b19-bb43-b04d305c3a9b,,PDF,RUS,2026-04-10T20:00:00Z,2026-04-14T17:02:00Z,,,,,,2026-08-22T16:11:12Z,2026-08-22T16:11:12Z
MOHE-260413-2981,MHNY SWH STD Mbr Materials_85c19920-af3b-46bb-a5bb-cdd7fcf3675d_ru,NY Molina SWH – PDF,NY,2026-04-10 19:00:00,2026-04-14 13:02:00,Y,,,,42.03,42.03 Consecutive Business Hours,,,,,,0,0,0,0,265ac802-a07f-4528-a675-70231d3a1cac,,PDF,RUS,2026-04-10T23:00:00Z,2026-04-14T17:02:00Z,,,,,,2026-08-22T16:11:12Z,2026-08-22T16:11:12Z
MOHE-260414-2991,MHNY SWH STD Care Plan_b41e8057-2cc7-4238-a50f-fe322ecda8d0_ru_ERR,NY Molina SWH – PDF,NY,2026-04-13 15:01:00,2026-04-14 16:54:00,Y,,,,25.89,25.89 Consecutive Business Hours,,3.6,546,242,24676,1.26,0.83,1.51,0,9b72fd21-0d0f-4d9f-a589-7553beccf9c8,,PDF,RUS,2026-04-13T19:01:00Z,2026-04-14T20:54:00Z,,,,,,2026-08-22T16:11:12Z,2026-08-22T16:11:12Z
MOHE-260414-2991,MHNY SWH STD UTC_e2d2bc62-91f1-4930-8165-af38a16b4201_ru,NY Molina SWH – PDF,NY,2026-04-13 15:01:00,2026-04-14 16:54:00,Y,,,,25.89,25.89 Consecutive Business Hours,,,,,,0,0,0,0,1a3dde8c-49f8-4985-a97a-3c08595dcb30,,PDF,RUS,2026-04-13T19:01:00Z,2026-04-14T20:54:00Z,,,,,,2026-08-22T16:11:12Z,2026-08-22T16:11:12Z
MOHE-260414-2991,MHNY SWH STD UTC_5273103d-876e-45f8-896d-4bf3d9488be1_ru,NY Molina SWH – PDF,NY,2026-04-13 15:01:00,2026-04-14 16:54:00,Y,,,,25.89,25.89 Consecutive Business Hours,,,,,,0,0,0,0,3a62c8f8-17c6-4533-98a2-52c5cdb93ee0,,PDF,RUS,2026-04-13T19:01:00Z,2026-04-14T20:54:00Z,,,,,,2026-08-22T16:11:12Z,2026-08-22T16:11:12Z
MOHE-260414-2991,MHNY SWH STD Mbr Materials_6e3d229c-283d-4a44-a335-d948a6035eeb_ru,NY Molina SWH – PDF,NY,2026-04-13 15:01:00,2026-04-14 16:54:00,Y,,,,25.89,25.89 Consecutive Business Hours,,,,,,0,0,0,0,fbfe44b2-ab04-4248-b025-f954d7e9c778,,PDF,RUS,2026-04-13T19:01:00Z,2026-04-14T20:54:00Z,,,,,,2026-08-22T16:11:12Z,2026-08-22T16:11:12Z
MOHE-260414-2991,MHNY SWH STD Mbr Materials_b9e47dc1-9782-4b48-b3c0-31a68a25cdc2_ru,NY Molina SWH – PDF,NY,2026-04-13 15:01:00,2026-04-14 16:54:00,Y,,,,25.89,25.89 Consecutive Business Hours,,,,,,0,0,0,0,0eafaf8b-487c-4f07-acfe-a609046f1d36,,PDF,RUS,2026-04-13T19:01:00Z,2026-04-14T20:54:00Z,,,,,,2026-08-22T16:11:12Z,2026-08-22T16:11:12Z
MOHE-260414-2991,MHNY SWH STD Care Plan_6298c12f-1a4c-4e46-9914-68866548bff1_ru,NY Molina SWH – PDF,NY,2026-04-13 18:00:00,2026-04-14 16:54:00,Y,,,,22.91,22.91 Consecutive Business Hours,,,,,,0,0,0,0,1b7ec3b7-ccfb-422e-b77b-82fb457c7000,,PDF,RUS,2026-04-13T22:00:00Z,2026-04-14T20:54:00Z,,,,,,2026-08-22T16:11:12Z,2026-08-22T16:11:12Z
MOHE-260414-2991,MHNY SWH STD UTC_e352ec61-864c-414e-9606-013ece30269b_ru,NY Molina SWH – PDF,NY,2026-04-13 18:00:00,2026-04-14 16:54:00,Y,,,,22.91,22.91 Consecutive Business Hours,,,,,,0,0,0,0,14d3f548-5e1a-4def-a345-d640d562bd9a,,PDF,RUS,2026-04-13T22:00:00Z,2026-04-14T20:54:00Z,,,,,,2026-08-22T16:11:12Z,2026-08-22T16:11:12Z
MOHE-260414-2991,MHNY SWH STD Advance Directive_40ae433e-9d94-443a-a6de-1da268a1836d_ru,NY Molina SWH – PDF,NY,2026-04-13 18:00:00,2026-04-14 16:54:00,Y,,,,22.91,22.91 Consecutive Business Hours,,,,,,0,0,0,0,fc524182-5db5-4e3d-b85d-1711aa4b6c63,,PDF,RUS,2026-04-13T22:00:00Z,2026-04-14T20:54:00Z,,,,,,2026-08-22T16:11:12Z,2026-08-22T16:11:12Z
MOHE-260414-2991,MHNY SWH STD Mbr Materials_490a0e10-f799-4fe8-8ae3-96213de4351a_ru,NY Molina SWH – PDF,NY,2026-04-13 18:00:00,2026-04-14 16:54:00,Y,,,,22.9,22.90 Consecutive Business Hours,,,,,,0,0,0,0,fd8704dd-13b2-4a86-baae-f15507609b73,,PDF,RUS,2026-04-13T22:00:00Z,2026-04-14T20:54:00Z,,,,,,2026-08-22T16:11:12Z,2026-08-22T16:11:12Z
MOHE-260414-2991,MHNY SWH STD Care Plan_bed7775e-5af2-4258-8af2-e5372f9c0fba_ru,NY Molina SWH – PDF,NY,2026-04-13 18:00:00,2026-04-14 16:54:00,Y,,,,22.9,22.90 Consecutive Business Hours,,,,,,0,0,0,0,d75348a2-74bc-48f4-b096-aa11896a9f1e,,PDF,RUS,2026-04-13T22:00:00Z,2026-04-14T20:54:00Z,,,,,,2026-08-22T16:11:12Z,2026-08-22T16:11:12Z
MOHE-260415-3041,MHNY SWH STD Care Plan_022b4551-5ff8-43e8-825c-dc6310af822b_ru,NY Molina SWH – PDF,NY,2026-04-14 12:03:00,2026-04-15 17:34:00,Y,,,,29.52,29.52 Consecutive Business Hours,,1.55,38,7,4879,0.54,0.36,0.65,0,31b5e5c3-b05c-49fb-aa6b-4d4ffe9452cf,,PDF,RUS,2026-04-14T16:03:00Z,2026-04-15T21:34:00Z,,,,,,2026-08-22T16:11:12Z,2026-08-22T16:11:12Z
MOHE-260415-3041,MHNY SWH STD Mbr Materials_f99d67ef-bdc9-45be-bc40-dda17f5a8919_ru,NY Molina SWH – PDF,NY,2026-04-14 13:01:00,2026-04-15 17:34:00,Y,,,,28.56,28.56 Consecutive Business Hours,,,,,,0,0,0,0,3dd5a9a9-8cac-4908-945e-7fdf40679050,,PDF,RUS,2026-04-14T17:01:00Z,2026-04-15T21:34:00Z,,,,,,2026-08-22T16:11:12Z,2026-08-22T16:11:12Z
MOHE-260415-3041,MHNY SWH STD Mbr Materials_7cdba7cf-ced9-4258-9fa1-ef27e69a6db4_ru,NY Molina SWH – PDF,NY,2026-04-14 16:00:00,2026-04-15 17:34:00,Y,,,,25.57,25.57 Consecutive Business Hours,,,,,,0,0,0,0,130baa27-1196-4ede-93c5-5dd4744c51d8,,PDF,RUS,2026-04-14T20:00:00Z,2026-04-15T21:34:00Z,,,,,,2026-08-22T16:11:12Z,2026-08-22T16:11:12Z
MOHE-260415-3041,MHNY SWH STD Mbr Materials_35421b41-2357-43cd-b9cb-1030483406e3_ru,NY Molina SWH – PDF,NY,2026-04-14 19:00:00,2026-04-15 17:34:00,Y,,,,22.57,22.57 Consecutive Business Hours,,,,,,0,0,0,0,81806767-c1f6-40b7-a192-6d06b957fc95,,PDF,RUS,2026-04-14T23:00:00Z,2026-04-15T21:34:00Z,,,,,,2026-08-22T16:11:12Z,2026-08-22T16:11:12Z
MOHE-260415-3041,MHNY SWH STD Mbr Materials_7b8fbcc3-fe08-41a4-9ed3-74a9ba3cf444_ru,NY Molina SWH – PDF,NY,2026-04-14 21:01:00,2026-04-15 17:34:00,Y,,,,9.58,9.58 Consecutive Business Hours,,,,,,0,0,0,0,7f22beeb-4767-459d-b017-bf8152fa49c4,,PDF,RUS,2026-04-15T01:01:00Z,2026-04-15T21:34:00Z,,,,,,2026-08-22T16:11:12Z,2026-08-22T16:11:12Z
MOHE-260416-3087,MHNY SWH STD Mbr Materials_6c09deec-d2d5-4279-8fab-6a8d73c4ba83_ru,NY Molina SWH – PDF,NY,2026-04-15 15:00:00,2026-04-16 16:08:00,Y,,,,25.12,25.12 Consecutive Business Hours,,3.55,284,131,13827,1.24,0.82,1.49,0,27eb8fc1-cd25-43f6-916d-a5fa476bcd0c,,PDF,RUS,2026-04-15T19:00:00Z,2026-04-16T20:08:00Z,,,,,,2026-08-22T16:11:12Z,2026-08-22T16:11:12Z
MOHE-260416-3087,MHNY SWH STD Mbr Materials_9f604441-1498-47c5-8f9b-32cba7638a7d_ru,NY Molina SWH – PDF,NY,2026-04-15 15:00:00,2026-04-16 16:08:00,Y,,,,25.12,25.12 Consecutive Business Hours,,,,,,0,0,0,0,067b72b0-1bb3-48c4-98d1-1b8fae755fb2,,PDF,RUS,2026-04-15T19:00:00Z,2026-04-16T20:08:00Z,,,,,,2026-08-22T16:11:12Z,2026-08-22T16:11:12Z
MOHE-260416-3087,MHNY SWH STD Mbr Materials_7bb029b7-f7e7-4978-b0ff-cc91ec77c986_ru,NY Molina SWH – PDF,NY,2026-04-15 15:01:00,2026-04-16 16:08:00,Y,,,,25.12,25.12 Consecutive Business Hours,,,,,,0,0,0,0,c468502e-7d67-4ea0-978b-f6183a44e80a,,PDF,RUS,2026-04-15T19:01:00Z,2026-04-16T20:08:00Z,,,,,,2026-08-22T16:11:12Z,2026-08-22T16:11:12Z
MOHE-260416-3087,MHNY SWH STD Care Plan_d53da286-26c4-4423-a285-7b132416713e_ru,NY Molina SWH – PDF,NY,2026-04-15 15:01:00,2026-04-16 16:08:00,Y,,,,25.12,25.12 Consecutive Business Hours,,,,,,0,0,0,0,3171d48a-323f-4999-9810-bf944e3d4163,,PDF,RUS,2026-04-15T19:01:00Z,2026-04-16T20:08:00Z,,,,,,2026-08-22T16:11:12Z,2026-08-22T16:11:12Z
MOHE-260416-3087,MHNY SWH STD Mbr Materials_386ebb4a-1106-4427-9345-4638cc12b8f9_ru,NY Molina SWH – PDF,NY,2026-04-15 15:01:00,2026-04-16 16:08:00,Y,,,,25.12,25.12 Consecutive Business Hours,,,,,,0,0,0,0,f0545f2f-56b3-40ee-afb3-3440cd8ae145,,PDF,RUS,2026-04-15T19:01:00Z,2026-04-16T20:08:00Z,,,,,,2026-08-22T16:11:12Z,2026-08-22T16:11:12Z
MOHE-260416-3087,MHNY SWH STD Mbr Materials_af6cfb9b-b7b1-4072-89ef-0fc00480bd7a_ru,NY Molina SWH – PDF,NY,2026-04-15 15:01:00,2026-04-16 16:08:00,Y,,,,25.12,25.12 Consecutive Business Hours,,,,,,0,0,0,0,75b965fd-4259-427b-af73-7c876bf55b13,,PDF,RUS,2026-04-15T19:01:00Z,2026-04-16T20:08:00Z,,,,,,2026-08-22T16:11:12Z,2026-08-22T16:11:12Z
MOHE-260416-3087,MHNY SWH STD Mbr Materials_b746a15a-15d1-4898-a834-494d14ef64f3_ru,NY Molina SWH – PDF,NY,2026-04-15 15:01:00,2026-04-16 16:08:00,Y,,,,25.11,25.11 Consecutive Business Hours,,,,,,0,0,0,0,3383c381-3e59-4561-8732-eabf1464f537,,PDF,RUS,2026-04-15T19:01:00Z,2026-04-16T20:08:00Z,,,,,,2026-08-22T16:11:12Z,2026-08-22T16:11:12Z
MOHE-260416-3087,MHNY SWH STD Mbr Materials_f8c70a99-b3cf-4d33-a6eb-0c1015e250c0_ru,NY Molina SWH – PDF,NY,2026-04-15 15:01:00,2026-04-16 16:08:00,Y,,,,25.11,25.11 Consecutive Business Hours,,,,,,0,0,0,0,867abe32-7796-4500-814b-4aad36ccaf01,,PDF,RUS,2026-04-15T19:01:00Z,2026-04-16T20:08:00Z,,,,,,2026-08-22T16:11:12Z,2026-08-22T16:11:12Z
MOHE-260416-3087,MHNY SWH STD Mbr Materials_f37fe9d4-b44b-475a-be5b-412c9fa7225c_ru,NY Molina SWH – PDF,NY,2026-04-15 15:01:00,2026-04-16 16:08:00,Y,,,,25.11,25.11 Consecutive Business Hours,,,,,,0,0,0,0,82132f53-7c4c-4c6f-bb53-e55aed85a974,,PDF,RUS,2026-04-15T19:01:00Z,2026-04-16T20:08:00Z,,,,,,2026-08-22T16:11:12Z,2026-08-22T16:11:12Z
MOHE-260416-3087,MHNY SWH STD Mbr Materials_b5ef0248-67e8-49e5-a572-2fda145b7452_ru,NY Molina SWH – PDF,NY,2026-04-15 18:00:00,2026-04-16 16:08:00,Y,,,,22.12,22.12 Consecutive Business Hours,,,,,,0,0,0,0,1617b56a-a3fc-4f25-a955-e599680c97de,,PDF,RUS,2026-04-15T22:00:00Z,2026-04-16T20:08:00Z,,,,,,2026-08-22T16:11:12Z,2026-08-22T16:11:12Z
MOHE-260416-3087,MHNY SWH STD Care Plan_e518be7d-0b10-4558-9124-c179e7b3b7a6_ru,NY Molina SWH – PDF,NY,2026-04-15 18:01:00,2026-04-16 16:08:00,Y,,,,22.12,22.12 Consecutive Business Hours,,,,,,0,0,0,0,b0fb0078-8416-4b3e-ad4d-486faf8d931a,,PDF,RUS,2026-04-15T22:01:00Z,2026-04-16T20:08:00Z,,,,,,2026-08-22T16:11:12Z,2026-08-22T16:11:12Z
MOHE-260416-3115,MHNY SWH STD Care Plan_d8b4bd3e-1f07-4156-8579-f1bb0f9fdb9a_ru,NY Molina SWH – PDF,NY,2026-04-15 15:00:00,2026-04-17 15:14:00,Y,,,,48.22,48.22 Consecutive Business Hours,,3.4,536,648,20043,1.19,0.78,1.43,0,5fa6103a-9a7e-4734-b5c9-c28c42143434,,PDF,RUS,2026-04-15T19:00:00Z,2026-04-17T19:14:00Z,,,,,,2026-08-22T16:11:12Z,2026-08-22T16:11:12Z
MOHE-260416-3115,MHNY SWH STD Care Plan_12873a0c-84ca-49de-ba84-d39f4ad9d889_ru,NY Molina SWH – PDF,NY,2026-04-15 15:01:00,2026-04-17 15:14:00,Y,,,,48.22,48.22 Consecutive Business Hours,,,,,,0,0,0,0,e37e9039-067d-4f25-87b9-4a4d714f4bfc,,PDF,RUS,2026-04-15T19:01:00Z,2026-04-17T19:14:00Z,,,,,,2026-08-22T16:11:12Z,2026-08-22T16:11:12Z
MOHE-260416-3115,MHNY SWH STD Advance Directive_f5896aa2-7c42-46e8-98fe-6cb7d779c2e3_ru,NY Molina SWH – PDF,NY,2026-04-15 15:01:00,2026-04-17 15:13:00,Y,,,,48.2,48.20 Consecutive Business Hours,,,,,,0,0,0,0,a83d5fa5-17bb-4d77-8b36-c147143fc3a0,,PDF,RUS,2026-04-15T19:01:00Z,2026-04-17T19:13:00Z,,,,,,2026-08-22T16:11:12Z,2026-08-22T16:11:12Z
MOHE-260416-3115,MHNY SWH STD Care Plan_2f60f55f-442a-4b51-b80b-27632feb51b6_ru,NY Molina SWH – PDF,NY,2026-04-15 15:01:00,2026-04-17 15:14:00,Y,,,,48.21,48.21 Consecutive Business Hours,,,,,,0,0,0,0,4cb026ce-833b-413d-bf4e-d72e99e14ccb,,PDF,RUS,2026-04-15T19:01:00Z,2026-04-17T19:14:00Z,,,,,,2026-08-22T16:11:12Z,2026-08-22T16:11:12Z
MOHE-260416-3115,MHNY SWH STD Mbr Materials_3be4801f-68cb-4c31-b97b-d2e59b83cd76_ru,NY Molina SWH – PDF,NY,2026-04-15 18:00:00,2026-04-17 15:13:00,Y,,,,45.21,45.21 Consecutive Business Hours,,,,,,0,0,0,0,54b9e012-3369-46c7-83f1-5e6c87a5def5,,PDF,RUS,2026-04-15T22:00:00Z,2026-04-17T19:13:00Z,,,,,,2026-08-22T16:11:12Z,2026-08-22T16:11:12Z
MOHE-260417-3141,MHNY SWH STD Mbr Materials_f1073e6d-184c-463b-8c95-e3e8b8b7a2e3_ru,NY Molina SWH – PDF,NY,2026-04-16 15:00:00,2026-04-17 16:52:00,Y,,,,25.87,25.87 Consecutive Business Hours,,3.6,214,45,17834,1.26,0.83,1.51,0,8ca9a554-12c6-46f7-9632-2c0b1beddfb9,,PDF,RUS,2026-04-16T19:00:00Z,2026-04-17T20:52:00Z,,,,,,2026-08-22T16:11:12Z,2026-08-22T16:11:12Z
MOHE-260417-3141,MHNY SWH STD Care Plan_8a939315-a01d-4e3c-9daa-53532c0ebe8a_ru,NY Molina SWH – PDF,NY,2026-04-16 15:00:00,2026-04-17 16:52:00,Y,,,,25.87,25.87 Consecutive Business Hours,,,,,,0,0,0,0,0c23aae9-70fa-44e8-b849-26e365aac1b1,,PDF,RUS,2026-04-16T19:00:00Z,2026-04-17T20:52:00Z,,,,,,2026-08-22T16:11:12Z,2026-08-22T16:11:12Z
MOHE-260417-3141,MHNY SWH STD Advance Directive_050f1481-d138-4083-8162-169397349519_ru,NY Molina SWH – PDF,NY,2026-04-16 15:00:00,2026-04-17 16:52:00,Y,,,,25.87,25.87 Consecutive Business Hours,,,,,,0,0,0,0,9681c47b-4a65-4fca-a1d8-fcbcb99de5fc,,PDF,RUS,2026-04-16T19:00:00Z,2026-04-17T20:52:00Z,,,,,,2026-08-22T16:11:12Z,2026-08-22T16:11:12Z
MOHE-260417-3141,MHNY SWH STD Advance Directive_20efb991-5c3d-4542-9db5-60e62eafbaba_ru,NY Molina SWH – PDF,NY,2026-04-16 15:00:00,2026-04-17 16:52:00,Y,,,,25.87,25.87 Consecutive Business Hours,,,,,,0,0,0,0,9148b497-530c-4d91-b731-6b9871364f41,,PDF,RUS,2026-04-16T19:00:00Z,2026-04-17T20:52:00Z,,,,,,2026-08-22T16:11:12Z,2026-08-22T16:11:12Z
MOHE-260417-3141,MHNY SWH STD Mbr Materials_302b89c9-12ae-407f-a429-d583cfca2ef5_ru,NY Molina SWH – PDF,NY,2026-04-16 15:00:00,2026-04-20 14:51:00,Y,,,,47.84,47.84 Consecutive Business Hours,,,,,,0,0,0,0,be43477d-36ec-47cc-bce6-4fd7ff8fc598,,PDF,RUS,2026-04-16T19:00:00Z,2026-04-20T18:51:00Z,,,,,,2026-08-22T16:11:12Z,2026-08-22T16:11:12Z
MOHE-260417-3141,MHNY SWH STD Mbr Materials_d7042dfa-4cdd-428e-ba7c-c78d87847d3e_ru,NY Molina SWH – PDF,NY,2026-04-16 15:00:00,2026-04-17 16:52:00,Y,,,,25.87,25.87 Consecutive Business Hours,,,,,,0,0,0,0,49775f73-a50e-4764-a3f7-c6a15173fc0c,,PDF,RUS,2026-04-16T19:00:00Z,2026-04-17T20:52:00Z,,,,,,2026-08-22T16:11:12Z,2026-08-22T16:11:12Z
MOHE-260417-3141,MHNY SWH STD Care Plan_193fe891-2bd7-49c8-829c-b18e82cd8459_ru,NY Molina SWH – PDF,NY,2026-04-16 15:00:00,2026-04-20 14:51:00,Y,,,,47.84,47.84 Consecutive Business Hours,,,,,,0,0,0,0,590e27d5-4d4f-498c-a7ac-8e730b5b61f2,,PDF,RUS,2026-04-16T19:00:00Z,2026-04-20T18:51:00Z,,,,,,2026-08-22T16:11:12Z,2026-08-22T16:11:12Z
MOHE-260417-3141,MHNY SWH STD Mbr Materials_1f9497d7-68df-4bb9-a47d-1a58515edd65_ru,NY Molina SWH – PDF,NY,2026-04-16 18:00:00,2026-04-17 16:52:00,Y,,,,22.87,22.87 Consecutive Business Hours,,,,,,0,0,0,0,9be2c2da-9fe4-4f53-be8e-62ed675413d7,,PDF,RUS,2026-04-16T22:00:00Z,2026-04-17T20:52:00Z,,,,,,2026-08-22T16:11:12Z,2026-08-22T16:11:12Z
MOHE-260417-3141,MHNY SWH STD Mbr Materials_24ba2db4-8065-47af-b4a3-0c6c82043e6e_ru,NY Molina SWH – PDF,NY,2026-04-16 21:00:00,2026-04-17 16:52:00,Y,,,,8.88,8.88 Consecutive Business Hours,,,,,,0,0,0,0,83d53630-a4ec-4420-b05d-d136e2e71b65,,PDF,RUS,2026-04-17T01:00:00Z,2026-04-17T20:52:00Z,,,,,,2026-08-22T16:11:12Z,2026-08-22T16:11:12Z
MOHE-260417-3141,MHNY SWH STD Mbr Materials_a97f5e44-2680-4b72-be59-73187540f629_ru,NY Molina SWH – PDF,NY,2026-04-16 21:00:00,2026-04-17 16:52:00,Y,,,,8.88,8.88 Consecutive Business Hours,,,,,,0,0,0,0,72d402cb-c357-408d-9610-4ae575c1e7e0,,PDF,RUS,2026-04-17T01:00:00Z,2026-04-17T20:52:00Z,,,,,,2026-08-22T16:11:12Z,2026-08-22T16:11:12Z
MOHE-260417-3141,MHNY SWH STD Care Plan_0c52c15c-c7f9-4fa3-8b84-df83683d86c4_ru,NY Molina SWH – PDF,NY,2026-04-16 18:00:00,2026-04-20 11:47:00,Y,,,,41.78,41.78 Consecutive Business Hours,,2,328,71,15925,0.7,0.46,0.84,0,c7c8933c-4465-4775-a53f-b94580871e3a,,PDF,RUS,2026-04-16T22:00:00Z,2026-04-20T15:47:00Z,,,,,,2026-08-22T16:11:12Z,2026-08-22T16:11:12Z
MOHE-260417-3141,MHNY SWH STD Care Plan_d2498d2d-9fc5-4396-b62c-8bbe96a83a75_ru,NY Molina SWH – PDF,NY,2026-04-16 18:00:00,2026-04-20 11:48:00,Y,,,,41.8,41.80 Consecutive Business Hours,,,,,,0,0,0,0,29cffae6-a1e5-42f1-b06d-959ddee2c03a,,PDF,RUS,2026-04-16T22:00:00Z,2026-04-20T15:48:00Z,,,,,,2026-08-22T16:11:12Z,2026-08-22T16:11:12Z
MOHE-260420-3202,MHNY SWH STD Mbr Materials_c55527aa-b265-4a6b-a11c-8f6fa43a62cd_ru,NY Molina SWH – PDF,NY,2026-04-17 15:00:00,2026-04-21 09:47:00,Y,,,,42.77,42.77 Consecutive Business Hours,,2.55,29,19,7375,0.89,0.59,1.07,0,29d636a8-921e-44ad-a71c-6344bcaa8ad8,,PDF,RUS,2026-04-17T19:00:00Z,2026-04-21T13:47:00Z,,,,,,2026-08-22T16:11:12Z,2026-08-22T16:11:12Z
MOHE-260420-3202,MHNY SWH STD Mbr Materials_95d1b7ff-d91b-41df-9363-20311603b1aa_ru,NY Molina SWH – PDF,NY,2026-04-17 15:00:00,2026-04-21 09:47:00,Y,,,,42.77,42.77 Consecutive Business Hours,,,,,,0,0,0,0,45e48149-060e-4b1a-93de-215b441b1659,,PDF,RUS,2026-04-17T19:00:00Z,2026-04-21T13:47:00Z,,,,,,2026-08-22T16:11:12Z,2026-08-22T16:11:12Z
MOHE-260420-3202,MHNY SWH STD Mbr Materials_1c130bd6-03a6-4f56-b71d-72016f8138d2_ru,NY Molina SWH – PDF,NY,2026-04-17 16:00:00,2026-04-21 09:47:00,Y,,,,41.78,41.78 Consecutive Business Hours,,,,,,0,0,0,0,9cf95c1b-01bc-48a8-afca-59470e1a6e75,,PDF,RUS,2026-04-17T20:00:00Z,2026-04-21T13:47:00Z,,,,,,2026-08-22T16:11:12Z,2026-08-22T16:11:12Z
MOHE-260420-3202,MHNY SWH STD Mbr Materials_bfc48467-572c-4c9c-aa50-f01c679d361f_ru,NY Molina SWH – PDF,NY,2026-04-17 16:00:00,2026-04-21 09:47:00,Y,,,,41.78,41.78 Consecutive Business Hours,,,,,,0,0,0,0,b538eabe-1002-461a-ad19-ac29df192705,,PDF,RUS,2026-04-17T20:00:00Z,2026-04-21T13:47:00Z,,,,,,2026-08-22T16:11:12Z,2026-08-22T16:11:12Z
MOHE-260420-3202,MHNY SWH STD Mbr Materials_6cf104d6-25e0-4573-84e6-93145ba4122f_ru,NY Molina SWH – PDF,NY,2026-04-17 16:00:00,2026-04-21 09:47:00,Y,,,,41.78,41.78 Consecutive Business Hours,,,,,,0,0,0,0,f0b96c15-0eaa-4194-b5bf-902d8c2b9fd0,,PDF,RUS,2026-04-17T20:00:00Z,2026-04-21T13:47:00Z,,,,,,2026-08-22T16:11:12Z,2026-08-22T16:11:12Z
MOHE-260420-3202,MHNY SWH STD Mbr Materials_590425ef-121c-494c-aae3-4b7800cd9667_ru,NY Molina SWH – PDF,NY,2026-04-17 16:00:00,2026-04-21 09:47:00,Y,,,,41.78,41.78 Consecutive Business Hours,,,,,,0,0,0,0,76537b3f-ecc3-43e2-89ee-b8614a2cbc7a,,PDF,RUS,2026-04-17T20:00:00Z,2026-04-21T13:47:00Z,,,,,,2026-08-22T16:11:12Z,2026-08-22T16:11:12Z
MOHE-260420-3202,MHNY SWH STD Mbr Materials_f5d8b01b-5a81-462e-8be0-7a1696324ec3_ru,NY Molina SWH – PDF,NY,2026-04-17 16:00:00,2026-04-21 09:47:00,Y,,,,41.78,41.78 Consecutive Business Hours,,,,,,0,0,0,0,c6df987d-3d6c-4375-80d5-7f7a7c915d02,,PDF,RUS,2026-04-17T20:00:00Z,2026-04-21T13:47:00Z,,,,,,2026-08-22T16:11:12Z,2026-08-22T16:11:12Z
MOHE-260420-3202,MHNY SWH STD Care Plan_7cd598a3-b699-431e-b00f-6b9c90341408_ru,NY Molina SWH – PDF,NY,2026-04-17 16:00:00,2026-04-21 09:47:00,Y,,,,41.78,41.78 Consecutive Business Hours,,,,,,0,0,0,0,04cb5323-8eea-4095-8b3a-f4688b358caf,,PDF,RUS,2026-04-17T20:00:00Z,2026-04-21T13:47:00Z,,,,,,2026-08-22T16:11:12Z,2026-08-22T16:11:12Z
MOHE-260420-3202,MHNY SWH STD Mbr Materials_af859706-0b03-4b8c-a35d-83d7d3f13b5e_ru,NY Molina SWH – PDF,NY,2026-04-17 18:00:00,2026-04-21 09:47:00,Y,,,,39.78,39.78 Consecutive Business Hours,,,,,,0,0,0,0,24ecc455-8950-41d9-957b-e92175a47566,,PDF,RUS,2026-04-17T22:00:00Z,2026-04-21T13:47:00Z,,,,,,2026-08-22T16:11:12Z,2026-08-22T16:11:12Z
MOHE-260420-3202,MHNY SWH STD Mbr Materials_24503467-965f-4602-98bb-d9ecdeeff1c6_ru,NY Molina SWH – PDF,NY,2026-04-17 18:00:00,2026-04-21 09:47:00,Y,,,,39.78,39.78 Consecutive Business Hours,,,,,,0,0,0,0,3c04d0f2-5176-420e-9896-873275afedef,,PDF,RUS,2026-04-17T22:00:00Z,2026-04-21T13:47:00Z,,,,,,2026-08-22T16:11:12Z,2026-08-22T16:11:12Z
MOHE-260421-3262,MHNY SWH STD Mbr Materials_32584f5f-4dae-4888-8080-37f3c728f358_ru,NY Molina SWH – PDF,NY,2026-04-20 22:00:00,2026-04-22 16:15:00,Y,,,,32.25,32.25 Consecutive Business Hours,,3.8,513,441,23077,1.33,0.87,1.6,0,6056e55b-d2ab-47e4-b44f-990d74c90522,,PDF,RUS,2026-04-21T02:00:00Z,2026-04-22T20:15:00Z,,,,,,2026-08-22T16:11:12Z,2026-08-22T16:11:12Z
MOHE-260421-3262,MHNY SWH STD Care Plan_4cbd4db6-e6ca-48ce-8506-941bdebda79f_ru,NY Molina SWH – PDF,NY,2026-04-20 22:00:00,2026-04-22 16:14:00,Y,,,,32.25,32.25 Consecutive Business Hours,,,,,,0,0,0,0,f181ba8c-2fbb-4ccd-a215-6025355d8ac2,,PDF,RUS,2026-04-21T02:00:00Z,2026-04-22T20:14:00Z,,,,,,2026-08-22T16:11:12Z,2026-08-22T16:11:12Z
MOHE-260421-3262,MHNY SWH STD Mbr Materials_79e0d6af-1d7d-49d0-bdbe-3cbd66584ff7_ru,NY Molina SWH – PDF,NY,2026-04-20 22:00:00,2026-04-22 16:14:00,Y,,,,32.25,32.25 Consecutive Business Hours,,,,,,0,0,0,0,2098bca4-7b71-4af5-8ea4-209c990a370d,,PDF,RUS,2026-04-21T02:00:00Z,2026-04-22T20:14:00Z,,,,,,2026-08-22T16:11:12Z,2026-08-22T16:11:12Z
MOHE-260421-3262,MHNY SWH STD Mbr Materials_67da2acb-cbf1-4d15-b61f-d875676fe92b_ru,NY Molina SWH – PDF,NY,2026-04-20 23:00:00,2026-04-22 16:15:00,Y,,,,32.25,32.25 Consecutive Business Hours,,,,,,0,0,0,0,ca6f6db6-9c4b-4395-9460-5eba38f774fe,,PDF,RUS,2026-04-21T03:00:00Z,2026-04-22T20:15:00Z,,,,,,2026-08-22T16:11:12Z,2026-08-22T16:11:12Z
MOHE-260421-3262,MHNY SWH STD Care Plan_8f9432b6-e87a-4960-b03c-2c1b29136e4a_ru,NY Molina SWH – PDF,NY,2026-04-20 23:00:00,2026-04-22 16:15:00,Y,,,,32.25,32.25 Consecutive Business Hours,,,,,,0,0,0,0,06922fa0-5683-407a-8aaa-08d32e46d81f,,PDF,RUS,2026-04-21T03:00:00Z,2026-04-22T20:15:00Z,,,,,,2026-08-22T16:11:12Z,2026-08-22T16:11:12Z
MOHE-260421-3262,MHNY SWH STD Mbr Materials_612c43f3-09af-4947-b9ab-1f5b304c303c_ru,NY Molina SWH – PDF,NY,2026-04-20 23:00:00,2026-04-22 16:15:00,Y,,,,32.25,32.25 Consecutive Business Hours,,,,,,0,0,0,0,9d005eb7-30ac-4cd5-a55d-3d79f8120df9,,PDF,RUS,2026-04-21T03:00:00Z,2026-04-22T20:15:00Z,,,,,,2026-08-22T16:11:12Z,2026-08-22T16:11:12Z
MOHE-260421-3262,MHNY SWH STD Care Plan_936db6c8-8356-41cf-9dc9-b13dee0b015f_ru,NY Molina SWH – PDF,NY,2026-04-20 23:00:00,2026-04-22 16:15:00,Y,,,,32.25,32.25 Consecutive Business Hours,,,,,,0,0,0,0,8d957762-0d38-4932-a0ea-3cec53655f8f,,PDF,RUS,2026-04-21T03:00:00Z,2026-04-22T20:15:00Z,,,,,,2026-08-22T16:11:12Z,2026-08-22T16:11:12Z
MOHE-260422-3283,MHNY SWH STD Mbr Materials_2b721d5e-6392-42fe-be4b-f23818468675_ru,NY Molina SWH – PDF,NY,2026-04-21 18:00:00,2026-04-22 16:01:00,Y,,,,22.02,22.02 Consecutive Business Hours,,3.1,157,246,14531,1.09,0.71,1.3,0,9d6e22d5-cbd8-47ee-a8a6-3e69f768bb0c,,PDF,RUS,2026-04-21T22:00:00Z,2026-04-22T20:01:00Z,,,,,,2026-08-22T16:11:12Z,2026-08-22T16:11:12Z
MOHE-260422-3283,MHNY SWH STD Care Plan_c837031b-fac0-4f9a-83b6-77022994f95b_ru,NY Molina SWH – PDF,NY,2026-04-21 18:00:00,2026-04-22 16:01:00,Y,,,,22.01,22.01 Consecutive Business Hours,,,,,,0,0,0,0,0942ebc4-c8ee-4bbb-a02f-6968e233f560,,PDF,RUS,2026-04-21T22:00:00Z,2026-04-22T20:01:00Z,,,,,,2026-08-22T16:11:12Z,2026-08-22T16:11:12Z
MOHE-260422-3283,MHNY SWH STD Care Plan_0df4cec5-6e00-47e2-b5e5-960d913e2464_ru,NY Molina SWH – PDF,NY,2026-04-21 19:00:00,2026-04-22 16:01:00,Y,,,,21.01,21.01 Consecutive Business Hours,,,,,,0,0,0,0,6a038b19-0ba4-4e1c-814c-2c34785b2982,,PDF,RUS,2026-04-21T23:00:00Z,2026-04-22T20:01:00Z,,,,,,2026-08-22T16:11:12Z,2026-08-22T16:11:12Z
MOHE-260422-3283,MHNY SWH STD Mbr Materials_735aa473-993d-4f5a-bc64-a8b3e3040fad_ru,NY Molina SWH – PDF,NY,2026-04-21 19:00:00,2026-04-22 16:01:00,Y,,,,21.01,21.01 Consecutive Business Hours,,,,,,0,0,0,0,54a37db1-5c99-4136-9237-94af6fa46914,,PDF,RUS,2026-04-21T23:00:00Z,2026-04-22T20:01:00Z,,,,,,2026-08-22T16:11:12Z,2026-08-22T16:11:12Z
MOHE-260422-3283,MHNY SWH STD Mbr Materials_12ca435b-a4f0-465c-91b5-e62f5162c833_ru,NY Molina SWH – PDF,NY,2026-04-21 19:00:00,2026-04-22 16:01:00,Y,,,,21.01,21.01 Consecutive Business Hours,,,,,,0,0,0,0,45f80e3c-9aea-4208-acda-4da28941e8b8,,PDF,RUS,2026-04-21T23:00:00Z,2026-04-22T20:01:00Z,,,,,,2026-08-22T16:11:12Z,2026-08-22T16:11:12Z
MOHE-260422-3283,MHNY SWH STD Care Plan_27c716f3-9f3b-4398-93c1-456f18e4f79e_ru,NY Molina SWH – PDF,NY,2026-04-21 19:00:00,2026-04-22 16:01:00,Y,,,,21.01,21.01 Consecutive Business Hours,,,,,,0,0,0,0,17f7a11d-5700-4e47-b89e-985a13b7012d,,PDF,RUS,2026-04-21T23:00:00Z,2026-04-22T20:01:00Z,,,,,,2026-08-22T16:11:12Z,2026-08-22T16:11:12Z
MOHE-260423-3340,MHNY SWH STD Advance Directive_08e19b31-aa92-4382-b190-cee5c5f0f2ca_ru,NY Molina SWH – PDF,NY,2026-04-22 15:01:00,2026-04-23 16:26:00,Y,,,,25.42,25.42 Consecutive Business Hours,,2.75,152,144,11904,0.96,0.63,1.16,0,29ebb469-42b0-4a2b-b740-c68a52501798,,PDF,RUS,2026-04-22T19:01:00Z,2026-04-23T20:26:00Z,,,,,,2026-08-22T16:11:12Z,2026-08-22T16:11:12Z
MOHE-260423-3340,MHNY SWH STD Mbr Materials_93f9180d-30b9-475b-b3be-948ae92db0d3_ru,NY Molina SWH – PDF,NY,2026-04-22 15:01:00,2026-04-23 16:26:00,Y,,,,25.42,25.42 Consecutive Business Hours,,,,,,0,0,0,0,28df5e36-5d67-4a5f-b8d4-3251f02a9b27,,PDF,RUS,2026-04-22T19:01:00Z,2026-04-23T20:26:00Z,,,,,,2026-08-22T16:11:12Z,2026-08-22T16:11:12Z
MOHE-260423-3340,MHNY SWH STD Care Plan_8fe1e07d-48bc-4066-9f8a-83a871ab637e_ru,NY Molina SWH – PDF,NY,2026-04-22 21:00:00,2026-04-23 16:26:00,Y,,,,8.44,8.44 Consecutive Business Hours,,,,,,0,0,0,0,40668f09-3b90-44da-ab75-1ddf6d86d513,,PDF,RUS,2026-04-23T01:00:00Z,2026-04-23T20:26:00Z,,,,,,2026-08-22T16:11:12Z,2026-08-22T16:11:12Z
MOHE-260423-3340,MHNY SWH STD Care Plan_dc409b45-abad-4b14-962b-b20de1d567c2_ru,NY Molina SWH – PDF,NY,2026-04-22 21:00:00,2026-04-23 16:26:00,Y,,,,8.44,8.44 Consecutive Business Hours,,,,,,0,0,0,0,2163b05d-3726-4eb6-89ff-c466f7f0244b,,PDF,RUS,2026-04-23T01:00:00Z,2026-04-23T20:26:00Z,,,,,,2026-08-22T16:11:12Z,2026-08-22T16:11:12Z
MOHE-260423-3340,MHNY SWH STD Mbr Materials_1d9b8a39-b259-4127-bd64-3a5347278bb1_ru,NY Molina SWH – PDF,NY,2026-04-22 21:00:00,2026-04-23 16:26:00,Y,,,,8.44,8.44 Consecutive Business Hours,,,,,,0,0,0,0,f601be85-360d-4b31-92f9-8cc2451128bc,,PDF,RUS,2026-04-23T01:00:00Z,2026-04-23T20:26:00Z,,,,,,2026-08-22T16:11:12Z,2026-08-22T16:11:12Z
MOHE-260423-3340,MHNY SWH STD Advance Directive_ce46c49f-ff84-4d6c-b245-4933c33d596c_ru,NY Molina SWH – PDF,NY,2026-04-22 21:01:00,2026-04-23 16:26:00,Y,,,,8.44,8.44 Consecutive Business Hours,,,,,,0,0,0,0,de7e94cc-6434-4763-9c04-0f3989b94e88,,PDF,RUS,2026-04-23T01:01:00Z,2026-04-23T20:26:00Z,,,,,,2026-08-22T16:11:12Z,2026-08-22T16:11:12Z
MOHE-260423-3340,MHNY SWH STD Mbr Materials_2d90fb88-df62-4957-935c-c7ab443dbfe9_ru,NY Molina SWH – PDF,NY,2026-04-22 21:01:00,2026-04-23 16:26:00,Y,,,,8.44,8.44 Consecutive Business Hours,,,,,,0,0,0,0,fc7e2458-277a-4227-8289-388ef28c6af8,,PDF,RUS,2026-04-23T01:01:00Z,2026-04-23T20:26:00Z,,,,,,2026-08-22T16:11:12Z,2026-08-22T16:11:12Z
MOHE-260423-3335,MHNY SWH STD Mbr Materials_ebf04c9f-da98-46e1-b23a-317bb6ef3023_ru,NY Molina SWH – PDF,NY,2026-04-22 15:01:00,2026-04-23 15:34:00,Y,,,,24.56,24.56 Consecutive Business Hours,,,,,,0,0,0,0,8107be93-9939-4b54-9db2-c134b1d92854,,PDF,RUS,2026-04-22T19:01:00Z,2026-04-23T19:34:00Z,,,,,,2026-08-22T16:11:12Z,2026-08-22T16:11:12Z
MOHE-260423-3335,MHNY SWH STD Mbr Materials_edbf5535-d2ad-412e-9a14-4ac6ab55ef3a_ru,NY Molina SWH – PDF,NY,2026-04-22 15:01:00,2026-04-23 15:35:00,Y,,,,24.57,24.57 Consecutive Business Hours,,,,,,0,0,0,0,3c0c68f6-ba3b-41f2-90ca-82476a68d442,,PDF,RUS,2026-04-22T19:01:00Z,2026-04-23T19:35:00Z,,,,,,2026-08-22T16:11:12Z,2026-08-22T16:11:12Z
MOHE-260423-3335,MHNY SWH STD Mbr Materials_c1b95870-b90a-420e-98e7-179d5fbcc5e0_ru,NY Molina SWH – PDF,NY,2026-04-22 15:01:00,2026-04-23 15:35:00,Y,,,,24.56,24.56 Consecutive Business Hours,,,,,,0,0,0,0,9efc3a47-305c-4881-a7e6-8a4f5fb54ced,,PDF,RUS,2026-04-22T19:01:00Z,2026-04-23T19:35:00Z,,,,,,2026-08-22T16:11:12Z,2026-08-22T16:11:12Z
MOHE-260423-3335,MHNY SWH STD UTC_8c219037-ce92-4630-9688-18034f440bb7_ru,NY Molina SWH – PDF,NY,2026-04-22 18:00:00,2026-04-23 15:35:00,Y,,,,21.58,21.58 Consecutive Business Hours,,,,,,0,0,0,0,95e90dc7-fde2-4920-8ec1-05f0e9437741,,PDF,RUS,2026-04-22T22:00:00Z,2026-04-23T19:35:00Z,,,,,,2026-08-22T16:11:12Z,2026-08-22T16:11:12Z
MOHE-260423-3335,MHNY SWH STD Mbr Materials_78574103-7931-41df-bc6a-9b5e790d0ce7_ru,NY Molina SWH – PDF,NY,2026-04-22 21:00:00,2026-04-23 15:35:00,Y,,,,7.58,7.58 Consecutive Business Hours,,,,,,0,0,0,0,f8fa9b63-aceb-46b1-abda-3e30f20c70ec,,PDF,RUS,2026-04-23T01:00:00Z,2026-04-23T19:35:00Z,,,,,,2026-08-22T16:11:12Z,2026-08-22T16:11:12Z
MOHE-260424-3380,MHNY SWH STD Mbr Materials_321ab736-46d0-4ce4-ba66-49bed25ad8a0_ru,NY Molina SWH – PDF,NY,2026-04-23 15:05:00,2026-04-24 17:56:00,Y,,,,26.84,26.84 Consecutive Business Hours,,2.55,402,223,12506,0.89,0.59,1.07,0,0a543a97-8039-4cb3-9960-842f44507b02,,PDF,RUS,2026-04-23T19:05:00Z,2026-04-24T21:56:00Z,,,,,,2026-08-22T16:11:12Z,2026-08-22T16:11:12Z
MOHE-260424-3380,MHNY SWH STD Care Plan_46564ee9-6efb-40c0-b9f1-d1231a9c23ba_ru,NY Molina SWH – PDF,NY,2026-04-23 15:05:00,2026-04-24 17:56:00,Y,,,,26.84,26.84 Consecutive Business Hours,,,,,,0,0,0,0,f01f3b7f-f91f-4a1f-81a4-f70c5705a378,,PDF,RUS,2026-04-23T19:05:00Z,2026-04-24T21:56:00Z,,,,,,2026-08-22T16:11:12Z,2026-08-22T16:11:12Z
MOHE-260424-3380,MHNY SWH STD Mbr Materials_9826cefa-aa0a-45b7-afad-9ec3d5da4474_ru,NY Molina SWH – PDF,NY,2026-04-23 15:05:00,2026-04-24 17:56:00,Y,,,,26.84,26.84 Consecutive Business Hours,,,,,,0,0,0,0,4b2385ff-b3c1-4408-9891-1cea9203386e,,PDF,RUS,2026-04-23T19:05:00Z,2026-04-24T21:56:00Z,,,,,,2026-08-22T16:11:12Z,2026-08-22T16:11:12Z
MOHE-260424-3380,MHNY SWH STD Care Plan_43a154fb-f94c-4ba5-bb27-0bfa48b91246_ru,NY Molina SWH – PDF,NY,2026-04-23 15:05:00,2026-04-24 17:56:00,Y,,,,26.84,26.84 Consecutive Business Hours,,,,,,0,0,0,0,cac6a50f-8353-4ae4-ba57-8471422e1446,,PDF,RUS,2026-04-23T19:05:00Z,2026-04-24T21:56:00Z,,,,,,2026-08-22T16:11:12Z,2026-08-22T16:11:12Z
MOHE-260424-3380,MHNY SWH STD Care Plan_7680f94b-7878-4952-acef-384234defc78_ru,NY Molina SWH – PDF,NY,2026-04-23 15:05:00,2026-04-24 17:56:00,Y,,,,26.84,26.84 Consecutive Business Hours,,,,,,0,0,0,0,df2f03de-af5c-40bd-bdea-6ac98afd0c2c,,PDF,RUS,2026-04-23T19:05:00Z,2026-04-24T21:56:00Z,,,,,,2026-08-22T16:11:12Z,2026-08-22T16:11:12Z
MOHE-260424-3380,MHNY SWH STD Mbr Materials_daca66da-6323-4f20-a2f7-f9d8dff43960_ru,NY Molina SWH – PDF,NY,2026-04-23 18:01:00,2026-04-24 17:56:00,Y,,,,23.92,23.92 Consecutive Business Hours,,,,,,0,0,0,0,15727741-9c21-4d14-84fe-0907f17ec71f,,PDF,RUS,2026-04-23T22:01:00Z,2026-04-24T21:56:00Z,,,,,,2026-08-22T16:11:12Z,2026-08-22T16:11:12Z
MOHE-260427-3449,MHNY SWH STD Mbr Materials_5db9f19b-c652-4609-81d6-eed8b976a59b_ru,NY Molina SWH – PDF,NY,2026-04-24 15:01:00,2026-04-27 19:06:00,Y,,,,28.08,28.08 Consecutive Business Hours,,3,826,292,16788,1.05,0.69,1.26,0,1b10ad47-4dc7-4006-a2ad-562f666a04bc,,PDF,RUS,2026-04-24T19:01:00Z,2026-04-27T23:06:00Z,,,,,,2026-08-22T16:11:12Z,2026-08-22T16:11:12Z
MOHE-260427-3449,MHNY SWH STD Mbr Materials_2d968c8d-f73c-4400-8220-6946dbbb4d9f_ru,NY Molina SWH – PDF,NY,2026-04-24 15:01:00,2026-04-27 19:06:00,Y,,,,28.08,28.08 Consecutive Business Hours,,,,,,0,0,0,0,70b3ef4d-865d-4c01-8135-38a2c6e782ad,,PDF,RUS,2026-04-24T19:01:00Z,2026-04-27T23:06:00Z,,,,,,2026-08-22T16:11:12Z,2026-08-22T16:11:12Z
MOHE-260427-3449,MHNY SWH STD Mbr Materials_48ff6258-96e8-4958-ac27-b8753cc87b29_ru,NY Molina SWH – PDF,NY,2026-04-24 18:00:00,2026-04-27 19:06:00,Y,,,,25.09,25.09 Consecutive Business Hours,,,,,,0,0,0,0,530f2886-d816-4836-8667-39f6583e4fd5,,PDF,RUS,2026-04-24T22:00:00Z,2026-04-27T23:06:00Z,,,,,,2026-08-22T16:11:12Z,2026-08-22T16:11:12Z
MOHE-260427-3449,MHNY SWH STD Care Plan_5190cee7-74ff-46cd-a816-2b1d721a2a5a_ru,NY Molina SWH – PDF,NY,2026-04-24 18:00:00,2026-04-27 19:06:00,Y,,,,25.09,25.09 Consecutive Business Hours,,,,,,0,0,0,0,8744a41f-8d45-44cb-aafb-467504c550df,,PDF,RUS,2026-04-24T22:00:00Z,2026-04-27T23:06:00Z,,,,,,2026-08-22T16:11:12Z,2026-08-22T16:11:12Z
MOHE-260427-3449,MHNY SWH STD Care Plan_51be1cb7-52e8-4c25-97d9-77ec1fb9ec41_ru,NY Molina SWH – PDF,NY,2026-04-26 16:00:00,2026-04-27 19:06:00,Y,,,,11.1,11.10 Consecutive Business Hours,,,,,,0,0,0,0,e912b044-9f6c-4409-a25b-0c6c79d57b9e,,PDF,RUS,2026-04-26T20:00:00Z,2026-04-27T23:06:00Z,,,,,,2026-08-22T16:11:12Z,2026-08-22T16:11:12Z
MOHE-260427-3449,MHNY SWH STD Advance Directive_50f9be76-b309-41d3-80d0-ab3343df59eb_ru,NY Molina SWH – PDF,NY,2026-04-26 16:00:00,2026-04-27 19:06:00,Y,,,,11.1,11.10 Consecutive Business Hours,,,,,,0,0,0,0,0374f8b6-116b-4124-8368-06170c38811f,,PDF,RUS,2026-04-26T20:00:00Z,2026-04-27T23:06:00Z,,,,,,2026-08-22T16:11:12Z,2026-08-22T16:11:12Z
MOHE-260427-3449,MHNY SWH STD Mbr Materials_2d49a8f9-1fcd-4962-aec2-7d8c329fad9d_ru,NY Molina SWH – PDF,NY,2026-04-26 16:00:00,2026-04-27 19:06:00,Y,,,,11.1,11.10 Consecutive Business Hours,,,,,,0,0,0,0,4f7931fd-9704-46cd-a015-591e049a9599,,PDF,RUS,2026-04-26T20:00:00Z,2026-04-27T23:06:00Z,,,,,,2026-08-22T16:11:12Z,2026-08-22T16:11:12Z
MOHE-260427-3478,MHNY SWH STD Mbr Materials_c59d4285-590f-4e8e-8a49-d64d001f39ba_ru,NY Molina SWH – PDF,NY,2026-04-24 15:01:00,2026-04-28 16:04:00,Y,,,,49.06,49.06 Consecutive Business Hours,,2.6,315,285,14348,0.91,0.6,1.09,0,bc81b091-48cf-4b7e-8b47-72cd682d29f7,,PDF,RUS,2026-04-24T19:01:00Z,2026-04-28T20:04:00Z,,,,,,2026-08-22T16:11:12Z,2026-08-22T16:11:12Z
MOHE-260427-3478,MHNY SWH STD Care Plan_7d190560-04de-40b7-86c9-cbdd92a17d3c_ru,NY Molina SWH – PDF,NY,2026-04-24 15:01:00,2026-04-28 16:04:00,Y,,,,49.06,49.06 Consecutive Business Hours,,,,,,0,0,0,0,963e4d4b-d77d-4551-8287-78fab6235d25,,PDF,RUS,2026-04-24T19:01:00Z,2026-04-28T20:04:00Z,,,,,,2026-08-22T16:11:12Z,2026-08-22T16:11:12Z
MOHE-260427-3478,MHNY SWH STD Care Plan_2058e055-4722-4364-beb9-31c714cc07c3_ru,NY Molina SWH – PDF,NY,2026-04-24 15:01:00,2026-04-28 16:04:00,Y,,,,49.06,49.06 Consecutive Business Hours,,,,,,0,0,0,0,3489508a-621a-4384-b111-1b2f1f689f77,,PDF,RUS,2026-04-24T19:01:00Z,2026-04-28T20:04:00Z,,,,,,2026-08-22T16:11:12Z,2026-08-22T16:11:12Z
MOHE-260427-3478,MHNY SWH STD Care Plan_d620f016-52d0-491f-ba74-49183bd6118a_ru_ERR,NY Molina SWH – PDF,NY,2026-04-24 15:01:00,2026-04-28 16:04:00,Y,,,,49.05,49.05 Consecutive Business Hours,,,,,,0,0,0,0,a7fa4432-d97f-42a0-933a-7a2c8d03eb70,,PDF,RUS,2026-04-24T19:01:00Z,2026-04-28T20:04:00Z,,,,,,2026-08-22T16:11:12Z,2026-08-22T16:11:12Z
MOHE-260427-3478,MHNY SWH STD Mbr Materials_60fad248-a4b2-48e0-9578-8e62fe17f310_ru,NY Molina SWH – PDF,NY,2026-04-24 15:01:00,2026-04-28 16:04:00,Y,,,,49.06,49.06 Consecutive Business Hours,,,,,,0,0,0,0,e4eeb863-f429-4194-a1d2-38d38e2ea9ad,,PDF,RUS,2026-04-24T19:01:00Z,2026-04-28T20:04:00Z,,,,,,2026-08-22T16:11:12Z,2026-08-22T16:11:12Z
MOHE-260428-3496,MHNY SWH STD Care Plan_9025abb7-7d7c-4660-a329-c8fd213498e1_ru,NY Molina SWH – PDF,NY,2026-04-27 16:00:00,2026-04-28 18:39:00,Y,,,,26.65,26.65 Consecutive Business Hours,,2,25,21,9736,0.7,0.46,0.84,0,fb01f92b-fbde-4504-b095-b20aadab8911,,PDF,RUS,2026-04-27T20:00:00Z,2026-04-28T22:39:00Z,,,,,,2026-08-22T16:11:12Z,2026-08-22T16:11:12Z
MOHE-260428-3496,MHNY SWH STD Mbr Materials_05eb8d10-6615-41c3-ab7e-edca50f39814_ru,NY Molina SWH – PDF,NY,2026-04-27 19:00:00,2026-04-28 18:39:00,Y,,,,23.64,23.64 Consecutive Business Hours,,,,,,0,0,0,0,f8853d11-1863-4c82-8b08-12c393ddd1ff,,PDF,RUS,2026-04-27T23:00:00Z,2026-04-28T22:39:00Z,,,,,,2026-08-22T16:11:12Z,2026-08-22T16:11:12Z
MOHE-260428-3496,MHNY SWH STD Mbr Materials_2dc4e8f6-f8a1-465a-b32e-51cd0e98b252_ru,NY Molina SWH – PDF,NY,2026-04-27 19:00:00,2026-04-28 18:39:00,Y,,,,23.64,23.64 Consecutive Business Hours,,,,,,0,0,0,0,174a7de5-cccc-4437-a09e-012a9e90abe6,,PDF,RUS,2026-04-27T23:00:00Z,2026-04-28T22:39:00Z,,,,,,2026-08-22T16:11:12Z,2026-08-22T16:11:12Z
MOHE-260428-3496,MHNY SWH STD Mbr Materials_ed657489-d9d0-4b87-8dbc-d12c62cfdc46_ru,NY Molina SWH – PDF,NY,2026-04-27 19:00:00,2026-04-28 18:39:00,Y,,,,23.64,23.64 Consecutive Business Hours,,,,,,0,0,0,0,188e66c6-7500-4485-973c-a95d150c0244,,PDF,RUS,2026-04-27T23:00:00Z,2026-04-28T22:39:00Z,,,,,,2026-08-22T16:11:12Z,2026-08-22T16:11:12Z
MOHE-260428-3496,MHNY SWH STD Mbr Materials_fa064355-a8ae-4f01-bfe4-4896536fb2a9_ru,NY Molina SWH – PDF,NY,2026-04-27 22:00:00,2026-04-28 18:39:00,Y,,,,10.66,10.66 Consecutive Business Hours,,,,,,0,0,0,0,92d4a7ac-d38f-40f6-a988-050aa04d86c4,,PDF,RUS,2026-04-28T02:00:00Z,2026-04-28T22:39:00Z,,,,,,2026-08-22T16:11:12Z,2026-08-22T16:11:12Z
MOHE-260428-3496,MHNY SWH STD Mbr Materials_0cb5984f-121a-4c35-8019-6c5e1fb189d3_ru,NY Molina SWH – PDF,NY,2026-04-27 22:00:00,2026-04-28 18:39:00,Y,,,,10.66,10.66 Consecutive Business Hours,,,,,,0,0,0,0,f2220208-10b4-4400-ab59-eff234a73a73,,PDF,RUS,2026-04-28T02:00:00Z,2026-04-28T22:39:00Z,,,,,,2026-08-22T16:11:12Z,2026-08-22T16:11:12Z
MOHE-260429-3533,MHNY SWH STD Mbr Materials_00d4858b-4c76-43af-a887-9a33c57d9242_ru,NY Molina SWH – PDF,NY,2026-04-28 22:00:00,2026-04-29 17:08:00,Y,,,,9.14,9.14 Consecutive Business Hours,,0.2,,,520,0.07,0.05,0.08,0,6f2e4cc5-ac8f-42ec-8f82-882de3a0c786,,PDF,RUS,2026-04-29T02:00:00Z,2026-04-29T21:08:00Z,,,,,,2026-08-22T16:11:12Z,2026-08-22T16:11:12Z
MOHE-260430-3579,MHNY SWH STD Mbr Materials_11e2cd34-3ba7-416a-9e10-97aebcf73364_ru,NY Molina SWH – PDF,NY,2026-04-29 13:01:00,2026-04-30 17:31:00,Y,,,,28.5,28.50 Consecutive Business Hours,,2.85,19,46,12121,1,0.66,1.2,0,f53c8b37-eaca-40ab-89b3-f70a49606d59,,PDF,RUS,2026-04-29T17:01:00Z,2026-04-30T21:31:00Z,,,,,,2026-08-22T16:11:12Z,2026-08-22T16:11:12Z
MOHE-260430-3579,MHNY SWH STD Care Plan_ec550392-49d5-4084-9f1d-1202191b49af_ru,NY Molina SWH – PDF,NY,2026-04-29 16:00:00,2026-04-30 17:31:00,Y,,,,25.51,25.51 Consecutive Business Hours,,,,,,0,0,0,0,9f58703d-c034-4453-b032-fd2cf4338da8,,PDF,RUS,2026-04-29T20:00:00Z,2026-04-30T21:31:00Z,,,,,,2026-08-22T16:11:12Z,2026-08-22T16:11:12Z
MOHE-260430-3579,MHNY SWH STD Care Plan_038acf96-f9e5-4990-8605-602a40be79d6_ru,NY Molina SWH – PDF,NY,2026-04-29 19:00:00,2026-04-30 17:31:00,Y,,,,22.5,22.50 Consecutive Business Hours,,,,,,0,0,0,0,1eb3ee5c-467d-494e-b8e1-8ba30fb2f441,,PDF,RUS,2026-04-29T23:00:00Z,2026-04-30T21:31:00Z,,,,,,2026-08-22T16:11:12Z,2026-08-22T16:11:12Z
MOHE-260430-3579,MHNY SWH STD Mbr Materials_29150f25-24ea-460c-b915-fe690578c56f_ru,NY Molina SWH – PDF,NY,2026-04-29 19:01:00,2026-04-30 17:31:00,Y,,,,22.5,22.50 Consecutive Business Hours,,,,,,0,0,0,0,e23600a0-2f4d-4152-a168-c4eb85c1d1b6,,PDF,RUS,2026-04-29T23:01:00Z,2026-04-30T21:31:00Z,,,,,,2026-08-22T16:11:12Z,2026-08-22T16:11:12Z
MOHE-260430-3579,MHNY SWH STD Mbr Materials_679178e7-bc14-46d6-abd9-796cf4a4a8e6_ru,NY Molina SWH – PDF,NY,2026-04-29 19:01:00,2026-04-30 17:31:00,Y,,,,22.5,22.50 Consecutive Business Hours,,,,,,0,0,0,0,c382f283-2573-4bea-b020-3849ed916338,,PDF,RUS,2026-04-29T23:01:00Z,2026-04-30T21:31:00Z,,,,,,2026-08-22T16:11:12Z,2026-08-22T16:11:12Z
MOHE-260430-3591,MHNY SWH STD Advance Directive_1d2703d8-5a41-449d-8df3-9df5147783fc_ru,NY Molina SWH – PDF,NY,2026-04-29 13:00:00,2026-05-01 16:12:00,Y,,,,51.19,51.19 Consecutive Business Hours,,3.25,331,234,15785,1.14,0.75,1.37,0,d9af307b-870c-494f-91f0-d08088b21dfa,,PDF,RUS,2026-04-29T17:00:00Z,2026-05-01T20:12:00Z,,,,,,2026-08-22T16:11:12Z,2026-08-22T16:11:12Z
MOHE-260430-3591,MHNY SWH STD Mbr Materials_e7b87f25-7374-4ca6-bd64-0f4365851016_ru,NY Molina SWH – PDF,NY,2026-04-29 13:00:00,2026-05-01 16:12:00,Y,,,,51.19,51.19 Consecutive Business Hours,,,,,,0,0,0,0,fb26d55e-6b43-4bb4-95fa-a21a41aa8d40,,PDF,RUS,2026-04-29T17:00:00Z,2026-05-01T20:12:00Z,,,,,,2026-08-22T16:11:12Z,2026-08-22T16:11:12Z
MOHE-260430-3591,MHNY SWH STD Mbr Materials_76496e3b-4cf6-4627-aad3-15c4ada0d144_ru,NY Molina SWH – PDF,NY,2026-04-29 13:01:00,2026-05-01 16:12:00,Y,,,,51.19,51.19 Consecutive Business Hours,,,,,,0,0,0,0,14e7a2cc-e7cc-45b1-956b-4452a87b7f4e,,PDF,RUS,2026-04-29T17:01:00Z,2026-05-01T20:12:00Z,,,,,,2026-08-22T16:11:12Z,2026-08-22T16:11:12Z
MOHE-260430-3591,MHNY SWH STD Mbr Materials_ab63a8f6-fbf4-4fca-bf7a-8e9a1179959a_ru,NY Molina SWH – PDF,NY,2026-04-29 13:01:00,2026-05-01 16:12:00,Y,,,,51.19,51.19 Consecutive Business Hours,,,,,,0,0,0,0,6bbb9a37-8893-46a4-a922-3c2226917f0e,,PDF,RUS,2026-04-29T17:01:00Z,2026-05-01T20:12:00Z,,,,,,2026-08-22T16:11:12Z,2026-08-22T16:11:12Z
MOHE-260430-3591,MHNY SWH STD Mbr Materials_a83dd1cc-3edb-417e-b07f-b485cc93c805_ru,NY Molina SWH – PDF,NY,2026-04-29 13:01:00,2026-05-01 16:12:00,Y,,,,51.19,51.19 Consecutive Business Hours,,,,,,0,0,0,0,504a9322-46bf-4bb9-bf3f-c2d8be14408c,,PDF,RUS,2026-04-29T17:01:00Z,2026-05-01T20:12:00Z,,,,,,2026-08-22T16:11:12Z,2026-08-22T16:11:12Z
MOHE-260430-3591,MHNY SWH STD Care Plan_43dca097-3be0-4192-83d6-0b3ab9c30697_ru,NY Molina SWH – PDF,NY,2026-04-29 15:04:00,2026-05-01 16:12:00,Y,,,,49.14,49.14 Consecutive Business Hours,,,,,,0,0,0,0,c5d86a10-cd34-420b-b5d5-f7bcd9bccf57,,PDF,RUS,2026-04-29T19:04:00Z,2026-05-01T20:12:00Z,,,,,,2026-08-22T16:11:12Z,2026-08-22T16:11:12Z
MOHE-260430-3591,MHNY SWH STD Care Plan_b415c0ba-bf9d-4e88-afa3-f8df1e05374b_ru,NY Molina SWH – PDF,NY,2026-04-29 16:00:00,2026-05-01 16:12:00,Y,,,,48.2,48.20 Consecutive Business Hours,,,,,,0,0,0,0,52791de8-20b6-40b2-9c4f-360bda5945fc,,PDF,RUS,2026-04-29T20:00:00Z,2026-05-01T20:12:00Z,,,,,,2026-08-22T16:11:12Z,2026-08-22T16:11:12Z
MOHE-260501-3649,MHNY SWH STD Mbr Materials_fdab7de6-6540-43ce-af3f-56fe34a3d924_ru,NY Molina SWH – PDF,NY,2026-04-30 13:01:00,2026-05-01 20:34:00,Y,,,,31.55,31.55 Consecutive Business Hours,,3.6,328,122,18260,1.26,0.83,1.51,0,d6fb1fc5-c4a8-4639-b8c6-ac76b8e72531,,PDF,RUS,2026-04-30T17:01:00Z,2026-05-02T00:34:00Z,,,,,,2026-08-22T16:11:12Z,2026-08-22T16:11:12Z
MOHE-260501-3649,MHNY SWH STD Mbr Materials_d15381e6-649c-4cd5-8ef6-e02b5eda0acd_ru,NY Molina SWH – PDF,NY,2026-04-30 13:01:00,2026-05-01 20:34:00,Y,,,,31.55,31.55 Consecutive Business Hours,,,,,,0,0,0,0,fd41381f-75f3-4368-b114-da3beb1bd998,,PDF,RUS,2026-04-30T17:01:00Z,2026-05-02T00:34:00Z,,,,,,2026-08-22T16:11:12Z,2026-08-22T16:11:12Z
MOHE-260501-3649,MHNY SWH STD Care Plan_46d503f3-981d-4bee-87b0-5a0a62b7b514_ru,NY Molina SWH – PDF,NY,2026-04-30 16:00:00,2026-05-04 14:31:00,Y,,,,46.52,46.52 Consecutive Business Hours,,,,,,0,0,0,0,d46ed0d3-0692-40f6-8738-0216df039a4b,,PDF,RUS,2026-04-30T20:00:00Z,2026-05-04T18:31:00Z,,,,,,2026-08-22T16:11:12Z,2026-08-22T16:11:12Z
MOHE-260501-3649,MHNY SWH STD Mbr Materials_140af35b-2da1-4454-9c2b-0aab11b65352_ru,NY Molina SWH – PDF,NY,2026-04-30 16:00:00,2026-05-01 20:34:00,Y,,,,28.56,28.56 Consecutive Business Hours,,,,,,0,0,0,0,b65b88ee-b2dc-4c89-a548-1d34848cc624,,PDF,RUS,2026-04-30T20:00:00Z,2026-05-02T00:34:00Z,,,,,,2026-08-22T16:11:12Z,2026-08-22T16:11:12Z
MOHE-260501-3649,MHNY SWH STD Mbr Materials_6d79f99e-0f51-4a9b-8ec8-1485262b6f5c_ru,NY Molina SWH – PDF,NY,2026-04-30 16:00:00,2026-05-01 20:34:00,Y,,,,28.56,28.56 Consecutive Business Hours,,,,,,0,0,0,0,97a6b2e6-afea-4bbb-ad4b-a1aafff1ce94,,PDF,RUS,2026-04-30T20:00:00Z,2026-05-02T00:34:00Z,,,,,,2026-08-22T16:11:12Z,2026-08-22T16:11:12Z
MOHE-260501-3649,MHNY SWH STD Mbr Materials_2f2e883c-20e9-4727-9865-423cb60ae6c1_ru,NY Molina SWH – PDF,NY,2026-04-30 19:00:00,2026-05-01 20:34:00,Y,,,,25.56,25.56 Consecutive Business Hours,,,,,,0,0,0,0,835b1c3d-bd34-4415-ab68-6bcb08d5a4d0,,PDF,RUS,2026-04-30T23:00:00Z,2026-05-02T00:34:00Z,,,,,,2026-08-22T16:11:12Z,2026-08-22T16:11:12Z
MOHE-260501-3649,MHNY SWH STD Mbr Materials_7b0f3a8b-fd4d-4961-bd8b-8aba79942703_ru,NY Molina SWH – PDF,NY,2026-04-30 19:00:00,2026-05-01 20:34:00,Y,,,,25.56,25.56 Consecutive Business Hours,,,,,,0,0,0,0,313806d2-af81-48d6-b12d-2909d50cc88b,,PDF,RUS,2026-04-30T23:00:00Z,2026-05-02T00:34:00Z,,,,,,2026-08-22T16:11:12Z,2026-08-22T16:11:12Z
MOHE-260501-3649,MHNY SWH STD Care Plan_c6b5738c-90fa-4a15-aa60-204d25accda4_ru,NY Molina SWH – PDF,NY,2026-04-30 19:00:00,2026-05-01 20:34:00,Y,,,,25.56,25.56 Consecutive Business Hours,,,,,,0,0,0,0,dfd7437e-370b-443f-8961-4f835fc50df8,,PDF,RUS,2026-04-30T23:00:00Z,2026-05-02T00:34:00Z,,,,,,2026-08-22T16:11:12Z,2026-08-22T16:11:12Z
MOHE-260501-3649,MHNY SWH STD Mbr Materials_134702fb-5fd2-42a5-b99c-6892cf795886_ru,NY Molina SWH – PDF,NY,2026-04-30 19:00:00,2026-05-01 20:34:00,Y,,,,25.55,25.55 Consecutive Business Hours,,,,,,0,0,0,0,ef59057c-0829-4f49-be29-e1ba10c2392a,,PDF,RUS,2026-04-30T23:00:00Z,2026-05-02T00:34:00Z,,,,,,2026-08-22T16:11:12Z,2026-08-22T16:11:12Z
MOHE-260501-3649,MHNY SWH STD Care Plan_3d83e84d-1b0e-45a9-8e47-7f50b63c3dfb_ru,NY Molina SWH – PDF,NY,2026-04-30 22:00:00,2026-05-04 14:31:00,Y,,,,30.52,30.52 Consecutive Business Hours,,,,,,0,0,0,0,617fa1b2-cf57-4311-957f-75a8dfd06be7,,PDF,RUS,2026-05-01T02:00:00Z,2026-05-04T18:31:00Z,,,,,,2026-08-22T16:11:12Z,2026-08-22T16:11:12Z
MOHE-260504-3696,MHNY SWH STD Mbr Materials_a7dbdc70-3634-4388-a34f-fcee04f388ce_ru,NY Molina SWH – PDF,NY,2026-05-01 16:00:00,2026-05-05 10:16:00,Y,,,,42.26,42.26 Consecutive Business Hours,,2.7,83,78,15549,0.95,0.62,1.13,0,176611e2-9a5f-4134-810c-6c1884fbf8c1,,PDF,RUS,2026-05-01T20:00:00Z,2026-05-05T14:16:00Z,,,,,,2026-08-22T16:11:12Z,2026-08-22T16:11:12Z
MOHE-260504-3696,MHNY SWH STD Care Plan_dde352c7-cdfd-438f-baa0-ebdcdbce0bf5_ru,NY Molina SWH – PDF,NY,2026-05-01 16:00:00,2026-05-05 10:16:00,Y,,,,42.26,42.26 Consecutive Business Hours,,,,,,0,0,0,0,1586e7a2-c782-44c3-b493-f74456f2afb7,,PDF,RUS,2026-05-01T20:00:00Z,2026-05-05T14:16:00Z,,,,,,2026-08-22T16:11:12Z,2026-08-22T16:11:12Z
MOHE-260504-3696,MHNY SWH STD Care Plan_a87ff671-870d-4b9a-aee1-413e37d1485d_ru,NY Molina SWH – PDF,NY,2026-05-01 16:00:00,2026-05-05 10:16:00,Y,,,,42.26,42.26 Consecutive Business Hours,,,,,,0,0,0,0,d99af57a-3d6a-4912-8f34-160b109a0d91,,PDF,RUS,2026-05-01T20:00:00Z,2026-05-05T14:16:00Z,,,,,,2026-08-22T16:11:12Z,2026-08-22T16:11:12Z
MOHE-260504-3696,MHNY SWH STD Mbr Materials_951408ea-3f7d-41a6-b81f-0309a1a3f0b6_ru,NY Molina SWH – PDF,NY,2026-05-01 16:00:00,2026-05-04 18:07:00,Y,,,,26.1,26.10 Consecutive Business Hours,,,,,,0,0,0,0,13ec147f-2136-4c44-a2d2-7ab984a0e414,,PDF,RUS,2026-05-01T20:00:00Z,2026-05-04T22:07:00Z,,,,,,2026-08-22T16:11:12Z,2026-08-22T16:11:12Z
MOHE-260504-3696,MHNY SWH STD Mbr Materials_55dd3a92-740e-4c2a-8a88-6ab91b074309_ru,NY Molina SWH – PDF,NY,2026-05-01 16:00:00,2026-05-04 18:07:00,Y,,,,26.1,26.10 Consecutive Business Hours,,,,,,0,0,0,0,5e3a8f85-f99a-475f-8fc4-93ea3c09f3b4,,PDF,RUS,2026-05-01T20:00:00Z,2026-05-04T22:07:00Z,,,,,,2026-08-22T16:11:12Z,2026-08-22T16:11:12Z
MOHE-260504-3696,MHNY SWH STD Mbr Materials_a9f4ed8b-15ea-48a2-923c-0d7e8a930e42_ru,NY Molina SWH – PDF,NY,2026-05-01 19:01:00,2026-05-04 18:07:00,Y,,,,23.09,23.09 Consecutive Business Hours,,,,,,0,0,0,0,0c733d3f-5103-4373-96e6-20668bfb7373,,PDF,RUS,2026-05-01T23:01:00Z,2026-05-04T22:07:00Z,,,,,,2026-08-22T16:11:12Z,2026-08-22T16:11:12Z
MOHE-260504-3696,MHNY SWH STD Mbr Materials_7f3c84b1-fd0b-4013-98ed-bc4571029552_ru,NY Molina SWH – PDF,NY,2026-05-01 19:01:00,2026-05-04 18:07:00,Y,,,,23.09,23.09 Consecutive Business Hours,,,,,,0,0,0,0,7f8353b6-bdad-4bc3-9100-a588b1e62480,,PDF,RUS,2026-05-01T23:01:00Z,2026-05-04T22:07:00Z,,,,,,2026-08-22T16:11:12Z,2026-08-22T16:11:12Z
MOHE-260504-3696,MHNY SWH STD Mbr Materials_a75f00e2-76b5-4202-9b14-b6178cc37fea_ru,NY Molina SWH – PDF,NY,2026-05-01 19:01:00,2026-05-04 18:07:00,Y,,,,23.09,23.09 Consecutive Business Hours,,,,,,0,0,0,0,319e912c-3437-4f23-aff1-73fbfae5aa1b,,PDF,RUS,2026-05-01T23:01:00Z,2026-05-04T22:07:00Z,,,,,,2026-08-22T16:11:12Z,2026-08-22T16:11:12Z
MOHE-260504-3696,MHNY SWH STD Mbr Materials_3e3b83ed-e51c-45c5-9c84-0c9cebddb176_ru,NY Molina SWH – PDF,NY,2026-05-02 13:00:00,2026-05-04 18:07:00,Y,,,,10.12,10.12 Consecutive Business Hours,,,,,,0,0,0,0,eac3dc54-93b0-43fe-af11-11399ffa749b,,PDF,RUS,2026-05-02T17:00:00Z,2026-05-04T22:07:00Z,,,,,,2026-08-22T16:11:12Z,2026-08-22T16:11:12Z
MOHE-260504-3696,MHNY SWH STD Mbr Materials_6aee7346-996e-4a82-b97f-f13cb5e8f6f1_ru,NY Molina SWH – PDF,NY,2026-05-02 13:00:00,2026-05-04 18:07:00,Y,,,,10.12,10.12 Consecutive Business Hours,,,,,,0,0,0,0,f2cbc3d2-4c3e-4726-b39c-7971774d7fbb,,PDF,RUS,2026-05-02T17:00:00Z,2026-05-04T22:07:00Z,,,,,,2026-08-22T16:11:12Z,2026-08-22T16:11:12Z
MOHE-260504-3696,MHNY SWH STD Mbr Materials_70ece876-662e-49c8-98d3-25bac31c7a89_ru,NY Molina SWH – PDF,NY,2026-05-02 13:00:00,2026-05-04 18:07:00,Y,,,,10.12,10.12 Consecutive Business Hours,,,,,,0,0,0,0,7cf46f84-bcad-4693-b16d-ee66fc2057a1,,PDF,RUS,2026-05-02T17:00:00Z,2026-05-04T22:07:00Z,,,,,,2026-08-22T16:11:12Z,2026-08-22T16:11:12Z
MOHE-260504-3696,MHNY SWH STD Mbr Materials_c9a29cb6-b9ae-429d-9a2a-0e9d468111f1_ru,NY Molina SWH – PDF,NY,2026-05-02 13:00:00,2026-05-04 18:07:00,Y,,,,10.12,10.12 Consecutive Business Hours,,,,,,0,0,0,0,8904445f-b179-4af2-a9cd-c7325233de81,,PDF,RUS,2026-05-02T17:00:00Z,2026-05-04T22:07:00Z,,,,,,2026-08-22T16:11:12Z,2026-08-22T16:11:12Z
MOHE-260504-3696,MHNY SWH STD Mbr Materials_dfb92e81-86e5-46c2-bd7e-b82993ddfc25_ru,NY Molina SWH – PDF,NY,2026-05-02 13:00:00,2026-05-04 18:07:00,Y,,,,10.12,10.12 Consecutive Business Hours,,,,,,0,0,0,0,3f15a9a6-cbc5-4574-8e78-b2507bf292e0,,PDF,RUS,2026-05-02T17:00:00Z,2026-05-04T22:07:00Z,,,,,,2026-08-22T16:11:12Z,2026-08-22T16:11:12Z
MOHE-260506-3769,MHNY SWH STD Mbr Materials_bcc4bceb-4f86-454f-b812-e1a9e784dcb2_ru,NY Molina SWH – PDF,NY,2026-05-04 12:00:00,2026-05-06 12:53:00,Y,,,,48.88,48.88 Consecutive Business Hours,,1,,,2743,0.35,0.23,0.42,0,1757904e-442c-4f3f-a2ef-4f96ca3c8a47,,PDF,RUS,2026-05-04T16:00:00Z,2026-05-06T16:53:00Z,,,,,,2026-08-22T16:11:12Z,2026-08-22T16:11:12Z
MOHE-260506-3769,MHNY SWH STD Mbr Materials_97f36690-06ac-43e4-87e9-9fea22f4e77b_ru,NY Molina SWH – PDF,NY,2026-05-04 15:01:00,2026-05-06 12:53:00,Y,,,,45.88,45.88 Consecutive Business Hours,,,,,,0,0,0,0,9fdf1107-63f6-4825-8bc2-ee705deab07c,,PDF,RUS,2026-05-04T19:01:00Z,2026-05-06T16:53:00Z,,,,,,2026-08-22T16:11:12Z,2026-08-22T16:11:12Z
MOHE-260506-3769,MHNY SWH STD Mbr Materials_75d61ab0-d353-4d88-bef2-efaac11bb389_ru,NY Molina SWH – PDF,NY,2026-05-04 18:00:00,2026-05-06 12:53:00,Y,,,,42.88,42.88 Consecutive Business Hours,,,,,,0,0,0,0,32160ddf-bafa-4811-9abe-3cfb86735f08,,PDF,RUS,2026-05-04T22:00:00Z,2026-05-06T16:53:00Z,,,,,,2026-08-22T16:11:12Z,2026-08-22T16:11:12Z
MOHE-260506-3769,MHNY SWH STD Mbr Materials_aa2d1e94-8eda-426a-afa1-c376247f814a_ru,NY Molina SWH – PDF,NY,2026-05-04 18:00:00,2026-05-06 12:53:00,Y,,,,42.88,42.88 Consecutive Business Hours,,,,,,0,0,0,0,473d724e-7e68-4b7c-bf71-14a836b1ea9b,,PDF,RUS,2026-05-04T22:00:00Z,2026-05-06T16:53:00Z,,,,,,2026-08-22T16:11:12Z,2026-08-22T16:11:12Z
MOHE-260506-3769,MHNY SWH STD Mbr Materials_d01c2787-de48-4e5f-96f8-9fac38f616f3_ru,NY Molina SWH – PDF,NY,2026-05-04 18:00:00,2026-05-06 12:53:00,Y,,,,42.88,42.88 Consecutive Business Hours,,,,,,0,0,0,0,2570ac94-b968-4fc3-8251-85c276b393f2,,PDF,RUS,2026-05-04T22:00:00Z,2026-05-06T16:53:00Z,,,,,,2026-08-22T16:11:12Z,2026-08-22T16:11:12Z
MOHE-260506-3787,MHNY SWH STD Mbr Materials_13cdb060-55ab-4a46-b38d-98a1c0f5562b_ru,NY Molina SWH – PDF,NY,2026-05-05 13:00:00,2026-05-06 15:20:00,Y,,,,26.33,26.33 Consecutive Business Hours,,1.2,,,,0.42,0.28,0.5,0,a00ebeaa-6339-422e-9a64-0df7c0f4a784,,PDF,RUS,2026-05-05T17:00:00Z,2026-05-06T19:20:00Z,,,,,,2026-08-22T16:11:12Z,2026-08-22T16:11:12Z
MOHE-260506-3787,MHNY SWH STD Mbr Materials_c7e0ed3f-0650-45fb-846b-d052e471ebdf_ru,NY Molina SWH – PDF,NY,2026-05-05 13:00:00,2026-05-06 15:20:00,Y,,,,26.33,26.33 Consecutive Business Hours,,,,,,0,0,0,0,bf1cac09-1549-4b9f-8e7c-32cf1b7f8d7a,,PDF,RUS,2026-05-05T17:00:00Z,2026-05-06T19:20:00Z,,,,,,2026-08-22T16:11:12Z,2026-08-22T16:11:12Z
MOHE-260506-3787,MHNY SWH STD Mbr Materials_0fa094c4-e7d3-47ea-88f2-37be1b04636b_ru,NY Molina SWH – PDF,NY,2026-05-05 15:01:00,2026-05-06 15:20:00,Y,,,,24.33,24.33 Consecutive Business Hours,,,,,,0,0,0,0,3cc63ecb-c48c-49df-95ba-fbb52906a418,,PDF,RUS,2026-05-05T19:01:00Z,2026-05-06T19:20:00Z,,,,,,2026-08-22T16:11:12Z,2026-08-22T16:11:12Z
MOHE-260506-3787,MHNY SWH STD Mbr Materials_341b3aca-1c66-4567-bd46-47090b82b4aa_ru,NY Molina SWH – PDF,NY,2026-05-05 18:00:00,2026-05-06 15:20:00,Y,,,,21.34,21.34 Consecutive Business Hours,,,,,,0,0,0,0,ef7da0f5-8c01-4fc6-be6b-1e3289860208,,PDF,RUS,2026-05-05T22:00:00Z,2026-05-06T19:20:00Z,,,,,,2026-08-22T16:11:12Z,2026-08-22T16:11:12Z
MOHE-260506-3787,MHNY SWH STD Mbr Materials_ad7ec096-280b-42b7-b13e-82f7a2951db9_ru,NY Molina SWH – PDF,NY,2026-05-05 18:00:00,2026-05-06 15:20:00,Y,,,,21.34,21.34 Consecutive Business Hours,,,,,,0,0,0,0,28340032-6f62-4d1b-8473-2fbba92da132,,PDF,RUS,2026-05-05T22:00:00Z,2026-05-06T19:20:00Z,,,,,,2026-08-22T16:11:12Z,2026-08-22T16:11:12Z
MOHE-260506-3787,MHNY SWH STD Mbr Materials_a9ea2672-94c2-4ba1-a06d-35149262b87b_ru,NY Molina SWH – PDF,NY,2026-05-05 18:00:00,2026-05-06 15:20:00,Y,,,,21.34,21.34 Consecutive Business Hours,,,,,,0,0,0,0,d22680ae-10b6-474f-9f30-8c46b1ffc45a,,PDF,RUS,2026-05-05T22:00:00Z,2026-05-06T19:20:00Z,,,,,,2026-08-22T16:11:12Z,2026-08-22T16:11:12Z
MOHE-260507-3822,MHNY SWH STD Mbr Materials_f944b03c-858c-4281-83bd-350b6c54c855_ru,NY Molina SWH – PDF,NY,2026-05-06 15:00:00,2026-05-07 16:47:00,Y,,,,25.78,25.78 Consecutive Business Hours,,1.25,17,98,3376,0.44,0.29,0.53,0,955a2e60-7cae-4b24-b2ba-111804fb6b7e,,PDF,RUS,2026-05-06T19:00:00Z,2026-05-07T20:47:00Z,,,,,,2026-08-22T16:11:12Z,2026-08-22T16:11:12Z
MOHE-260507-3822,MHNY SWH STD Care Plan_8cd18326-74ab-4a9c-ad2c-3590d3be8aea_ru,NY Molina SWH – PDF,NY,2026-05-06 18:00:00,2026-05-07 16:47:00,Y,,,,22.79,22.79 Consecutive Business Hours,,,,,,0,0,0,0,2067b348-feb1-4a21-b38a-df28ec13b147,,PDF,RUS,2026-05-06T22:00:00Z,2026-05-07T20:47:00Z,,,,,,2026-08-22T16:11:12Z,2026-08-22T16:11:12Z
MOHE-260507-3822,MHNY SWH STD Mbr Materials_002fd76d-97cc-4f4e-a8c6-5baace30adc5_ru,NY Molina SWH – PDF,NY,2026-05-06 18:00:00,2026-05-07 16:47:00,Y,,,,22.79,22.79 Consecutive Business Hours,,,,,,0,0,0,0,9bc6d860-d5d4-4349-9ab3-11cb79c21c0e,,PDF,RUS,2026-05-06T22:00:00Z,2026-05-07T20:47:00Z,,,,,,2026-08-22T16:11:12Z,2026-08-22T16:11:12Z
MOHE-260508-3857,MHNY SWH STD Mbr Materials_482398f3-0931-4947-960e-17c80406231b_ru,NY Molina SWH – PDF,NY,2026-05-07 18:00:00,2026-05-08 16:32:00,Y,,,,22.52,22.52 Consecutive Business Hours,,0.2,0,0,587,0.07,0.05,0.08,0,b91521de-6f52-4db0-bc11-7df8223104ce,,PDF,RUS,2026-05-07T22:00:00Z,2026-05-08T20:32:00Z,,,,,,2026-08-22T16:11:12Z,2026-08-22T16:11:12Z
MOHE-260511-3945,MHNY SWH STD Care Plan_1f5b86fb-85a4-4e27-8bbb-e09aead2e26a_ru,NY Molina SWH – PDF,NY,2026-05-08 15:00:00,2026-05-12 15:27:00,Y,,,,48.44,48.44 Consecutive Business Hours,,1.55,152,214,8110,0.54,0.36,0.65,0,09391ea3-d5d7-428d-b097-100c5b740e9a,,PDF,RUS,2026-05-08T19:00:00Z,2026-05-12T19:27:00Z,,,,,,2026-08-22T16:11:12Z,2026-08-22T16:11:12Z
MOHE-260511-3945,MHNY SWH STD Mbr Materials_eaf81c1c-80c4-4315-9d6f-6c497907e2fc_ru,NY Molina SWH – PDF,NY,2026-05-08 15:01:00,2026-05-12 15:27:00,Y,,,,48.44,48.44 Consecutive Business Hours,,,,,,0,0,0,0,cac2c3b1-43a6-4a7f-abd5-a8c322dffc20,,PDF,RUS,2026-05-08T19:01:00Z,2026-05-12T19:27:00Z,,,,,,2026-08-22T16:11:12Z,2026-08-22T16:11:12Z
MOHE-260511-3945,MHNY SWH STD Mbr Materials_7ea4095a-6ff6-4928-89f8-a39cf65956aa_ru,NY Molina SWH – PDF,NY,2026-05-08 15:01:00,2026-05-12 15:27:00,Y,,,,48.44,48.44 Consecutive Business Hours,,,,,,0,0,0,0,42d4efff-d8fa-41a2-8da7-70408b755a14,,PDF,RUS,2026-05-08T19:01:00Z,2026-05-12T19:27:00Z,,,,,,2026-08-22T16:11:12Z,2026-08-22T16:11:12Z
MOHE-260511-3945,MHNY SWH STD Mbr Materials_40fdbd08-7d89-40ea-9cbc-60e3f0fedd5c_ru,NY Molina SWH – PDF,NY,2026-05-08 18:00:00,2026-05-12 15:27:00,Y,,,,45.45,45.45 Consecutive Business Hours,,,,,,0,0,0,0,3c278aa7-33b1-411f-9ada-71d7899d28a4,,PDF,RUS,2026-05-08T22:00:00Z,2026-05-12T19:27:00Z,,,,,,2026-08-22T16:11:12Z,2026-08-22T16:11:12Z
MOHE-260511-3945,MHNY SWH STD Mbr Materials_62a5490d-dd53-40ba-be17-6df035fc8bd7_ru,NY Molina SWH – PDF,NY,2026-05-08 18:00:00,2026-05-12 15:27:00,Y,,,,45.45,45.45 Consecutive Business Hours,,,,,,0,0,0,0,f2dcdec8-8acd-4a97-b1fe-5bd3d1e6f867,,PDF,RUS,2026-05-08T22:00:00Z,2026-05-12T19:27:00Z,,,,,,2026-08-22T16:11:12Z,2026-08-22T16:11:12Z
MOHE-260512-3995,MHNY SWH STD Mbr Materials_50a39b10-783c-461f-8aab-650bb394f853_ru,NY Molina SWH – PDF,NY,2026-05-11 12:03:00,2026-05-12 16:20:00,Y,,,,28.29,28.29 Consecutive Business Hours,,0.8,0,0,2216,0.28,0.18,0.34,0,91f2abd1-38cf-48a2-8262-7817424012af,,PDF,RUS,2026-05-11T16:03:00Z,2026-05-12T20:20:00Z,,,,,,2026-08-22T16:11:12Z,2026-08-22T16:11:12Z
MOHE-260512-3995,MHNY SWH STD Mbr Materials_fb2cb5cc-a8cd-441e-af29-be813daef767_ru,NY Molina SWH – PDF,NY,2026-05-11 18:00:00,2026-05-12 16:20:00,Y,,,,22.34,22.34 Consecutive Business Hours,,,,,,0,0,0,0,17febd36-8236-489f-9667-0056753b1f6d,,PDF,RUS,2026-05-11T22:00:00Z,2026-05-12T20:20:00Z,,,,,,2026-08-22T16:11:12Z,2026-08-22T16:11:12Z
MOHE-260512-3995,MHNY SWH STD Advance Directive_45baaa84-3688-48c3-9879-aacb7946662f_ru,NY Molina SWH – PDF,NY,2026-05-11 18:00:00,2026-05-12 16:20:00,Y,,,,22.34,22.34 Consecutive Business Hours,,,,,,0,0,0,0,bb2cd1df-b2be-4556-a106-c1eac920e90e,,PDF,RUS,2026-05-11T22:00:00Z,2026-05-12T20:20:00Z,,,,,,2026-08-22T16:11:12Z,2026-08-22T16:11:12Z
MOHE-260512-3995,MHNY SWH STD Mbr Materials_bff45d8b-9ffe-48ed-b966-ec93b74281ef_ru,NY Molina SWH – PDF,NY,2026-05-11 18:00:00,2026-05-12 16:20:00,Y,,,,22.34,22.34 Consecutive Business Hours,,,,,,0,0,0,0,e72799f2-7a46-4920-aca7-e8219af49707,,PDF,RUS,2026-05-11T22:00:00Z,2026-05-12T20:20:00Z,,,,,,2026-08-22T16:11:12Z,2026-08-22T16:11:12Z
MOHE-260512-3990,MHNY SWH STD Care Plan_2dfd7be0-c5f6-4379-9e42-2a2bed4c802f_ru,NY Molina SWH – PDF,NY,2026-05-11 13:01:00,2026-05-13 14:27:00,Y,,,,49.43,49.43 Consecutive Business Hours,,2.15,450,193,,0.75,0.49,0.9,0,1078c7da-fd12-4b45-9f64-67ed0ebacafc,,PDF,RUS,2026-05-11T17:01:00Z,2026-05-13T18:27:00Z,,,,,,2026-08-22T16:11:12Z,2026-08-22T16:11:12Z
MOHE-260512-3990,MHNY SWH STD Mbr Materials_22c4e6e2-354b-4d2a-a4c0-ac5247da29be_ru,NY Molina SWH – PDF,NY,2026-05-11 13:01:00,2026-05-13 14:27:00,Y,,,,49.43,49.43 Consecutive Business Hours,,,,,,0,0,0,0,3cbc9cf9-5203-4a76-befa-2d344b309e52,,PDF,RUS,2026-05-11T17:01:00Z,2026-05-13T18:27:00Z,,,,,,2026-08-22T16:11:12Z,2026-08-22T16:11:12Z
MOHE-260512-3990,MHNY SWH STD Mbr Materials_1f0ac89a-7276-4beb-a32b-8fecffcc3b37_ru,NY Molina SWH – PDF,NY,2026-05-11 13:01:00,2026-05-13 14:27:00,Y,,,,49.43,49.43 Consecutive Business Hours,,,,,,0,0,0,0,a0076567-ce12-4315-b572-2835831f9409,,PDF,RUS,2026-05-11T17:01:00Z,2026-05-13T18:27:00Z,,,,,,2026-08-22T16:11:12Z,2026-08-22T16:11:12Z
MOHE-260512-3990,MHNY SWH STD Care Plan_1888d314-81a8-4e31-a563-ca4809e5625c_ru,NY Molina SWH – PDF,NY,2026-05-11 18:00:00,2026-05-13 14:27:00,Y,,,,44.44,44.44 Consecutive Business Hours,,,,,,0,0,0,0,ca1b0edb-ea93-4966-9548-eadca1a14cfb,,PDF,RUS,2026-05-11T22:00:00Z,2026-05-13T18:27:00Z,,,,,,2026-08-22T16:11:12Z,2026-08-22T16:11:12Z
MOHE-260513-4014,MHNY SWH STD Advance Directive_c933d2fb-a3a8-4ca5-8eac-78f2089b1743_ru,NY Molina SWH – PDF,NY,2026-05-12 16:00:00,2026-05-13 15:26:00,Y,,,,23.43,23.43 Consecutive Business Hours,,2.15,,85,6122,0.75,0.49,0.9,0,8f7c50ed-47bf-4a6f-99f2-9aebc29f0359,,PDF,RUS,2026-05-12T20:00:00Z,2026-05-13T19:26:00Z,,,,,,2026-08-22T16:11:12Z,2026-08-22T16:11:12Z
MOHE-260513-4014,MHNY SWH STD Care Plan_b1dc4616-271d-4466-b1a4-050b72f926d7_ru,NY Molina SWH – PDF,NY,2026-05-12 16:00:00,2026-05-13 15:26:00,Y,,,,23.43,23.43 Consecutive Business Hours,,,,,,0,0,0,0,22d909ea-ec1c-4ea2-865d-5edb7d6c725b,,PDF,RUS,2026-05-12T20:00:00Z,2026-05-13T19:26:00Z,,,,,,2026-08-22T16:11:12Z,2026-08-22T16:11:12Z
MOHE-260513-4014,MHNY SWH STD Mbr Materials_0a143daa-ac4d-4655-97b7-8bcaa5a61dfd_ru,NY Molina SWH – PDF,NY,2026-05-12 16:00:00,2026-05-13 15:26:00,Y,,,,23.43,23.43 Consecutive Business Hours,,,,,,0,0,0,0,4ec0d377-8fa5-46dd-94e2-058e8d4c0c7c,,PDF,RUS,2026-05-12T20:00:00Z,2026-05-13T19:26:00Z,,,,,,2026-08-22T16:11:12Z,2026-08-22T16:11:12Z
MOHE-260513-4014,MHNY SWH STD Mbr Materials_356d9fb8-cd5c-4add-bc37-12e96c47af18_ru,NY Molina SWH – PDF,NY,2026-05-12 16:00:00,2026-05-13 15:26:00,Y,,,,23.43,23.43 Consecutive Business Hours,,,,,,0,0,0,0,f6e79328-8616-49d8-a822-e384019fc031,,PDF,RUS,2026-05-12T20:00:00Z,2026-05-13T19:26:00Z,,,,,,2026-08-22T16:11:12Z,2026-08-22T16:11:12Z
MOHE-260513-4014,MHNY SWH STD Mbr Materials_8f103067-4284-45ef-b440-3d0ed5819701_ru,NY Molina SWH – PDF,NY,2026-05-12 16:00:00,2026-05-13 15:26:00,Y,,,,23.43,23.43 Consecutive Business Hours,,,,,,0,0,0,0,38f80ee6-1213-4df3-aee8-f8cf94161c4f,,PDF,RUS,2026-05-12T20:00:00Z,2026-05-13T19:26:00Z,,,,,,2026-08-22T16:11:12Z,2026-08-22T16:11:12Z
MOHE-260513-4014,MHNY SWH STD Mbr Materials_3dbebcdd-e9b6-44cc-a385-579d60169d36_ru,NY Molina SWH – PDF,NY,2026-05-12 16:00:00,2026-05-13 15:26:00,Y,,,,23.43,23.43 Consecutive Business Hours,,,,,,0,0,0,0,5ec7e57c-9c70-4b53-b9c7-718d3032ee6f,,PDF,RUS,2026-05-12T20:00:00Z,2026-05-13T19:26:00Z,,,,,,2026-08-22T16:11:12Z,2026-08-22T16:11:12Z
MOHE-260513-4014,MHNY SWH STD Mbr Materials_335028f1-f3a5-4c62-a33e-7e52d4e8ebe2_ru,NY Molina SWH – PDF,NY,2026-05-12 16:00:00,2026-05-13 15:26:00,Y,,,,23.43,23.43 Consecutive Business Hours,,,,,,0,0,0,0,1e4d92de-1a3c-447c-9b6c-9d301f71c6a6,,PDF,RUS,2026-05-12T20:00:00Z,2026-05-13T19:26:00Z,,,,,,2026-08-22T16:11:12Z,2026-08-22T16:11:12Z
MOHE-260513-4014,MHNY SWH STD Mbr Materials_077c50d8-18a8-4d20-84cf-2830d233684b_ru,NY Molina SWH – PDF,NY,2026-05-12 18:00:00,2026-05-13 15:26:00,Y,,,,21.43,21.43 Consecutive Business Hours,,,,,,0,0,0,0,a8e614cb-414d-416f-9b43-012967442517,,PDF,RUS,2026-05-12T22:00:00Z,2026-05-13T19:26:00Z,,,,,,2026-08-22T16:11:12Z,2026-08-22T16:11:12Z
MOHE-260513-4025,MHNY SWH STD Mbr Materials_e6d17494-7b2b-486e-af74-83a0d478f60c_ru,NY Molina SWH – PDF,NY,2026-05-12 18:00:00,2026-05-13 14:51:00,Y,,,,20.86,20.86 Consecutive Business Hours,,0.6,0,0,1635,0.21,0.14,0.25,0,64772fb1-ff92-4dae-bfb0-e329ebd433d4,,PDF,RUS,2026-05-12T22:00:00Z,2026-05-13T18:51:00Z,,,,,,2026-08-22T16:11:12Z,2026-08-22T16:11:12Z
MOHE-260513-4025,MHNY SWH STD Mbr Materials_371a3a5c-716a-4908-92cd-3db64828beaa_ru,NY Molina SWH – PDF,NY,2026-05-12 18:00:00,2026-05-13 14:51:00,Y,,,,20.86,20.86 Consecutive Business Hours,,,,,,0,0,0,0,aef2c983-9558-45fc-8e70-02e2e71b7a9f,,PDF,RUS,2026-05-12T22:00:00Z,2026-05-13T18:51:00Z,,,,,,2026-08-22T16:11:12Z,2026-08-22T16:11:12Z
MOHE-260513-4025,MHNY SWH STD Mbr Materials_188cd670-e3f9-4fda-af93-b5033deca53f_ru,NY Molina SWH – PDF,NY,2026-05-12 21:00:00,2026-05-13 14:51:00,Y,,,,6.87,6.87 Consecutive Business Hours,,,,,,0,0,0,0,d4c779a2-a1ab-4e00-b3bb-2a70e4beea90,,PDF,RUS,2026-05-13T01:00:00Z,2026-05-13T18:51:00Z,,,,,,2026-08-22T16:11:12Z,2026-08-22T16:11:12Z
MOHE-260513-4014,MHNY SWH STD Mbr Materials_78d3a36e-4d5a-47a5-84b2-52bbb71334d7_ru,NY Molina SWH – PDF,NY,2026-05-12 18:00:00,2026-05-14 17:55:00,Y,,,,47.92,47.92 Consecutive Business Hours,,0.8,,,2152,0.28,0.18,0.34,0,ee7c025c-1b0d-4702-abbb-d0658491ebf7,,PDF,RUS,2026-05-12T22:00:00Z,2026-05-14T21:55:00Z,,,,,,2026-08-22T16:11:12Z,2026-08-22T16:11:12Z
MOHE-260513-4014,MHNY SWH STD Mbr Materials_7cc8d154-6ea3-4c05-b52d-43d51c8df0cd_ru,NY Molina SWH – PDF,NY,2026-05-12 18:00:00,2026-05-14 17:55:00,Y,,,,47.92,47.92 Consecutive Business Hours,,,,,,0,0,0,0,691d1ea1-80c1-48e5-b791-ef31cbe9a3fe,,PDF,RUS,2026-05-12T22:00:00Z,2026-05-14T21:55:00Z,,,,,,2026-08-22T16:11:12Z,2026-08-22T16:11:12Z
MOHE-260513-4014,MHNY SWH STD Mbr Materials_96d033be-3d7b-438d-ae6f-336630b8ded9_ru,NY Molina SWH – PDF,NY,2026-05-13 00:00:00,2026-05-14 17:55:00,Y,,,,33.93,33.93 Consecutive Business Hours,,,,,,0,0,0,0,acf0451a-0865-4c67-a2b8-c61613aa5767,,PDF,RUS,2026-05-13T04:00:00Z,2026-05-14T21:55:00Z,,,,,,2026-08-22T16:11:12Z,2026-08-22T16:11:12Z
MOHE-260513-4014,MHNY SWH STD Advance Directive_1b0ec28f-3614-4223-a633-47f9166b045e_ru,NY Molina SWH – PDF,NY,2026-05-13 00:00:00,2026-05-14 17:55:00,Y,,,,33.93,33.93 Consecutive Business Hours,,,,,,0,0,0,0,dccb278f-9450-4b1b-8b9f-60ad81621b0f,,PDF,RUS,2026-05-13T04:00:00Z,2026-05-14T21:55:00Z,,,,,,2026-08-22T16:11:12Z,2026-08-22T16:11:12Z
MOHE-260514-4064,MHNY SWH STD Mbr Materials_01fe763d-b6c5-4ba4-ae93-4de73223585c_ru,NY Molina SWH – PDF,NY,2026-05-13 15:00:00,2026-05-14 17:40:00,Y,,,,26.66,26.66 Consecutive Business Hours,,1.8,,,5092,0.63,0.41,0.76,0,b10880a0-5ce0-47e3-ada5-26714ac71727,,PDF,RUS,2026-05-13T19:00:00Z,2026-05-14T21:40:00Z,,,,,,2026-08-22T16:11:12Z,2026-08-22T16:11:12Z
MOHE-260514-4064,MHNY SWH STD Mbr Materials_ce85e59e-72b5-4a69-a024-0309beb0c57d_ru,NY Molina SWH – PDF,NY,2026-05-13 15:00:00,2026-05-14 17:40:00,Y,,,,26.66,26.66 Consecutive Business Hours,,,,,,0,0,0,0,531693db-6bef-4d79-942e-09ca93cb4fe0,,PDF,RUS,2026-05-13T19:00:00Z,2026-05-14T21:40:00Z,,,,,,2026-08-22T16:11:12Z,2026-08-22T16:11:12Z
MOHE-260514-4064,MHNY SWH STD Mbr Materials_3623f3f5-9ee3-4a73-a52f-c33d6a4427d4_ru,NY Molina SWH – PDF,NY,2026-05-13 15:00:00,2026-05-14 17:40:00,Y,,,,26.66,26.66 Consecutive Business Hours,,,,,,0,0,0,0,08d97e5d-b41a-469c-8ee1-9f78225b841f,,PDF,RUS,2026-05-13T19:00:00Z,2026-05-14T21:40:00Z,,,,,,2026-08-22T16:11:12Z,2026-08-22T16:11:12Z
MOHE-260514-4064,MHNY SWH STD Mbr Materials_5221381a-b923-449d-bfc0-1d72568831f8_ru,NY Molina SWH – PDF,NY,2026-05-13 18:00:00,2026-05-14 17:40:00,Y,,,,23.66,23.66 Consecutive Business Hours,,,,,,0,0,0,0,dfd28836-aace-4277-a9d7-c51dee5ea6c8,,PDF,RUS,2026-05-13T22:00:00Z,2026-05-14T21:40:00Z,,,,,,2026-08-22T16:11:12Z,2026-08-22T16:11:12Z
MOHE-260514-4064,MHNY SWH STD Mbr Materials_2bd33ad4-a835-4def-9266-8c519b86c142_ru,NY Molina SWH – PDF,NY,2026-05-13 18:00:00,2026-05-14 17:40:00,Y,,,,23.66,23.66 Consecutive Business Hours,,,,,,0,0,0,0,d289bb07-388f-4b21-8f98-4df6886008b5,,PDF,RUS,2026-05-13T22:00:00Z,2026-05-14T21:40:00Z,,,,,,2026-08-22T16:11:12Z,2026-08-22T16:11:12Z
MOHE-260514-4064,MHNY SWH STD Mbr Materials_f6f94dac-10a0-4762-b0df-ead82e561618_ru,NY Molina SWH – PDF,NY,2026-05-13 18:00:00,2026-05-14 17:40:00,Y,,,,23.66,23.66 Consecutive Business Hours,,,,,,0,0,0,0,0f619f73-134e-4fa9-8e68-ad16d2b85a93,,PDF,RUS,2026-05-13T22:00:00Z,2026-05-14T21:40:00Z,,,,,,2026-08-22T16:11:12Z,2026-08-22T16:11:12Z
MOHE-260514-4064,MHNY SWH STD Advance Directive_700f4ca7-35ba-484f-92fc-3e7d0930d5f9_ru,NY Molina SWH – PDF,NY,2026-05-14 03:00:00,2026-05-14 17:40:00,Y,,,,9.67,9.67 Consecutive Business Hours,,,,,,0,0,0,0,41a94964-117c-4e02-81a7-f141d3551f0d,,PDF,RUS,2026-05-14T07:00:00Z,2026-05-14T21:40:00Z,,,,,,2026-08-22T16:11:12Z,2026-08-22T16:11:12Z
MOHE-260514-4064,MHNY SWH STD Mbr Materials_65028637-96b4-447c-bf3b-30e5dae6f87b_ru,NY Molina SWH – PDF,NY,2026-05-14 03:00:00,2026-05-14 17:40:00,Y,,,,9.67,9.67 Consecutive Business Hours,,,,,,0,0,0,0,960b0020-61b2-46aa-8caf-e7ce2aa2c482,,PDF,RUS,2026-05-14T07:00:00Z,2026-05-14T21:40:00Z,,,,,,2026-08-22T16:11:12Z,2026-08-22T16:11:12Z
MOHE-260514-4064,MHNY SWH STD Advance Directive_290e9792-ed9e-4e85-976b-7f8201af65f2_ru,NY Molina SWH – PDF,NY,2026-05-14 03:00:00,2026-05-14 17:40:00,Y,,,,9.67,9.67 Consecutive Business Hours,,,,,,0,0,0,0,f1749f8f-5b96-4786-9def-1ee35af1265a,,PDF,RUS,2026-05-14T07:00:00Z,2026-05-14T21:40:00Z,,,,,,2026-08-22T16:11:12Z,2026-08-22T16:11:12Z
MOHE-260515-4123,MHNY SWH STD UTC_0c0b92a4-030c-411f-8950-f4c846b99f5b_ru,NY Molina SWH – PDF,NY,2026-05-14 15:01:00,2026-05-15 19:24:00,Y,,,,28.38,28.38 Consecutive Business Hours,,0.6,,,1899,0.21,0.14,0.25,0,7def97f2-ee56-42fd-bf58-296b9865d4d1,,PDF,RUS,2026-05-14T19:01:00Z,2026-05-15T23:24:00Z,,,,,,2026-08-22T16:11:12Z,2026-08-22T16:11:12Z
MOHE-260515-4123,MHNY SWH STD Mbr Materials_a673383a-3ef6-4717-a0d2-e5f12ab838a5_ru,NY Molina SWH – PDF,NY,2026-05-14 15:01:00,2026-05-15 19:24:00,Y,,,,28.38,28.38 Consecutive Business Hours,,,,,,0,0,0,0,a4e72dac-8a9c-46b2-b1d3-acc1c9b39587,,PDF,RUS,2026-05-14T19:01:00Z,2026-05-15T23:24:00Z,,,,,,2026-08-22T16:11:12Z,2026-08-22T16:11:12Z
MOHE-260515-4123,MHNY SWH STD Mbr Materials_aa255a45-67cd-4ecc-b232-7cfe82079e8c_ru,NY Molina SWH – PDF,NY,2026-05-14 21:00:00,2026-05-15 19:24:00,Y,,,,11.4,11.40 Consecutive Business Hours,,,,,,0,0,0,0,0affaf6a-b937-4bd6-af5d-50a2af53be1f,,PDF,RUS,2026-05-15T01:00:00Z,2026-05-15T23:24:00Z,,,,,,2026-08-22T16:11:12Z,2026-08-22T16:11:12Z
MOHE-260518-4187,MHNY SWH STD Mbr Materials_c0d75c03-c620-4aef-98cd-17ce921c0119_ru,NY Molina SWH – PDF,NY,2026-05-15 15:00:00,2026-05-19 15:39:00,Y,,,,48.64,48.64 Consecutive Business Hours,,1.4,,,,0.49,0.32,0.59,0,11450698-180b-4b0f-901b-68079485decf,,PDF,RUS,2026-05-15T19:00:00Z,2026-05-19T19:39:00Z,,,,,,2026-08-22T16:11:12Z,2026-08-22T16:11:12Z
MOHE-260518-4187,MHNY SWH STD Mbr Materials_ff7f82a0-5c77-468c-833d-39294fb4ab9a_ru,NY Molina SWH – PDF,NY,2026-05-15 15:00:00,2026-05-19 15:39:00,Y,,,,48.64,48.64 Consecutive Business Hours,,,,,,0,0,0,0,69f0332a-9168-4558-bad6-183a376840c3,,PDF,RUS,2026-05-15T19:00:00Z,2026-05-19T19:39:00Z,,,,,,2026-08-22T16:11:12Z,2026-08-22T16:11:12Z
MOHE-260518-4187,MHNY SWH STD Mbr Materials_6eae8bb3-b2d6-457d-b18c-67ee95d36e0a_ru,NY Molina SWH – PDF,NY,2026-05-15 18:00:00,2026-05-19 15:39:00,Y,,,,45.64,45.64 Consecutive Business Hours,,,,,,0,0,0,0,93425d55-bdf4-4057-90b0-9778be01011e,,PDF,RUS,2026-05-15T22:00:00Z,2026-05-19T19:39:00Z,,,,,,2026-08-22T16:11:12Z,2026-08-22T16:11:12Z
MOHE-260518-4187,MHNY SWH STD Mbr Materials_4dc91a82-9a2d-4ed6-886a-7eacf46c24b6_ru,NY Molina SWH – PDF,NY,2026-05-15 18:00:00,2026-05-19 15:39:00,Y,,,,45.64,45.64 Consecutive Business Hours,,,,,,0,0,0,0,de0c6fe8-8852-48d5-a946-95ee1b693122,,PDF,RUS,2026-05-15T22:00:00Z,2026-05-19T19:39:00Z,,,,,,2026-08-22T16:11:12Z,2026-08-22T16:11:12Z
MOHE-260518-4187,MHNY SWH STD Mbr Materials_9bc92261-cbc8-43cf-a9d4-379b69a7d0a0_ru,NY Molina SWH – PDF,NY,2026-05-15 18:00:00,2026-05-19 15:39:00,Y,,,,45.64,45.64 Consecutive Business Hours,,,,,,0,0,0,0,daa8ddc4-7cb9-4a52-b358-74560971aa1f,,PDF,RUS,2026-05-15T22:00:00Z,2026-05-19T19:39:00Z,,,,,,2026-08-22T16:11:12Z,2026-08-22T16:11:12Z
MOHE-260518-4187,MHNY SWH STD Mbr Materials_57f1818d-ca1f-4a39-b84b-e2dae4b28bb9_ru,NY Molina SWH – PDF,NY,2026-05-15 21:01:00,2026-05-19 15:39:00,Y,,,,31.65,31.65 Consecutive Business Hours,,,,,,0,0,0,0,eb1418fc-a832-463b-8456-38241c9f1483,,PDF,RUS,2026-05-16T01:01:00Z,2026-05-19T19:39:00Z,,,,,,2026-08-22T16:11:12Z,2026-08-22T16:11:12Z
MOHE-260518-4187,MHNY SWH STD Mbr Materials_4175baf5-1ae3-43a2-8e8a-06d422fc763f_ru,NY Molina SWH – PDF,NY,2026-05-15 21:01:00,2026-05-19 15:39:00,Y,,,,31.65,31.65 Consecutive Business Hours,,,,,,0,0,0,0,5cca38af-60b9-4c97-93bb-307cfaedb389,,PDF,RUS,2026-05-16T01:01:00Z,2026-05-19T19:39:00Z,,,,,,2026-08-22T16:11:12Z,2026-08-22T16:11:12Z
MOHE-260519-4234,MHNY SWH STD Advance Directive_6d33ea3e-b63e-4532-b123-2f7613859d5d_ru,NY Molina SWH – PDF,NY,2026-05-18 15:00:00,2026-05-19 16:07:00,Y,,,,25.1,25.10 Consecutive Business Hours,,1.4,,,,0.49,0.32,0.59,0,03b90430-85b2-4592-946f-9d041cd8519a,,PDF,RUS,2026-05-18T19:00:00Z,2026-05-19T20:07:00Z,,,,,,2026-08-22T16:11:12Z,2026-08-22T16:11:12Z
MOHE-260519-4234,MHNY SWH STD Mbr Materials_043d2b23-edb7-4579-a8bc-54c24fe5f78c_ru,NY Molina SWH – PDF,NY,2026-05-18 15:00:00,2026-05-19 16:07:00,Y,,,,25.1,25.10 Consecutive Business Hours,,,,,,0,0,0,0,c1b416bd-7890-4532-9474-ea539b9eef37,,PDF,RUS,2026-05-18T19:00:00Z,2026-05-19T20:07:00Z,,,,,,2026-08-22T16:11:12Z,2026-08-22T16:11:12Z
MOHE-260519-4234,MHNY SWH STD Mbr Materials_cc9aed0c-c5fa-476e-a63b-2b3013731d0b_ru,NY Molina SWH – PDF,NY,2026-05-18 15:01:00,2026-05-19 16:07:00,Y,,,,25.1,25.10 Consecutive Business Hours,,,,,,0,0,0,0,be8afa82-1cbc-4ae0-936f-21ef8c91eb6e,,PDF,RUS,2026-05-18T19:01:00Z,2026-05-19T20:07:00Z,,,,,,2026-08-22T16:11:12Z,2026-08-22T16:11:12Z
MOHE-260519-4234,MHNY SWH STD Mbr Materials_fdfb491d-0bad-473d-a17a-db2b4269531b_ru,NY Molina SWH – PDF,NY,2026-05-18 15:01:00,2026-05-19 16:07:00,Y,,,,25.1,25.10 Consecutive Business Hours,,,,,,0,0,0,0,118443eb-2008-4d50-86fa-79a6b6c2f77f,,PDF,RUS,2026-05-18T19:01:00Z,2026-05-19T20:07:00Z,,,,,,2026-08-22T16:11:12Z,2026-08-22T16:11:12Z
MOHE-260519-4234,MHNY SWH STD Mbr Materials_4fe14fb2-5539-4e59-8251-629fc9f36847_ru,NY Molina SWH – PDF,NY,2026-05-18 18:00:00,2026-05-19 16:07:00,Y,,,,22.11,22.11 Consecutive Business Hours,,,,,,0,0,0,0,5b0d2348-2846-4b02-815c-68b915d6b971,,PDF,RUS,2026-05-18T22:00:00Z,2026-05-19T20:07:00Z,,,,,,2026-08-22T16:11:12Z,2026-08-22T16:11:12Z
MOHE-260519-4234,MHNY SWH STD Mbr Materials_b2e431ab-97f8-4962-8571-7aa91c8e3002_ru,NY Molina SWH – PDF,NY,2026-05-18 18:00:00,2026-05-19 16:07:00,Y,,,,22.11,22.11 Consecutive Business Hours,,,,,,0,0,0,0,06c80ca4-8cb5-4464-8ffe-7a442383e0dc,,PDF,RUS,2026-05-18T22:00:00Z,2026-05-19T20:07:00Z,,,,,,2026-08-22T16:11:12Z,2026-08-22T16:11:12Z
MOHE-260519-4234,MHNY SWH STD Mbr Materials_b727d424-8158-45b5-80e4-b758ef4d9f87_ru,NY Molina SWH – PDF,NY,2026-05-18 18:00:00,2026-05-19 16:07:00,Y,,,,22.11,22.11 Consecutive Business Hours,,,,,,0,0,0,0,878aad18-2858-4446-8a29-dbf67c32672e,1,PDF,RUS,2026-05-18T22:00:00Z,2026-05-19T20:07:00Z,,,,,,2026-08-22T16:11:12Z,2026-08-22T16:11:12Z
MOHE-260520-4268,MHNY SWH STD Mbr Materials_af692290-cfac-4626-99c3-086125ea27bc_ru,NY Molina SWH – PDF,NY,2026-05-19 15:00:00,2026-05-20 16:23:00,Y,,,,25.38,25.38 Consecutive Business Hours,,2.8,62,61,7540,0.98,0.64,1.18,0,2076fd21-aede-4cc2-86c7-adcfcb941633,1,PDF,RUS,2026-05-19T19:00:00Z,2026-05-20T20:23:00Z,,,,,,2026-08-22T16:11:12Z,2026-08-22T16:11:12Z
MOHE-260520-4268,MHNY SWH STD Mbr Materials_0fc0b2f0-4fcd-4f6b-895c-08f10787802b_ru,NY Molina SWH – PDF,NY,2026-05-19 15:00:00,2026-05-20 16:23:00,Y,,,,25.38,25.38 Consecutive Business Hours,,,,,,0,0,0,0,fe19d94b-31d9-4764-b5da-91e2c0ecdae4,1,PDF,RUS,2026-05-19T19:00:00Z,2026-05-20T20:23:00Z,,,,,,2026-08-22T16:11:12Z,2026-08-22T16:11:12Z
MOHE-260520-4268,MHNY SWH STD Mbr Materials_43b4fdf8-42a7-4876-a5a6-ddfbfdcb5ddd_ru,NY Molina SWH – PDF,NY,2026-05-19 15:00:00,2026-05-20 16:23:00,Y,,,,25.38,25.38 Consecutive Business Hours,,,,,,0,0,0,0,bc2700d5-249b-40be-bcd7-e34271c54a30,1,PDF,RUS,2026-05-19T19:00:00Z,2026-05-20T20:23:00Z,,,,,,2026-08-22T16:11:12Z,2026-08-22T16:11:12Z
MOHE-260520-4268,MHNY SWH STD Mbr Materials_e14f0468-e2f0-4a67-b1d6-a3b12c75ae60_ru,NY Molina SWH – PDF,NY,2026-05-19 15:00:00,2026-05-20 16:23:00,Y,,,,25.38,25.38 Consecutive Business Hours,,,,,,0,0,0,0,45564269-ac81-48a6-a8c3-8fb2e00501a9,,PDF,RUS,2026-05-19T19:00:00Z,2026-05-20T20:23:00Z,,,,,,2026-08-22T16:11:12Z,2026-08-22T16:11:12Z
MOHE-260520-4268,MHNY SWH STD Mbr Materials_6fc5290b-0926-4ba6-a617-db313329bd75_ru,NY Molina SWH – PDF,NY,2026-05-19 15:00:00,2026-05-20 16:23:00,Y,,,,25.38,25.38 Consecutive Business Hours,,,,,,0,0,0,0,a3a8dc3d-2f54-44ff-bc77-2c7586c3f938,1,PDF,RUS,2026-05-19T19:00:00Z,2026-05-20T20:23:00Z,,,,,,2026-08-22T16:11:12Z,2026-08-22T16:11:12Z
MOHE-260520-4268,MHNY SWH STD Mbr Materials_81eb6403-1916-47f4-8cc8-f9afe8c59ac0_ru,NY Molina SWH – PDF,NY,2026-05-19 18:00:00,2026-05-20 16:23:00,Y,,,,22.38,22.38 Consecutive Business Hours,,,,,,0,0,0,0,d0e3ee0a-04f6-4c47-b131-36adf28c0c43,1,PDF,RUS,2026-05-19T22:00:00Z,2026-05-20T20:23:00Z,,,,,,2026-08-22T16:11:12Z,2026-08-22T16:11:12Z
MOHE-260520-4268,MHNY SWH STD Mbr Materials_ba5a6c51-f5af-4285-8a68-3adc5daf6be2_ru,NY Molina SWH – PDF,NY,2026-05-19 18:00:00,2026-05-20 16:23:00,Y,,,,22.38,22.38 Consecutive Business Hours,,,,,,0,0,0,0,8568284e-959f-457d-ad02-9c5b5822090e,1,PDF,RUS,2026-05-19T22:00:00Z,2026-05-20T20:23:00Z,,,,,,2026-08-22T16:11:12Z,2026-08-22T16:11:12Z
MOHE-260520-4268,MHNY SWH STD Mbr Materials_08fff935-1247-4faf-ace1-21de12ac0388_ru,NY Molina SWH – PDF,NY,2026-05-19 18:00:00,2026-05-20 16:23:00,Y,,,,22.38,22.38 Consecutive Business Hours,,,,,,0,0,0,0,18d91f82-b4d3-41b7-ae71-740437793ee6,1,PDF,RUS,2026-05-19T22:00:00Z,2026-05-20T20:23:00Z,,,,,,2026-08-22T16:11:12Z,2026-08-22T16:11:12Z
MOHE-260520-4268,MHNY SWH STD Mbr Materials_7c2eebba-444c-471c-a791-24d5dbb4f310_ru,NY Molina SWH – PDF,NY,2026-05-19 21:00:00,2026-05-20 16:23:00,Y,,,,8.39,8.39 Consecutive Business Hours,,,,,,0,0,0,0,81fea559-68a2-4752-a6e0-d46a1cca96a2,1,PDF,RUS,2026-05-20T01:00:00Z,2026-05-20T20:23:00Z,,,,,,2026-08-22T16:11:12Z,2026-08-22T16:11:12Z
MOHE-260520-4268,MHNY SWH STD Care Plan_ea91fbf9-8725-409a-b7e4-862f02254559_ru,NY Molina SWH – PDF,NY,2026-05-19 21:00:00,2026-05-20 16:23:00,Y,,,,8.39,8.39 Consecutive Business Hours,,,,,,0,0,0,0,b517fdaa-8b2b-4916-b2bd-5502b6a6d32f,,PDF,RUS,2026-05-20T01:00:00Z,2026-05-20T20:23:00Z,,,,,,2026-08-22T16:11:12Z,2026-08-22T16:11:12Z
MOHE-260521-4316,MHNY SWH STD Mbr Materials_a54c7f02-f2a6-42ce-a901-2fc7ba5f528d_ru,NY Molina SWH – PDF,NY,2026-05-20 15:00:00,2026-05-21 15:57:00,Y,,,,24.95,24.95 Consecutive Business Hours,,2.2,,,6289,0.77,0.51,0.92,0,3e3d0f98-cfec-47af-b10f-bd0fa1248942,,PDF,RUS,2026-05-20T19:00:00Z,2026-05-21T19:57:00Z,,,,,,2026-08-22T16:11:12Z,2026-08-22T16:11:12Z
MOHE-260521-4316,MHNY SWH STD Mbr Materials_227c8c7d-9286-44ec-b799-fc098c1a506e_ru,NY Molina SWH – PDF,NY,2026-05-20 15:00:00,2026-05-21 15:57:00,Y,,,,24.95,24.95 Consecutive Business Hours,,,,,,0,0,0,0,055df8e1-b2ac-40c4-b625-ff36b641bb65,1,PDF,RUS,2026-05-20T19:00:00Z,2026-05-21T19:57:00Z,,,,,,2026-08-22T16:11:12Z,2026-08-22T16:11:12Z
MOHE-260521-4316,MHNY SWH STD Mbr Materials_21e019f9-8f53-42da-a558-30bf0530dbfd_ru,NY Molina SWH – PDF,NY,2026-05-20 15:00:00,2026-05-21 15:57:00,Y,,,,24.95,24.95 Consecutive Business Hours,,,,,,0,0,0,0,2eff7b5c-3969-430e-b20c-1f370b70903b,1,PDF,RUS,2026-05-20T19:00:00Z,2026-05-21T19:57:00Z,,,,,,2026-08-22T16:11:12Z,2026-08-22T16:11:12Z
MOHE-260521-4316,MHNY SWH STD Mbr Materials_ad39a22b-f59b-422b-9676-4624b201fdcc_ru,NY Molina SWH – PDF,NY,2026-05-20 15:00:00,2026-05-21 15:57:00,Y,,,,24.95,24.95 Consecutive Business Hours,,,,,,0,0,0,0,5a8bab82-c420-4722-be61-7b01da527ef8,1,PDF,RUS,2026-05-20T19:00:00Z,2026-05-21T19:57:00Z,,,,,,2026-08-22T16:11:12Z,2026-08-22T16:11:12Z
MOHE-260521-4316,MHNY SWH STD Mbr Materials_8be691b5-2574-4d8d-bb59-8920d19f9da2_ru,NY Molina SWH – PDF,NY,2026-05-20 15:00:00,2026-05-21 15:57:00,Y,,,,24.95,24.95 Consecutive Business Hours,,,,,,0,0,0,0,2b30597c-550b-4ebe-b0c4-2042b39ee3ca,1,PDF,RUS,2026-05-20T19:00:00Z,2026-05-21T19:57:00Z,,,,,,2026-08-22T16:11:12Z,2026-08-22T16:11:12Z
MOHE-260521-4316,MHNY SWH STD Advance Directive_04947524-1a66-4baf-958c-c00d17ec8626_ru,NY Molina SWH – PDF,NY,2026-05-20 18:00:00,2026-05-21 15:57:00,Y,,,,21.95,21.95 Consecutive Business Hours,,,,,,0,0,0,0,e4b82a66-20e2-4faa-a822-f9a8134cf8b0,1,PDF,RUS,2026-05-20T22:00:00Z,2026-05-21T19:57:00Z,,,,,,2026-08-22T16:11:12Z,2026-08-22T16:11:12Z
MOHE-260521-4316,MHNY SWH STD Mbr Materials_d1f7eff9-57a6-4df0-871e-826a67b1b1ef_ru,NY Molina SWH – PDF,NY,2026-05-20 18:00:00,2026-05-21 15:57:00,Y,,,,21.96,21.96 Consecutive Business Hours,,,,,,0,0,0,0,16d0aff3-35f1-42ce-8db6-0ea954a42a0a,,PDF,RUS,2026-05-20T22:00:00Z,2026-05-21T19:57:00Z,,,,,,2026-08-22T16:11:12Z,2026-08-22T16:11:12Z
MOHE-260521-4316,MHNY SWH STD Mbr Materials_25a424ef-1934-4536-b7da-e09ddd324fa8_ru,NY Molina SWH – PDF,NY,2026-05-20 18:00:00,2026-05-21 15:57:00,Y,,,,21.96,21.96 Consecutive Business Hours,,,,,,0,0,0,0,13f0f0c4-9f34-42d2-a3e6-8e4c9385f424,,PDF,RUS,2026-05-20T22:00:00Z,2026-05-21T19:57:00Z,,,,,,2026-08-22T16:11:12Z,2026-08-22T16:11:12Z
MOHE-260521-4316,MHNY SWH STD Mbr Materials_b7b47ace-973b-40dc-8ebe-fba4cb7330a2_ru,NY Molina SWH – PDF,NY,2026-05-20 18:00:00,2026-05-21 15:57:00,Y,,,,21.96,21.96 Consecutive Business Hours,,,,,,0,0,0,0,d6ad7156-a8ba-43b6-b21d-b15f94250aeb,,PDF,RUS,2026-05-20T22:00:00Z,2026-05-21T19:57:00Z,,,,,,2026-08-22T16:11:12Z,2026-08-22T16:11:12Z
MOHE-260521-4316,MHNY SWH STD Mbr Materials_4e3e3bf9-3b29-46ae-aeff-ebdb5dbe9688_ru,NY Molina SWH – PDF,NY,2026-05-20 18:00:00,2026-05-21 15:57:00,Y,,,,21.95,21.95 Consecutive Business Hours,,,,,,0,0,0,0,93f821cb-a029-4a89-9bac-133fe6d21369,1,PDF,RUS,2026-05-20T22:00:00Z,2026-05-21T19:57:00Z,,,,,,2026-08-22T16:11:12Z,2026-08-22T16:11:12Z
MOHE-260521-4316,MHNY SWH STD UTC_535b9024-7fb8-42bc-a44c-f19c0e6b61f5_ru,NY Molina SWH – PDF,NY,2026-05-21 06:00:00,2026-05-21 15:57:00,Y,,,,7.96,7.96 Consecutive Business Hours,,,,,,0,0,0,0,62cab7b4-b0d1-44bb-9af2-3847a74a4483,1,PDF,RUS,2026-05-21T10:00:00Z,2026-05-21T19:57:00Z,,,,,,2026-08-22T16:11:12Z,2026-08-22T16:11:12Z
MOHE-260522-4366,MHNY SWH STD Mbr Materials_61c3af73-146d-4e8a-b5a3-f030acb9e0a8_ru,NY Molina SWH – PDF,NY,2026-05-21 15:01:00,2026-05-22 16:33:00,Y,,,,25.54,25.54 Consecutive Business Hours,,2.6,0,0,7143,0.91,0.6,1.09,0,16525f98-eeda-4bd2-a586-7816fee18f42,,PDF,RUS,2026-05-21T19:01:00Z,2026-05-22T20:33:00Z,,,,,,2026-08-22T16:11:12Z,2026-08-22T16:11:12Z
MOHE-260522-4366,MHNY SWH STD Mbr Materials_8857a6f4-01f0-4eb2-8408-3845ab161fd8_ru,NY Molina SWH – PDF,NY,2026-05-21 15:01:00,2026-05-22 16:33:00,Y,,,,25.54,25.54 Consecutive Business Hours,,,,,,0,0,0,0,0bf2ada9-6b29-403f-bf9b-221f55a8ac0c,1,PDF,RUS,2026-05-21T19:01:00Z,2026-05-22T20:33:00Z,,,,,,2026-08-22T16:11:12Z,2026-08-22T16:11:12Z
MOHE-260522-4366,MHNY SWH STD Mbr Materials_b6324a4e-66dc-483c-acd2-39ccee80b69e_ru,NY Molina SWH – PDF,NY,2026-05-21 15:01:00,2026-05-22 16:33:00,Y,,,,25.54,25.54 Consecutive Business Hours,,,,,,0,0,0,0,f62e5d88-e448-46c5-ba1d-0cb3398ddc7f,1,PDF,RUS,2026-05-21T19:01:00Z,2026-05-22T20:33:00Z,,,,,,2026-08-22T16:11:12Z,2026-08-22T16:11:12Z
MOHE-260522-4366,MHNY SWH STD Mbr Materials_7bb1ab13-2228-4c79-9a4e-ed3ebc8dc8f1_ru,NY Molina SWH – PDF,NY,2026-05-21 15:01:00,2026-05-22 16:33:00,Y,,,,25.54,25.54 Consecutive Business Hours,,,,,,0,0,0,0,961ffe68-36f4-4faf-8c78-ac9c5b649a90,1,PDF,RUS,2026-05-21T19:01:00Z,2026-05-22T20:33:00Z,,,,,,2026-08-22T16:11:12Z,2026-08-22T16:11:12Z
MOHE-260522-4366,MHNY SWH STD Mbr Materials_a13ca279-a3de-4dde-8f03-20aaf9f45c9c_ru,NY Molina SWH – PDF,NY,2026-05-21 15:01:00,2026-05-22 16:33:00,Y,,,,25.54,25.54 Consecutive Business Hours,,,,,,0,0,0,0,b77e6763-40fa-4ead-a0e0-e35e7bf6be21,1,PDF,RUS,2026-05-21T19:01:00Z,2026-05-22T20:33:00Z,,,,,,2026-08-22T16:11:12Z,2026-08-22T16:11:12Z
MOHE-260522-4366,MHNY SWH STD Mbr Materials_4f6b9b2c-730f-4327-abb8-23fb1cca7622_ru,NY Molina SWH – PDF,NY,2026-05-21 15:01:00,2026-05-22 16:33:00,Y,,,,25.54,25.54 Consecutive Business Hours,,,,,,0,0,0,0,3495e755-d9dc-46db-9c19-ed21572d2e48,,PDF,RUS,2026-05-21T19:01:00Z,2026-05-22T20:33:00Z,,,,,,2026-08-22T16:11:12Z,2026-08-22T16:11:12Z
MOHE-260522-4366,MHNY SWH STD Mbr Materials_2789fc3b-8bf1-4af9-88d2-8a7d8e32a09d_ru,NY Molina SWH – PDF,NY,2026-05-21 15:01:00,2026-05-22 16:33:00,Y,,,,25.53,25.53 Consecutive Business Hours,,,,,,0,0,0,0,cf7977cb-5873-41e2-90ce-5821d2d0bfc2,,PDF,RUS,2026-05-21T19:01:00Z,2026-05-22T20:33:00Z,,,,,,2026-08-22T16:11:12Z,2026-08-22T16:11:12Z
MOHE-260522-4366,MHNY SWH STD Mbr Materials_ace2cd80-3395-4b94-896b-247a733cbf75_ru,NY Molina SWH – PDF,NY,2026-05-21 18:00:00,2026-05-22 16:33:00,Y,,,,22.55,22.55 Consecutive Business Hours,,,,,,0,0,0,0,b5c923c7-621c-4bcc-a341-3adec4aa7fbf,,PDF,RUS,2026-05-21T22:00:00Z,2026-05-22T20:33:00Z,,,,,,2026-08-22T16:11:12Z,2026-08-22T16:11:12Z
MOHE-260522-4366,MHNY SWH STD Mbr Materials_473910ba-1de7-4488-b7a4-dfb578936caa_ru,NY Molina SWH – PDF,NY,2026-05-21 18:00:00,2026-05-22 16:33:00,Y,,,,22.55,22.55 Consecutive Business Hours,,,,,,0,0,0,0,9a8803ee-c4d8-4c2c-b19d-6fb0676fb793,1,PDF,RUS,2026-05-21T22:00:00Z,2026-05-22T20:33:00Z,,,,,,2026-08-22T16:11:12Z,2026-08-22T16:11:12Z
MOHE-260522-4366,MHNY SWH STD Advance Directive_21b44346-f1ba-444c-af8e-2576a3b05f9d_ru,NY Molina SWH – PDF,NY,2026-05-21 18:00:00,2026-05-22 16:33:00,Y,,,,22.55,22.55 Consecutive Business Hours,,,,,,0,0,0,0,20e2cde0-4dc5-4f2e-bfe9-91fba969b971,,PDF,RUS,2026-05-21T22:00:00Z,2026-05-22T20:33:00Z,,,,,,2026-08-22T16:11:12Z,2026-08-22T16:11:12Z
MOHE-260522-4366,MHNY SWH STD Mbr Materials_b0b5c8c1-6d44-4796-9bd8-0b6a823406a8_ru,NY Molina SWH – PDF,NY,2026-05-21 21:00:00,2026-05-22 16:33:00,Y,,,,8.56,8.56 Consecutive Business Hours,,,,,,0,0,0,0,61d07985-184a-4f31-a351-ce2242d5cc36,1,PDF,RUS,2026-05-22T01:00:00Z,2026-05-22T20:33:00Z,,,,,,2026-08-22T16:11:12Z,2026-08-22T16:11:12Z
MOHE-260522-4366,MHNY SWH STD Mbr Materials_191cf303-f7be-48db-b61e-c03ce2d36d8b_ru,NY Molina SWH – PDF,NY,2026-05-22 00:00:00,2026-05-22 16:33:00,Y,,,,8.56,8.56 Consecutive Business Hours,,,,,,0,0,0,0,e2318098-1336-407a-8867-be6909347776,,PDF,RUS,2026-05-22T04:00:00Z,2026-05-22T20:33:00Z,,,,,,2026-08-22T16:11:12Z,2026-08-22T16:11:12Z
MOHE-260522-4366,MHNY SWH STD Mbr Materials_67ebef3d-018b-4ef3-bfe4-24a494b9ba92_ru,NY Molina SWH – PDF,NY,2026-05-22 00:00:00,2026-05-22 16:33:00,Y,,,,8.56,8.56 Consecutive Business Hours,,,,,,0,0,0,0,92a4f9aa-8188-4fd2-8eef-41f33e091a29,1,PDF,RUS,2026-05-22T04:00:00Z,2026-05-22T20:33:00Z,,,,,,2026-08-22T16:11:12Z,2026-08-22T16:11:12Z
MOHE-260526-4439,MHNY SWH STD Mbr Materials_fbbc2868-8627-440a-84c3-50bc115c69a2_ru,NY Molina SWH – PDF,NY,2026-05-22 18:00:00,2026-05-26 17:45:00,Y,,,,23.74,23.74 Consecutive Business Hours,,2.6,385,103,17112,0.91,0.6,1.09,0,77b42105-1ff9-49b8-917a-2f6cba9aafeb,,PDF,RUS,2026-05-22T22:00:00Z,2026-05-26T21:45:00Z,,,,,,2026-08-22T16:11:12Z,2026-08-22T16:11:12Z
MOHE-260526-4439,MHNY SWH STD Mbr Materials_7d624b75-3c5e-421f-9a3d-c12fc49b379c_ru,NY Molina SWH – PDF,NY,2026-05-24 06:00:00,2026-05-26 17:44:00,Y,,,,9.75,9.75 Consecutive Business Hours,,,,,,0,0,0,0,1974109e-837a-4be4-934d-6a2ce5125085,,PDF,RUS,2026-05-24T10:00:00Z,2026-05-26T21:44:00Z,,,,,,2026-08-22T16:11:12Z,2026-08-22T16:11:12Z
MOHE-260526-4439,MHNY SWH STD Mbr Materials_b80a37c1-e91e-452a-8516-054c8f256ce6_ru,NY Molina SWH – PDF,NY,2026-05-24 06:00:00,2026-05-26 17:45:00,Y,,,,9.75,9.75 Consecutive Business Hours,,,,,,0,0,0,0,96682ed1-24e6-4af1-8daf-a32b02ce4a4e,,PDF,RUS,2026-05-24T10:00:00Z,2026-05-26T21:45:00Z,,,,,,2026-08-22T16:11:12Z,2026-08-22T16:11:12Z
MOHE-260526-4439,MHNY SWH STD Care Plan_b27c00ed-2cdc-4a4b-90b2-016b157f9abb_ru,NY Molina SWH – PDF,NY,2026-05-24 15:00:00,2026-05-26 17:44:00,Y,,,,9.75,9.75 Consecutive Business Hours,,,,,,0,0,0,0,b23f85a4-c9cc-496c-bec0-f0de05014645,1,PDF,RUS,2026-05-24T19:00:00Z,2026-05-26T21:44:00Z,,,,,,2026-08-22T16:11:12Z,2026-08-22T16:11:12Z
MOHE-260526-4439,MHNY SWH STD Mbr Materials_93683f48-ea9e-43cb-826c-0b5320713267_ru,NY Molina SWH – PDF,NY,2026-05-24 15:00:00,2026-05-26 17:44:00,Y,,,,9.75,9.75 Consecutive Business Hours,,,,,,0,0,0,0,551f8f86-e338-41cf-a363-8ec2d17a39e9,,PDF,RUS,2026-05-24T19:00:00Z,2026-05-26T21:44:00Z,,,,,,2026-08-22T16:11:12Z,2026-08-22T16:11:12Z
MOHE-260527-4510,MHNY SWH STD Mbr Materials_40ca0264-6341-467a-8570-7771440134ca_ru,NY Molina SWH – PDF,NY,2026-05-26 15:00:00,2026-05-28 17:25:00,Y,,,,50.41,50.41 Consecutive Business Hours,,2.4,,,6481,0.84,0.55,1.01,0,0acaf1a5-6511-437c-a322-4bbab04a5662,1,PDF,RUS,2026-05-26T19:00:00Z,2026-05-28T21:25:00Z,,,,,,2026-08-22T16:11:12Z,2026-08-22T16:11:12Z
MOHE-260527-4510,MHNY SWH STD Mbr Materials_d3ea4316-b54d-4c66-96f2-530ceb0c52d7_ru,NY Molina SWH – PDF,NY,2026-05-26 15:00:00,2026-05-28 17:25:00,Y,,,,50.41,50.41 Consecutive Business Hours,,,,,,0,0,0,0,92378653-7f4e-4beb-88cd-fc967b03ea98,1,PDF,RUS,2026-05-26T19:00:00Z,2026-05-28T21:25:00Z,,,,,,2026-08-22T16:11:12Z,2026-08-22T16:11:12Z
MOHE-260527-4510,MHNY SWH STD Mbr Materials_638acee9-70a7-4d33-be01-69317ecf93c9_ru,NY Molina SWH – PDF,NY,2026-05-26 15:00:00,2026-05-28 17:25:00,Y,,,,50.41,50.41 Consecutive Business Hours,,,,,,0,0,0,0,e4f94971-26b4-48b0-8d37-f5c6c5f53f9b,1,PDF,RUS,2026-05-26T19:00:00Z,2026-05-28T21:25:00Z,,,,,,2026-08-22T16:11:12Z,2026-08-22T16:11:12Z
MOHE-260527-4510,MHNY SWH STD UTC_c5e6368c-944e-4e5b-ae24-589b15645f3e_ru,NY Molina SWH – PDF,NY,2026-05-26 15:00:00,2026-05-28 17:25:00,Y,,,,50.41,50.41 Consecutive Business Hours,,,,,,0,0,0,0,ee8c80e9-5bd6-4663-ae57-09909dde3e1a,1,PDF,RUS,2026-05-26T19:00:00Z,2026-05-28T21:25:00Z,,,,,,2026-08-22T16:11:12Z,2026-08-22T16:11:12Z
MOHE-260527-4510,MHNY SWH STD Mbr Materials_93a1b91c-91b4-453e-9585-d34b33b583f7_ru,NY Molina SWH – PDF,NY,2026-05-26 15:00:00,2026-05-28 17:25:00,Y,,,,50.41,50.41 Consecutive Business Hours,,,,,,0,0,0,0,219f4d4b-5247-45b3-903e-37dcec789e8a,1,PDF,RUS,2026-05-26T19:00:00Z,2026-05-28T21:25:00Z,,,,,,2026-08-22T16:11:12Z,2026-08-22T16:11:12Z
MOHE-260527-4510,MHNY SWH STD Mbr Materials_dd311012-fa9c-4e65-b1bc-ce597113ad57_ru,NY Molina SWH – PDF,NY,2026-05-26 21:00:00,2026-05-28 17:25:00,Y,,,,33.42,33.42 Consecutive Business Hours,,,,,,0,0,0,0,c9d905b2-8b1a-4be0-880b-f81a2a2bba55,1,PDF,RUS,2026-05-27T01:00:00Z,2026-05-28T21:25:00Z,,,,,,2026-08-22T16:11:12Z,2026-08-22T16:11:12Z
MOHE-260527-4510,MHNY SWH STD Mbr Materials_08a36648-5fd7-48b1-90b3-f627a8b3ced0_ru,NY Molina SWH – PDF,NY,2026-05-26 21:00:00,2026-05-28 17:25:00,Y,,,,33.42,33.42 Consecutive Business Hours,,,,,,0,0,0,0,74d58fad-f320-4b3a-bc44-bee7a3c430c8,2,PDF,RUS,2026-05-27T01:00:00Z,2026-05-28T21:25:00Z,,,,,,2026-08-22T16:11:12Z,2026-08-22T16:11:12Z
MOHE-260527-4510,MHNY SWH STD Mbr Materials_5df0a733-d89d-4087-b5ca-21b325d8b36e_ru,NY Molina SWH – PDF,NY,2026-05-26 21:00:00,2026-05-28 17:25:00,Y,,,,33.42,33.42 Consecutive Business Hours,,,,,,0,0,0,0,b1033fc1-5e9f-42a2-8ee4-e0e38331f32e,2,PDF,RUS,2026-05-27T01:00:00Z,2026-05-28T21:25:00Z,,,,,,2026-08-22T16:11:12Z,2026-08-22T16:11:12Z
MOHE-260527-4510,MHNY SWH STD Mbr Materials_f8e971a7-1fa0-4f49-9885-c60d8bb992b4_ru,NY Molina SWH – PDF,NY,2026-05-26 21:00:00,2026-05-28 17:25:00,Y,,,,33.42,33.42 Consecutive Business Hours,,,,,,0,0,0,0,acf7da3c-3fb2-4bb4-a262-b500551e0a11,2,PDF,RUS,2026-05-27T01:00:00Z,2026-05-28T21:25:00Z,,,,,,2026-08-22T16:11:12Z,2026-08-22T16:11:12Z
MOHE-260527-4510,MHNY SWH STD Mbr Materials_cb8ccea3-f7fd-421d-abad-4e96dc6830e0_ru,NY Molina SWH – PDF,NY,2026-05-26 21:00:00,2026-05-28 17:25:00,Y,,,,33.42,33.42 Consecutive Business Hours,,,,,,0,0,0,0,5ed853be-b88b-47bd-a790-a030734d7c33,2,PDF,RUS,2026-05-27T01:00:00Z,2026-05-28T21:25:00Z,,,,,,2026-08-22T16:11:12Z,2026-08-22T16:11:12Z
MOHE-260527-4510,MHNY SWH STD Mbr Materials_489e3a66-83e2-4c56-ba65-a392cb43fcb7_ru,NY Molina SWH – PDF,NY,2026-05-26 21:00:00,2026-05-28 17:25:00,Y,,,,33.42,33.42 Consecutive Business Hours,,,,,,0,0,0,0,79a0324c-cff1-416d-a224-e52a7493a689,2,PDF,RUS,2026-05-27T01:00:00Z,2026-05-28T21:25:00Z,,,,,,2026-08-22T16:11:12Z,2026-08-22T16:11:12Z
MOHE-260527-4510,MHNY SWH STD Mbr Materials_3918d98a-98b0-43aa-98d8-ac88cf97074a_ru,NY Molina SWH – PDF,NY,2026-05-27 03:00:00,2026-05-28 17:25:00,Y,,,,33.42,33.42 Consecutive Business Hours,,,,,,0,0,0,0,7a0f04c9-90dd-4e83-97f4-bc8e451c38a5,2,PDF,RUS,2026-05-27T07:00:00Z,2026-05-28T21:25:00Z,,,,,,2026-08-22T16:11:12Z,2026-08-22T16:11:12Z
MOHE-260528-4537,MHNY SWH STD Mbr Materials_f9b4f046-e8ec-4b7c-97b5-06506e829bd0_ru,NY Molina SWH – PDF,NY,2026-05-27 18:00:00,2026-05-29 18:12:00,Y,,,,48.19,48.19 Consecutive Business Hours,,0.6,,,1637,0.21,0.14,0.25,0,18c1179d-a06d-40f8-84a4-6483bd4d2c66,2,PDF,RUS,2026-05-27T22:00:00Z,2026-05-29T22:12:00Z,,,,,,2026-08-22T16:11:12Z,2026-08-22T16:11:12Z
MOHE-260528-4537,MHNY SWH STD Mbr Materials_9805e917-5ce2-449c-a9da-40a278c6d1af_ru,NY Molina SWH – PDF,NY,2026-05-27 18:00:00,2026-05-29 18:12:00,Y,,,,48.19,48.19 Consecutive Business Hours,,,,,,0,0,0,0,40450714-2d3e-463f-b3ba-cb1ef57f68be,2,PDF,RUS,2026-05-27T22:00:00Z,2026-05-29T22:12:00Z,,,,,,2026-08-22T16:11:12Z,2026-08-22T16:11:12Z
MOHE-260528-4537,MHNY SWH STD Mbr Materials_bf29f785-9814-47c5-8862-98ba36b3f523_ru,NY Molina SWH – PDF,NY,2026-05-27 18:00:00,2026-05-29 18:12:00,Y,,,,48.19,48.19 Consecutive Business Hours,,,,,,0,0,0,0,122101cf-b1dd-447c-8254-4e6584b6603a,2,PDF,RUS,2026-05-27T22:00:00Z,2026-05-29T22:12:00Z,,,,,,2026-08-22T16:11:12Z,2026-08-22T16:11:12Z
MOHE-260528-4537,MHNY SWH STD Mbr Materials_d9bbac06-1ba5-4e50-a473-b51aa335dabe_ru,NY Molina SWH – PDF,NY,2026-05-27 15:00:00,2026-05-29 11:43:00,Y,,,,44.71,44.71 Consecutive Business Hours,,0.6,0,0,1699,0.21,0.14,0.25,0,105a178b-88f7-4403-833e-71e3b612429e,2,PDF,RUS,2026-05-27T19:00:00Z,2026-05-29T15:43:00Z,,,,,,2026-08-22T16:11:12Z,2026-08-22T16:11:12Z
MOHE-260528-4537,MHNY SWH STD Mbr Materials_b1faa8a6-861c-4b02-8a50-32b022675503_ru,NY Molina SWH – PDF,NY,2026-05-27 15:00:00,2026-05-29 11:43:00,Y,,,,44.71,44.71 Consecutive Business Hours,,,,,,0,0,0,0,9512d084-781c-437f-8f8d-44eda5df78a2,,PDF,RUS,2026-05-27T19:00:00Z,2026-05-29T15:43:00Z,,,,,,2026-08-22T16:11:12Z,2026-08-22T16:11:12Z
MOHE-260528-4537,MHNY SWH STD Advance Directive_d4bfa51e-0c63-449c-be7b-69775e2ffe9e_ru,NY Molina SWH – PDF,NY,2026-05-27 15:00:00,2026-05-29 11:43:00,Y,,,,44.71,44.71 Consecutive Business Hours,,,,,,0,0,0,0,d853df03-5cf2-47b1-977b-36afd4472ee4,,PDF,RUS,2026-05-27T19:00:00Z,2026-05-29T15:43:00Z,,,,,,2026-08-22T16:11:12Z,2026-08-22T16:11:12Z
MOHE-260529-4572,MHNY SWH STD Care Plan_2edb94bd-44ed-4df3-b29b-9461251a4018_ru,NY Molina SWH – PDF,NY,2026-05-28 15:00:00,2026-05-29 15:29:00,Y,,,,24.48,24.48 Consecutive Business Hours,,2.4,96,69,11635,0.84,0.55,1.01,0,80ad0441-8df0-4d6f-a373-23cf04d9b298,,PDF,RUS,2026-05-28T19:00:00Z,2026-05-29T19:29:00Z,,,,,,2026-08-22T16:11:12Z,2026-08-22T16:11:12Z
MOHE-260529-4572,MHNY SWH STD Mbr Materials_20efeb8a-1868-4531-8795-236d3396e205_ru,NY Molina SWH – PDF,NY,2026-05-28 15:00:00,2026-05-29 15:10:00,Y,,,,24.16,24.16 Consecutive Business Hours,,,,,,0,0,0,0,684adce4-11b6-4280-b569-71d9e5c05840,,PDF,RUS,2026-05-28T19:00:00Z,2026-05-29T19:10:00Z,,,,,,2026-08-22T16:11:12Z,2026-08-22T16:11:12Z
MOHE-260529-4572,MHNY SWH STD Mbr Materials_33c47d67-efe6-497d-b216-a34525f33a91_ru,NY Molina SWH – PDF,NY,2026-05-28 15:00:00,2026-05-29 15:10:00,Y,,,,24.16,24.16 Consecutive Business Hours,,,,,,0,0,0,0,f4382b6f-9a17-4d1d-a6c2-86e3f5f290d4,,PDF,RUS,2026-05-28T19:00:00Z,2026-05-29T19:10:00Z,,,,,,2026-08-22T16:11:12Z,2026-08-22T16:11:12Z
MOHE-260529-4572,MHNY SWH STD Mbr Materials_1f05de48-bb3a-4311-a78f-f5bccbd444b1_ru,NY Molina SWH – PDF,NY,2026-05-28 15:00:00,2026-05-29 15:10:00,Y,,,,24.16,24.16 Consecutive Business Hours,,,,,,0,0,0,0,95954dc0-588a-4aa8-aa42-206a40aca3fb,,PDF,RUS,2026-05-28T19:00:00Z,2026-05-29T19:10:00Z,,,,,,2026-08-22T16:11:12Z,2026-08-22T16:11:12Z
MOHE-260529-4572,MHNY SWH STD Mbr Materials_b545590b-e9e6-4cd1-ad19-34805000bb5b_ru,NY Molina SWH – PDF,NY,2026-05-28 15:00:00,2026-05-29 15:10:00,Y,,,,24.16,24.16 Consecutive Business Hours,,,,,,0,0,0,0,cfb57c73-52f1-49fd-b1d7-0848f972d12e,,PDF,RUS,2026-05-28T19:00:00Z,2026-05-29T19:10:00Z,,,,,,2026-08-22T16:11:12Z,2026-08-22T16:11:12Z
MOHE-260529-4572,MHNY SWH STD Mbr Materials_8b84f99f-6eae-467f-b728-7ff7b5c31073_ru,NY Molina SWH – PDF,NY,2026-05-28 15:00:00,2026-05-29 15:10:00,Y,,,,24.16,24.16 Consecutive Business Hours,,,,,,0,0,0,0,dfa06386-a21f-4b48-b839-c033402058b0,,PDF,RUS,2026-05-28T19:00:00Z,2026-05-29T19:10:00Z,,,,,,2026-08-22T16:11:12Z,2026-08-22T16:11:12Z
MOHE-260529-4572,MHNY SWH STD Advance Directive_138577b0-c8ed-4275-814c-95f6776da60c_ru,NY Molina SWH – PDF,NY,2026-05-28 15:00:00,2026-05-29 15:10:00,Y,,,,24.16,24.16 Consecutive Business Hours,,,,,,0,0,0,0,7cea9ba4-6724-40ce-86a3-7a185e0394bf,2,PDF,RUS,2026-05-28T19:00:00Z,2026-05-29T19:10:00Z,,,,,,2026-08-22T16:11:12Z,2026-08-22T16:11:12Z
MOHE-260529-4572,MHNY SWH STD Mbr Materials_40e32e89-24cc-4d7e-8ce0-bf6ec3d916c6_ru,NY Molina SWH – PDF,NY,2026-05-28 18:00:00,2026-05-29 15:10:00,Y,,,,21.16,21.16 Consecutive Business Hours,,,,,,0,0,0,0,6827b51a-6edc-4235-9f6f-6e487f553414,5,PDF,RUS,2026-05-28T22:00:00Z,2026-05-29T19:10:00Z,,,,,,2026-08-22T16:11:12Z,2026-08-22T16:11:12Z
MOHE-260529-4572,MHNY SWH STD Care Plan_255efb57-d541-4acd-81ea-a2fecb8670f1_ru,NY Molina SWH – PDF,NY,2026-05-28 15:00:00,2026-06-01 17:11:00,Y,,,,50.18,50.18 Consecutive Business Hours,,1.8,,,9181,0.63,0.41,0.76,0,d1669cb8-c403-48cd-9746-bad0d2f9e07e,,PDF,RUS,2026-05-28T19:00:00Z,2026-06-01T21:11:00Z,,,,,,2026-08-22T16:11:12Z,2026-08-22T16:11:12Z
MOHE-260529-4572,MHNY SWH STD UTC_54940623-0296-4c33-ba4d-9a42ab213ac3_ru,NY Molina SWH – PDF,NY,2026-05-28 18:00:00,2026-06-01 17:11:00,Y,,,,47.18,47.18 Consecutive Business Hours,,,,,,0,0,0,0,42309839-4195-4f70-a9ee-8ad3c7a81974,2,PDF,RUS,2026-05-28T22:00:00Z,2026-06-01T21:11:00Z,,,,,,2026-08-22T16:11:12Z,2026-08-22T16:11:12Z
MOHE-260529-4572,MHNY SWH STD Mbr Materials_e110f23b-fc0b-44cf-b672-7ae826205951_ru,NY Molina SWH – PDF,NY,2026-05-28 18:00:00,2026-06-01 17:11:00,Y,,,,47.18,47.18 Consecutive Business Hours,,,,,,0,0,0,0,fbe82933-9183-4d46-bedd-42e51ae3d175,5,PDF,RUS,2026-05-28T22:00:00Z,2026-06-01T21:11:00Z,,,,,,2026-08-22T16:11:12Z,2026-08-22T16:11:12Z
MOHE-260529-4572,MHNY SWH STD UTC_4b030e62-b53e-4d32-abe7-754d6b5a92fa_ru,NY Molina SWH – PDF,NY,2026-05-28 18:00:00,2026-06-01 17:11:00,Y,,,,47.18,47.18 Consecutive Business Hours,,,,,,0,0,0,0,4af4e215-d457-4c4a-8cb5-83d5bfd82909,,PDF,RUS,2026-05-28T22:00:00Z,2026-06-01T21:11:00Z,,,,,,2026-08-22T16:11:12Z,2026-08-22T16:11:12Z
MOHE-260529-4572,MHNY SWH STD Mbr Materials_c3e2085a-37da-467e-8b86-946297869400_ru,NY Molina SWH – PDF,NY,2026-05-28 21:00:00,2026-06-01 17:11:00,Y,,,,33.19,33.19 Consecutive Business Hours,,,,,,0,0,0,0,3d5b4a5e-bbf6-4f7c-b101-f52479bd2ce1,5,PDF,RUS,2026-05-29T01:00:00Z,2026-06-01T21:11:00Z,,,,,,2026-08-22T16:11:12Z,2026-08-22T16:11:12Z
MOHE-260601-4634,MHNY SWH STD Mbr Materials_2ea74f8c-9849-4744-aa2a-1a0b2a17e5ae_ru,NY Molina SWH – PDF,NY,2026-05-29 21:01:00,2026-06-01 16:19:00,Y,,,,8.33,8.33 Consecutive Business Hours,Registro manual por ingreso de cartas repetidas del 5/19,1.8,,,2233,0.63,0.41,0.76,0,cfa8f23a-ffa4-41af-b174-f818e7167749,,PDF,RUS,2026-05-30T01:01:00Z,2026-06-01T20:19:00Z,,,,,,2026-08-22T16:11:12Z,2026-08-22T16:11:12Z
MOHE-260601-4634,MHNY SWH STD Mbr Materials_4c2a26a1-bb2b-4378-aa1b-0110597ce7c7_ru,NY Molina SWH – PDF,NY,2026-05-29 21:01:00,2026-06-01 16:19:00,Y,,,,8.33,8.33 Consecutive Business Hours,,,,,,0,0,0,0,b37d51b5-6cbb-46e0-94d8-95c64183e6ff,2,PDF,RUS,2026-05-30T01:01:00Z,2026-06-01T20:19:00Z,,,,,,2026-08-22T16:11:12Z,2026-08-22T16:11:12Z
MOHE-260601-4634,MHNY SWH STD Mbr Materials_ed9059b6-0ad5-4344-bf33-01c7a6d3ba74_ru,NY Molina SWH – PDF,NY,2026-05-31 06:00:00,2026-06-01 16:19:00,Y,,,,8.33,8.33 Consecutive Business Hours,,,,,,0,0,0,0,36fbab18-e923-4983-b68c-5dc670516752,,PDF,RUS,2026-05-31T10:00:00Z,2026-06-01T20:19:00Z,,,,,,2026-08-22T16:11:12Z,2026-08-22T16:11:12Z
MOHE-260601-4634,MHNY SWH STD Mbr Materials_af692290-cfac-4626-99c3-086125ea27bc_ru_ERR,NY Molina SWH – PDF,NY,2026-05-31 15:00:00,2026-06-01 16:19:00,Y,,,,8.33,8.33 Consecutive Business Hours,Repetida,,,,,0,0,0,0,94d5be98-a1b1-4556-b387-cfcd55e8b444,5,PDF,RUS,2026-05-31T19:00:00Z,2026-06-01T20:19:00Z,,,,,,2026-08-22T16:11:12Z,2026-08-22T16:11:12Z
MOHE-260601-4634,MHNY SWH STD Mbr Materials_6fc5290b-0926-4ba6-a617-db313329bd75_ru_ERR,NY Molina SWH – PDF,NY,2026-05-31 15:00:00,2026-06-01 16:19:00,Y,,,,8.33,8.33 Consecutive Business Hours,Repetida,,,,,0,0,0,0,c2967211-2d5e-4731-8f33-8f51b9b18a21,,PDF,RUS,2026-05-31T19:00:00Z,2026-06-01T20:19:00Z,,,,,,2026-08-22T16:11:12Z,2026-08-22T16:11:12Z
MOHE-260601-4634,MHNY SWH STD Mbr Materials_e14f0468-e2f0-4a67-b1d6-a3b12c75ae60_ru_ERR,NY Molina SWH – PDF,NY,2026-05-31 15:00:00,2026-06-01 16:19:00,Y,,,,8.33,8.33 Consecutive Business Hours,Repetida,,,,,0,0,0,0,5b3db354-6770-4970-a7b7-b59681c0236f,,PDF,RUS,2026-05-31T19:00:00Z,2026-06-01T20:19:00Z,,,,,,2026-08-22T16:11:12Z,2026-08-22T16:11:12Z
MOHE-260601-4634,MHNY SWH STD Mbr Materials_0fc0b2f0-4fcd-4f6b-895c-08f10787802b_ru_ERR,NY Molina SWH – PDF,NY,2026-05-31 15:00:00,2026-06-01 16:19:00,Y,,,,8.33,8.33 Consecutive Business Hours,Repetida,,,,,0,0,0,0,85028073-cee1-445a-ab0b-8ce593960c5d,2,PDF,RUS,2026-05-31T19:00:00Z,2026-06-01T20:19:00Z,,,,,,2026-08-22T16:11:12Z,2026-08-22T16:11:12Z
MOHE-260601-4634,MHNY SWH STD Mbr Materials_43b4fdf8-42a7-4876-a5a6-ddfbfdcb5ddd_ru_ERR,NY Molina SWH – PDF,NY,2026-05-31 15:00:00,2026-06-01 16:19:00,Y,,,,8.33,8.33 Consecutive Business Hours,Repetida,,,,,0,0,0,0,fb9bc84b-0419-4287-849d-6a7dad02fe83,,PDF,RUS,2026-05-31T19:00:00Z,2026-06-01T20:19:00Z,,,,,,2026-08-22T16:11:12Z,2026-08-22T16:11:12Z
MOHE-260601-4634,MHNY SWH STD Mbr Materials_69d42cfe-c26a-4826-a257-cc6e3345bd0d_ru,NY Molina SWH – PDF,NY,2026-05-31 21:00:00,2026-06-01 16:19:00,Y,,,,8.33,8.33 Consecutive Business Hours,,,,,,0,0,0,0,388711ff-bb91-4173-983a-b8fb65d79fbb,,PDF,RUS,2026-06-01T01:00:00Z,2026-06-01T20:19:00Z,,,,,,2026-08-22T16:11:12Z,2026-08-22T16:11:12Z
MOHE-260602-4670,MHNY SWH STD Advance Directive_9cc7012c-cd88-4bd5-82d1-4c8955115da2_ru,NY Molina SWH – PDF,NY,2026-05-29 15:01:00,2026-06-02 12:45:00,Y,,,,45.74,45.74 Consecutive Business Hours,,2.2,0,0,6646,0.77,0.51,0.92,0,2e5123e7-3536-4997-8e14-aca26b889b53,5,PDF,RUS,2026-05-29T19:01:00Z,2026-06-02T16:45:00Z,,,,,,2026-08-22T16:11:12Z,2026-08-22T16:11:12Z
MOHE-260602-4670,MHNY SWH STD Mbr Materials_7d728a9e-9431-4201-862c-bffa1ba34983_ru,NY Molina SWH – PDF,NY,2026-05-29 15:01:00,2026-06-02 12:45:00,Y,,,,45.74,45.74 Consecutive Business Hours,,,,,,0,0,0,0,9209ca4d-5ba9-48e9-9bcd-2e7a31163cf7,,PDF,RUS,2026-05-29T19:01:00Z,2026-06-02T16:45:00Z,,,,,,2026-08-22T16:11:12Z,2026-08-22T16:11:12Z
MOHE-260602-4670,MHNY SWH STD Mbr Materials_fbb9f775-a83f-48be-a1e9-fe764bcb97a7_ru,NY Molina SWH – PDF,NY,2026-05-29 16:00:00,2026-06-02 12:45:00,Y,,,,44.76,44.76 Consecutive Business Hours,,,,,,0,0,0,0,cb46c8d1-9d24-4008-9f45-a59b259234ef,2,PDF,RUS,2026-05-29T20:00:00Z,2026-06-02T16:45:00Z,,,,,,2026-08-22T16:11:12Z,2026-08-22T16:11:12Z
MOHE-260602-4670,MHNY SWH STD UTC_08ad010a-ea57-4d90-902b-9a4757a1fc07_ru,NY Molina SWH – PDF,NY,2026-05-29 16:00:00,2026-06-02 12:45:00,Y,,,,44.76,44.76 Consecutive Business Hours,,,,,,0,0,0,0,140ab26a-b535-4bce-b5a8-f965843796d1,,PDF,RUS,2026-05-29T20:00:00Z,2026-06-02T16:45:00Z,,,,,,2026-08-22T16:11:12Z,2026-08-22T16:11:12Z
MOHE-260602-4670,MHNY SWH STD Advance Directive_912d4ba1-e825-48a0-b74d-6040d8c2acce_ru,NY Molina SWH – PDF,NY,2026-05-29 16:00:00,2026-06-02 12:45:00,Y,,,,44.75,44.75 Consecutive Business Hours,,,,,,0,0,0,0,e525eec6-169a-46f1-9ff3-3415e4c18a3b,,PDF,RUS,2026-05-29T20:00:00Z,2026-06-02T16:45:00Z,,,,,,2026-08-22T16:11:12Z,2026-08-22T16:11:12Z
MOHE-260602-4670,MHNY SWH STD Mbr Materials_aaf9485f-8236-404e-9825-1469374645f0_ru,NY Molina SWH – PDF,NY,2026-05-29 18:00:00,2026-06-02 12:45:00,Y,,,,42.76,42.76 Consecutive Business Hours,,,,,,0,0,0,0,156461ee-378f-4ec4-ace0-de616b1786a2,,PDF,RUS,2026-05-29T22:00:00Z,2026-06-02T16:45:00Z,,,,,,2026-08-22T16:11:12Z,2026-08-22T16:11:12Z
MOHE-260602-4670,MHNY SWH STD Mbr Materials_db937f29-a5b7-4bfb-959e-8cc1076559f7_ru,NY Molina SWH – PDF,NY,2026-05-29 18:00:00,2026-06-02 12:45:00,Y,,,,42.76,42.76 Consecutive Business Hours,,,,,,0,0,0,0,4317dcbc-5dd5-435c-a650-69d401b4d7c8,2,PDF,RUS,2026-05-29T22:00:00Z,2026-06-02T16:45:00Z,,,,,,2026-08-22T16:11:12Z,2026-08-22T16:11:12Z
MOHE-260602-4670,MHNY SWH STD Mbr Materials_9841a69a-76bc-4d85-8969-3f9046649507_ru,NY Molina SWH – PDF,NY,2026-05-29 18:00:00,2026-06-02 12:45:00,Y,,,,42.75,42.75 Consecutive Business Hours,,,,,,0,0,0,0,c6a9d21c-627a-4b45-bafc-0c35b0f6d3ef,,PDF,RUS,2026-05-29T22:00:00Z,2026-06-02T16:45:00Z,,,,,,2026-08-22T16:11:12Z,2026-08-22T16:11:12Z
MOHE-260602-4670,MHNY SWH STD Mbr Materials_55381abf-bfc3-4a33-917a-96a778cd7c13_ru,NY Molina SWH – PDF,NY,2026-05-29 18:00:00,2026-06-02 12:45:00,Y,,,,42.75,42.75 Consecutive Business Hours,,,,,,0,0,0,0,27f48af6-4a38-4575-a758-429b8ad42da9,2,PDF,RUS,2026-05-29T22:00:00Z,2026-06-02T16:45:00Z,,,,,,2026-08-22T16:11:12Z,2026-08-22T16:11:12Z
MOHE-260602-4670,MHNY SWH STD Mbr Materials_41950b91-be8e-4a49-8cef-2268b50ac0c7_ru,NY Molina SWH – PDF,NY,2026-05-29 18:00:00,2026-06-02 12:45:00,Y,,,,42.75,42.75 Consecutive Business Hours,,,,,,0,0,0,0,a5712106-2aee-4888-a078-7e97ce1249d9,,PDF,RUS,2026-05-29T22:00:00Z,2026-06-02T16:45:00Z,,,,,,2026-08-22T16:11:12Z,2026-08-22T16:11:12Z
MOHE-260602-4670,MHNY SWH STD Mbr Materials_69b1055e-2e2b-41b2-a8c5-da8619c7720c_ru,NY Molina SWH – PDF,NY,2026-05-29 21:01:00,2026-06-02 12:45:00,Y,,,,28.76,28.76 Consecutive Business Hours,,,,,,0,0,0,0,7666100a-3501-404f-a5c0-1ad7346c9f73,,PDF,RUS,2026-05-30T01:01:00Z,2026-06-02T16:45:00Z,,,,,,2026-08-22T16:11:12Z,2026-08-22T16:11:12Z
MOHE-260603-4712,MHNY SWH STD Mbr Materials_ef1552b8-b390-4153-be72-9e01fd829b00_ru,NY Molina SWH – PDF,NY,2026-06-01 15:00:00,2026-06-03 08:44:00,Y,,,,41.73,41.73 Consecutive Business Hours,,1.8,0,0,4868,0.63,0.41,0.76,0,92fec10b-8f70-40fa-8e58-ccfd196bda6f,,PDF,RUS,2026-06-01T19:00:00Z,2026-06-03T12:44:00Z,,,,,,2026-08-22T16:11:12Z,2026-08-22T16:11:12Z
MOHE-260603-4712,MHNY SWH STD Mbr Materials_916d1bbe-6a83-4bbe-a80e-ad0c4a83e42e_ru,NY Molina SWH – PDF,NY,2026-06-01 15:00:00,2026-06-03 08:44:00,Y,,,,41.73,41.73 Consecutive Business Hours,,,,,,0,0,0,0,7902cebb-4782-4ba4-beb6-a8865d17e4d3,,PDF,RUS,2026-06-01T19:00:00Z,2026-06-03T12:44:00Z,,,,,,2026-08-22T16:11:12Z,2026-08-22T16:11:12Z
MOHE-260603-4712,MHNY SWH STD Mbr Materials_86bc50a7-deff-4cb0-8e47-66aaf71b224b_ru,NY Molina SWH – PDF,NY,2026-06-01 15:00:00,2026-06-03 08:44:00,Y,,,,41.73,41.73 Consecutive Business Hours,,,,,,0,0,0,0,7f796309-b2c8-4c7b-b058-152655929d42,2,PDF,RUS,2026-06-01T19:00:00Z,2026-06-03T12:44:00Z,,,,,,2026-08-22T16:11:12Z,2026-08-22T16:11:12Z
MOHE-260603-4712,MHNY SWH STD Mbr Materials_e90c0fad-029e-40d9-9a4d-8d0aad1dc333_ru,NY Molina SWH – PDF,NY,2026-06-01 16:00:00,2026-06-03 08:44:00,Y,,,,40.74,40.74 Consecutive Business Hours,,,,,,0,0,0,0,361009be-682a-42d0-8a0c-3e1f05f9f1b2,,PDF,RUS,2026-06-01T20:00:00Z,2026-06-03T12:44:00Z,,,,,,2026-08-22T16:11:12Z,2026-08-22T16:11:12Z
MOHE-260603-4712,MHNY SWH STD Mbr Materials_6fcd33e1-2039-45a2-a3b1-2998d28acd01_ru,NY Molina SWH – PDF,NY,2026-06-01 18:00:00,2026-06-03 08:44:00,Y,,,,38.73,38.73 Consecutive Business Hours,,,,,,0,0,0,0,2d1e30e3-d97c-47bc-9a03-15cdb10ac5cf,,PDF,RUS,2026-06-01T22:00:00Z,2026-06-03T12:44:00Z,,,,,,2026-08-22T16:11:12Z,2026-08-22T16:11:12Z
MOHE-260603-4712,MHNY SWH STD Mbr Materials_c474280f-bfbd-4e71-a70a-1628612831b1_ru,NY Molina SWH – PDF,NY,2026-06-01 21:00:00,2026-06-03 08:44:00,Y,,,,24.74,24.74 Consecutive Business Hours,,,,,,0,0,0,0,85eb169a-26c6-489c-bba1-cfdf7919dfb5,2,PDF,RUS,2026-06-02T01:00:00Z,2026-06-03T12:44:00Z,,,,,,2026-08-22T16:11:12Z,2026-08-22T16:11:12Z
MOHE-260603-4712,MHNY SWH STD Mbr Materials_b04bbcc2-f0cc-4873-807a-ed2cc959c0b1_ru,NY Molina SWH – PDF,NY,2026-06-01 21:00:00,2026-06-03 08:44:00,Y,,,,24.74,24.74 Consecutive Business Hours,,,,,,0,0,0,0,e99471e8-1875-4d80-8354-eb20e3bebb45,,PDF,RUS,2026-06-02T01:00:00Z,2026-06-03T12:44:00Z,,,,,,2026-08-22T16:11:12Z,2026-08-22T16:11:12Z
MOHE-260603-4712,MHNY SWH STD Mbr Materials_40a7882c-0398-4376-a41f-984e0eb97f09_ru,NY Molina SWH – PDF,NY,2026-06-01 21:00:00,2026-06-03 08:44:00,Y,,,,24.74,24.74 Consecutive Business Hours,,,,,,0,0,0,0,b02fe350-dab1-4eca-80b9-440a5761e8ea,,PDF,RUS,2026-06-02T01:00:00Z,2026-06-03T12:44:00Z,,,,,,2026-08-22T16:11:12Z,2026-08-22T16:11:12Z
MOHE-260603-4712,MHNY SWH STD Mbr Materials_3bc69e90-feee-4307-b433-dce73bbb41e3_ru,NY Molina SWH – PDF,NY,2026-06-01 21:00:00,2026-06-03 08:44:00,Y,,,,24.74,24.74 Consecutive Business Hours,,,,,,0,0,0,0,c0b140b0-3d11-4f3f-af8a-1be6a4c9c845,2,PDF,RUS,2026-06-02T01:00:00Z,2026-06-03T12:44:00Z,,,,,,2026-08-22T16:11:12Z,2026-08-22T16:11:12Z
MOHE-260604-4758,MHNY SWH STD Mbr Materials_6b6a8680-1494-412b-937b-6e696d4a0daa_ru,NY Molina SWH – PDF,NY,2026-06-02 15:00:00,2026-06-04 09:00:00,Y,,,,41.99,41.99 Consecutive Business Hours,,1.6,0,0,4153,0.56,0.37,0.67,0,1f96048e-d3f1-4799-9950-6bda8bff795f,,PDF,RUS,2026-06-02T19:00:00Z,2026-06-04T13:00:00Z,,,,,,2026-08-22T16:11:12Z,2026-08-22T16:11:12Z
MOHE-260604-4758,MHNY SWH STD Mbr Materials_a2a87a72-a0d0-4f39-9368-6d0e461a16f6_ru,NY Molina SWH – PDF,NY,2026-06-02 18:00:00,2026-06-04 09:00:00,Y,,,,39,39.00 Consecutive Business Hours,,,,,,0,0,0,0,efe8d504-4fc6-432e-a488-833bce2c12a0,,PDF,RUS,2026-06-02T22:00:00Z,2026-06-04T13:00:00Z,,,,,,2026-08-22T16:11:12Z,2026-08-22T16:11:12Z
MOHE-260604-4758,MHNY SWH STD Mbr Materials_ee585c9f-fb96-49d3-a658-bdcd570685c8_ru,NY Molina SWH – PDF,NY,2026-06-02 18:00:00,2026-06-04 09:00:00,Y,,,,39,39.00 Consecutive Business Hours,,,,,,0,0,0,0,bd9993e2-e24b-4d5a-9c22-c29d1e8749a9,2,PDF,RUS,2026-06-02T22:00:00Z,2026-06-04T13:00:00Z,,,,,,2026-08-22T16:11:12Z,2026-08-22T16:11:12Z
MOHE-260604-4758,MHNY SWH STD Mbr Materials_cc744075-f129-424e-b259-2e68f9ebbe9b_ru,NY Molina SWH – PDF,NY,2026-06-02 18:00:00,2026-06-04 09:00:00,Y,,,,39,39.00 Consecutive Business Hours,,,,,,0,0,0,0,d00e546e-00f9-430d-9668-87dbae010747,,PDF,RUS,2026-06-02T22:00:00Z,2026-06-04T13:00:00Z,,,,,,2026-08-22T16:11:12Z,2026-08-22T16:11:12Z
MOHE-260604-4758,MHNY SWH STD Mbr Materials_1083a34e-e5c5-448c-8c1a-05fb9d9ec9e8_ru,NY Molina SWH – PDF,NY,2026-06-02 18:00:00,2026-06-04 09:00:00,Y,,,,39,39.00 Consecutive Business Hours,,,,,,0,0,0,0,fdabaa5c-84cc-4978-88cf-3e127d79fb3d,,PDF,RUS,2026-06-02T22:00:00Z,2026-06-04T13:00:00Z,,,,,,2026-08-22T16:11:12Z,2026-08-22T16:11:12Z
MOHE-260604-4758,MHNY SWH STD Mbr Materials_cb4641ed-f0d6-446c-9a3c-42b0d7cad836_ru,NY Molina SWH – PDF,NY,2026-06-02 18:00:00,2026-06-04 09:00:00,Y,,,,39,39.00 Consecutive Business Hours,,,,,,0,0,0,0,78a27297-decd-4ad1-8fea-85dd84602be2,,PDF,RUS,2026-06-02T22:00:00Z,2026-06-04T13:00:00Z,,,,,,2026-08-22T16:11:12Z,2026-08-22T16:11:12Z
MOHE-260604-4758,MHNY SWH STD Mbr Materials_9b39af4f-291a-4897-8574-bc021908ecb3_ru,NY Molina SWH – PDF,NY,2026-06-02 18:00:00,2026-06-04 09:00:00,Y,,,,39,39.00 Consecutive Business Hours,,,,,,0,0,0,0,58861b30-fa08-4a78-a887-afefbdbee35b,2,PDF,RUS,2026-06-02T22:00:00Z,2026-06-04T13:00:00Z,,,,,,2026-08-22T16:11:12Z,2026-08-22T16:11:12Z
MOHE-260604-4758,MHNY SWH STD Mbr Materials_b6edc332-2572-4eae-a6b7-5fbd4066ed65_ru,NY Molina SWH – PDF,NY,2026-06-02 18:00:00,2026-06-04 09:00:00,Y,,,,38.99,38.99 Consecutive Business Hours,,,,,,0,0,0,0,fffb7c22-0d3b-4b08-a82c-e7a004d2390f,,PDF,RUS,2026-06-02T22:00:00Z,2026-06-04T13:00:00Z,,,,,,2026-08-22T16:11:12Z,2026-08-22T16:11:12Z
MOHE-260604-4762,MHNY SWH STD Mbr Materials_f46aa7d6-bacd-4cd7-ba0c-360fb740920a_ru,NY Molina SWH – PDF,NY,2026-06-03 12:01:00,2026-06-04 23:29:00,Y,,,,35.47,35.47 Consecutive Business Hours,,2.2,,,,0.77,0.51,0.92,0,0e763bcf-2df6-4230-8579-bbea8d9315c0,,PDF,RUS,2026-06-03T16:01:00Z,2026-06-05T03:29:00Z,,,,,,2026-08-22T16:11:12Z,2026-08-22T16:11:12Z
MOHE-260604-4762,MHNY SWH STD Advance Directive_4cd0a44c-189c-4f39-a238-28b6f29e5733_ru,NY Molina SWH – PDF,NY,2026-06-03 12:01:00,2026-06-04 23:29:00,Y,,,,35.47,35.47 Consecutive Business Hours,,,,,,0,0,0,0,eca40961-15a9-4272-a88f-77b14a7db32f,,PDF,RUS,2026-06-03T16:01:00Z,2026-06-05T03:29:00Z,,,,,,2026-08-22T16:11:12Z,2026-08-22T16:11:12Z
MOHE-260604-4762,MHNY SWH STD Mbr Materials_790465ca-d8cb-4760-a632-7ccf22ceae89_ru,NY Molina SWH – PDF,NY,2026-06-03 15:00:00,2026-06-04 23:29:00,Y,,,,32.48,32.48 Consecutive Business Hours,,,,,,0,0,0,0,5e0646c6-272d-4bd9-b450-a663df14c108,2,PDF,RUS,2026-06-03T19:00:00Z,2026-06-05T03:29:00Z,,,,,,2026-08-22T16:11:12Z,2026-08-22T16:11:12Z
MOHE-260604-4762,MHNY SWH STD UTC_9c159ff3-fa8a-4f68-a392-06fead3e9e91_ru,NY Molina SWH – PDF,NY,2026-06-03 18:00:00,2026-06-04 23:29:00,Y,,,,29.48,29.48 Consecutive Business Hours,,,,,,0,0,0,0,13030ac8-78ca-4cf0-bd59-5e81e85dff08,,PDF,RUS,2026-06-03T22:00:00Z,2026-06-05T03:29:00Z,,,,,,2026-08-22T16:11:12Z,2026-08-22T16:11:12Z
MOHE-260604-4762,MHNY SWH STD Advance Directive_d0dc7bd2-20a1-4133-89ee-342132182bef_ru,NY Molina SWH – PDF,NY,2026-06-03 18:00:00,2026-06-04 23:29:00,Y,,,,29.48,29.48 Consecutive Business Hours,,,,,,0,0,0,0,8c441978-843d-4c6f-b27f-b37d112ec37a,,PDF,RUS,2026-06-03T22:00:00Z,2026-06-05T03:29:00Z,,,,,,2026-08-22T16:11:12Z,2026-08-22T16:11:12Z
MOHE-260604-4762,MHNY SWH STD Mbr Materials_a0416153-4e80-4be7-aa41-7b4260ed72f5_ru,NY Molina SWH – PDF,NY,2026-06-03 21:00:00,2026-06-04 23:29:00,Y,,,,15.49,15.49 Consecutive Business Hours,,,,,,0,0,0,0,42ad91fa-a5f5-4662-bfa8-e4e886bb451f,1,PDF,RUS,2026-06-04T01:00:00Z,2026-06-05T03:29:00Z,,,,,,2026-08-22T16:11:12Z,2026-08-22T16:11:12Z
MOHE-260604-4762,MHNY SWH STD Mbr Materials_67acee77-cc2c-437f-8b35-63a7bbf4f0c4_ru,NY Molina SWH – PDF,NY,2026-06-03 21:00:00,2026-06-04 23:29:00,Y,,,,15.49,15.49 Consecutive Business Hours,,,,,,0,0,0,0,1227fba8-eb4d-4fae-8bd1-f7c3798d2ba1,,PDF,RUS,2026-06-04T01:00:00Z,2026-06-05T03:29:00Z,,,,,,2026-08-22T16:11:12Z,2026-08-22T16:11:12Z
MOHE-260604-4762,MHNY SWH STD Mbr Materials_e2ac762e-9778-4ec8-ad15-560b8f2147f1_ru,NY Molina SWH – PDF,NY,2026-06-03 21:00:00,2026-06-04 23:29:00,Y,,,,15.49,15.49 Consecutive Business Hours,,,,,,0,0,0,0,93f33d3d-689b-4b6c-b099-d2c279246c25,,PDF,RUS,2026-06-04T01:00:00Z,2026-06-05T03:29:00Z,,,,,,2026-08-22T16:11:12Z,2026-08-22T16:11:12Z
MOHE-260604-4762,MHNY SWH STD Mbr Materials_fd943003-f216-46b8-ae5f-bed8d3465c1b_ru,NY Molina SWH – PDF,NY,2026-06-03 21:00:00,2026-06-04 23:29:00,Y,,,,15.49,15.49 Consecutive Business Hours,,,,,,0,0,0,0,f9ac4ce4-7748-43ca-94dc-839b2725c2f3,1,PDF,RUS,2026-06-04T01:00:00Z,2026-06-05T03:29:00Z,,,,,,2026-08-22T16:11:12Z,2026-08-22T16:11:12Z
MOHE-260604-4762,MHNY SWH STD Mbr Materials_47213831-7d2e-446f-94df-5c9917ee7690_ru,NY Molina SWH – PDF,NY,2026-06-03 21:00:00,2026-06-04 23:29:00,Y,,,,15.49,15.49 Consecutive Business Hours,,,,,,0,0,0,0,c8c93ae7-de0c-4337-967e-563ba9a5ebb9,1,PDF,RUS,2026-06-04T01:00:00Z,2026-06-05T03:29:00Z,,,,,,2026-08-22T16:11:12Z,2026-08-22T16:11:12Z
MOHE-260604-4762,MHNY SWH STD Mbr Materials_fea4e9f2-0dc6-4edc-bdea-cd928fa7464c_ru,NY Molina SWH – PDF,NY,2026-06-03 21:00:00,2026-06-04 23:29:00,Y,,,,15.49,15.49 Consecutive Business Hours,,,,,,0,0,0,0,33389862-40cc-4d3e-8e64-6728acd7b57d,,PDF,RUS,2026-06-04T01:00:00Z,2026-06-05T03:29:00Z,,,,,,2026-08-22T16:11:12Z,2026-08-22T16:11:12Z
MOHE-260605-4803,MHNY SWH STD Mbr Materials_3cb3af34-ac0c-4b0a-835b-6058bd8eea35_ru,NY Molina SWH – PDF,NY,2026-06-04 12:00:00,2026-06-05 15:36:00,Y,,,,27.6,27.60 Consecutive Business Hours,,1.4,,,3306,0.49,0.32,0.59,0,c5e887b4-0b76-4efc-8e80-de7184acc312,,PDF,RUS,2026-06-04T16:00:00Z,2026-06-05T19:36:00Z,,,,,,2026-08-22T16:11:12Z,2026-08-22T16:11:12Z
MOHE-260605-4803,MHNY SWH STD Mbr Materials_e5e39f75-6647-4dc8-a10f-debddc796f9c_ru,NY Molina SWH – PDF,NY,2026-06-04 15:00:00,2026-06-05 15:36:00,Y,,,,24.6,24.60 Consecutive Business Hours,,,,,,0,0,0,0,33ec17f1-d35a-4f39-8920-5cb98e1f71cb,5,PDF,RUS,2026-06-04T19:00:00Z,2026-06-05T19:36:00Z,,,,,,2026-08-22T16:11:12Z,2026-08-22T16:11:12Z
MOHE-260605-4803,MHNY SWH STD Mbr Materials_5f875342-ebb7-40d9-ba7f-5011115dd600_ru,NY Molina SWH – PDF,NY,2026-06-04 15:00:00,2026-06-05 15:36:00,Y,,,,24.6,24.60 Consecutive Business Hours,,,,,,0,0,0,0,5d341c5c-ac23-4aa6-bfcb-a648dd13cec8,,PDF,RUS,2026-06-04T19:00:00Z,2026-06-05T19:36:00Z,,,,,,2026-08-22T16:11:12Z,2026-08-22T16:11:12Z
MOHE-260605-4803,MHNY SWH STD Mbr Materials_c97af3e2-6498-4585-85de-a95f990fbb98_ru,NY Molina SWH – PDF,NY,2026-06-04 21:00:00,2026-06-05 15:36:00,Y,,,,7.62,7.62 Consecutive Business Hours,,,,,,0,0,0,0,a7af7ba8-be52-450f-a7c8-933b0f515163,5,PDF,RUS,2026-06-05T01:00:00Z,2026-06-05T19:36:00Z,,,,,,2026-08-22T16:11:12Z,2026-08-22T16:11:12Z
MOHE-260605-4803,MHNY SWH STD Mbr Materials_30cac699-9614-44b5-b504-68b5dcf41dac_ru,NY Molina SWH – PDF,NY,2026-06-04 22:00:00,2026-06-05 15:36:00,Y,,,,7.61,7.61 Consecutive Business Hours,,,,,,0,0,0,0,9f592488-f20d-4588-8a7a-17255d6594bf,,PDF,RUS,2026-06-05T02:00:00Z,2026-06-05T19:36:00Z,,,,,,2026-08-22T16:11:12Z,2026-08-22T16:11:12Z
MOHE-260605-4803,MHNY SWH STD Mbr Materials_27686370-b16f-44c5-8675-3ded19e23248_ru,NY Molina SWH – PDF,NY,2026-06-05 00:00:00,2026-06-05 15:36:00,Y,,,,7.61,7.61 Consecutive Business Hours,,,,,,0,0,0,0,28d9e25b-bb32-42ef-830d-1d7b972dceff,,PDF,RUS,2026-06-05T04:00:00Z,2026-06-05T19:36:00Z,,,,,,2026-08-22T16:11:12Z,2026-08-22T16:11:12Z
MOHE-260608-4857,MHNY SWH STD Care Plan_20c8dc8b-1f32-4eb5-a986-ce9bcbee6e4e_ru,NY Molina SWH – PDF,NY,2026-06-05 15:00:00,2026-06-08 15:01:00,Y,,,,24.02,24.02 Consecutive Business Hours,,2.62,49,34,5431,0.92,0.6,1.1,0,24a99d1e-2ea6-48a4-9078-e34e3b2ae7bb,5,PDF,RUS,2026-06-05T19:00:00Z,2026-06-08T19:01:00Z,,,,,,2026-08-22T16:11:12Z,2026-08-22T16:11:12Z
MOHE-260608-4857,MHNY SWH STD Mbr Materials_99acb0e7-5d74-45ba-9a49-21a1d6b8d1d8_ru,NY Molina SWH – PDF,NY,2026-06-05 15:00:00,2026-06-08 15:01:00,Y,,,,24.02,24.02 Consecutive Business Hours,,,,,,0,0,0,0,17547974-868f-49f3-a585-543d2ed0c2cd,,PDF,RUS,2026-06-05T19:00:00Z,2026-06-08T19:01:00Z,,,,,,2026-08-22T16:11:12Z,2026-08-22T16:11:12Z
MOHE-260608-4857,MHNY SWH STD Mbr Materials_0896840e-75a8-459b-a49f-0fd3151feebc_ru,NY Molina SWH – PDF,NY,2026-06-05 15:00:00,2026-06-08 15:01:00,Y,,,,24.02,24.02 Consecutive Business Hours,,,,,,0,0,0,0,1a9c5316-b864-4c82-b9ed-7ffb2caadc6d,,PDF,RUS,2026-06-05T19:00:00Z,2026-06-08T19:01:00Z,,,,,,2026-08-22T16:11:12Z,2026-08-22T16:11:12Z
MOHE-260608-4857,MHNY SWH STD Mbr Materials_94548169-9de0-4d04-8d2e-e6844c7b8825_ru,NY Molina SWH – PDF,NY,2026-06-05 15:00:00,2026-06-08 15:01:00,Y,,,,24.02,24.02 Consecutive Business Hours,,,,,,0,0,0,0,6192f82c-5a04-440a-a8de-a1af5deacf02,,PDF,RUS,2026-06-05T19:00:00Z,2026-06-08T19:01:00Z,,,,,,2026-08-22T16:11:12Z,2026-08-22T16:11:12Z
MOHE-260608-4857,MHNY SWH STD Mbr Materials_6fb74a46-5578-4c88-b723-e25567c14c62_ru,NY Molina SWH – PDF,NY,2026-06-05 21:00:00,2026-06-08 15:01:00,Y,,,,7.03,7.03 Consecutive Business Hours,,,,,,0,0,0,0,9cb6143d-3077-4c80-a179-77a0808bd7d4,5,PDF,RUS,2026-06-06T01:00:00Z,2026-06-08T19:01:00Z,,,,,,2026-08-22T16:11:12Z,2026-08-22T16:11:12Z
MOHE-260608-4857,MHNY SWH STD Mbr Materials_c1195adf-7438-46c9-b94a-6afac525eb1b_ru,NY Molina SWH – PDF,NY,2026-06-05 21:00:00,2026-06-08 15:01:00,Y,,,,7.03,7.03 Consecutive Business Hours,,,,,,0,0,0,0,bd9e9264-140d-431f-b143-3706c78e1134,5,PDF,RUS,2026-06-06T01:00:00Z,2026-06-08T19:01:00Z,,,,,,2026-08-22T16:11:12Z,2026-08-22T16:11:12Z
MOHE-260608-4857,MHNY SWH STD Mbr Materials_ba370953-9196-4013-9670-ffb484605cfc_ru,NY Molina SWH – PDF,NY,2026-06-05 21:00:00,2026-06-08 15:01:00,Y,,,,7.03,7.03 Consecutive Business Hours,,,,,,0,0,0,0,f5868f34-2fa8-4522-bb77-a0946322f78d,5,PDF,RUS,2026-06-06T01:00:00Z,2026-06-08T19:01:00Z,,,,,,2026-08-22T16:11:12Z,2026-08-22T16:11:12Z
MOHE-260608-4886,MHNY SWH STD Care Plan_696847dc-7cc0-4907-b8b5-c77ab9e70b55_ru,NY Molina SWH – PDF,NY,2026-06-05 15:00:00,2026-06-09 17:49:00,Y,,,,50.81,50.81 Consecutive Business Hours,,2.81,41,196,6657,0.98,0.65,1.18,0,f18d71c8-0c15-446d-acd7-93031a372afe,,PDF,RUS,2026-06-05T19:00:00Z,2026-06-09T21:49:00Z,,,,,,2026-08-22T16:11:12Z,2026-08-22T16:11:12Z
MOHE-260608-4886,MHNY SWH STD Care Plan_d78d6d80-7897-43ba-b35d-fc42eddaca9c_ru,NY Molina SWH – PDF,NY,2026-06-05 15:00:00,2026-06-09 17:49:00,Y,,,,50.81,50.81 Consecutive Business Hours,,,,,,0,0,0,0,b3b5d05f-d9fa-44e3-ba64-6a42a3ec57c3,5,PDF,RUS,2026-06-05T19:00:00Z,2026-06-09T21:49:00Z,,,,,,2026-08-22T16:11:12Z,2026-08-22T16:11:12Z
MOHE-260608-4886,MHNY SWH STD Mbr Materials_d849ffc0-3aa0-4b1e-bd63-12013f017d75_ru,NY Molina SWH – PDF,NY,2026-06-05 21:00:00,2026-06-09 18:07:00,Y,,,,34.13,34.13 Consecutive Business Hours,,,,,,0,0,0,0,aad4019f-8737-4d81-b99d-aaec6b33a405,,PDF,RUS,2026-06-06T01:00:00Z,2026-06-09T22:07:00Z,,,,,,2026-08-22T16:11:12Z,2026-08-22T16:11:12Z
MOHE-260608-4886,MHNY SWH STD Mbr Materials_9e21b49e-c47b-449b-ba36-adac2dd77dc7_ru,NY Molina SWH – PDF,NY,2026-06-05 21:00:00,2026-06-09 18:07:00,Y,,,,34.13,34.13 Consecutive Business Hours,,,,,,0,0,0,0,b09c9af4-86fb-4f28-8db1-3556976249c5,,PDF,RUS,2026-06-06T01:00:00Z,2026-06-09T22:07:00Z,,,,,,2026-08-22T16:11:12Z,2026-08-22T16:11:12Z
MOHE-260608-4886,MHNY SWH STD Mbr Materials_108e0ef6-5b94-40ac-8059-59472de03d30_ru,NY Molina SWH – PDF,NY,2026-06-05 21:00:00,2026-06-09 18:07:00,Y,,,,34.13,34.13 Consecutive Business Hours,,,,,,0,0,0,0,ef341277-987a-4265-ad1e-79289fa7f398,5,PDF,RUS,2026-06-06T01:00:00Z,2026-06-09T22:07:00Z,,,,,,2026-08-22T16:11:12Z,2026-08-22T16:11:12Z
MOHE-260609-4911,MHNY SWH STD Mbr Materials_1b5b3661-7535-4e4c-a1a4-4f15786fd68f_ru,NY Molina SWH – PDF,NY,2026-06-08 15:00:00,2026-06-10 08:15:00,Y,,,,41.25,41.25 Consecutive Business Hours,,2.7,0,0,5396,0.95,0.62,1.13,0,980e677b-741e-437c-9acc-270426dabcfb,,PDF,RUS,2026-06-08T19:00:00Z,2026-06-10T12:15:00Z,,,,,,2026-08-22T16:11:12Z,2026-08-22T16:11:12Z
MOHE-260609-4911,MHNY SWH STD Mbr Materials_537cc92a-16a1-46fa-bd25-1a0740f63b6f_ru,NY Molina SWH – PDF,NY,2026-06-08 15:00:00,2026-06-10 08:15:00,Y,,,,41.25,41.25 Consecutive Business Hours,,,,,,0,0,0,0,19a9ba1f-686e-47cd-a2e5-7d921848fc81,,PDF,RUS,2026-06-08T19:00:00Z,2026-06-10T12:15:00Z,,,,,,2026-08-22T16:11:12Z,2026-08-22T16:11:12Z
MOHE-260609-4911,MHNY SWH STD Mbr Materials_31375946-ce62-4ec8-b975-890f08be525a_ru,NY Molina SWH – PDF,NY,2026-06-08 15:00:00,2026-06-10 08:15:00,Y,,,,41.26,41.26 Consecutive Business Hours,,,,,,0,0,0,0,0c6c9d11-7f84-4043-b777-57b3b8d29c6f,,PDF,RUS,2026-06-08T19:00:00Z,2026-06-10T12:15:00Z,,,,,,2026-08-22T16:11:12Z,2026-08-22T16:11:12Z
MOHE-260609-4911,MHNY SWH STD Mbr Materials_243e9a62-f739-42ce-9cf3-c81cab53076e_ru,NY Molina SWH – PDF,NY,2026-06-08 18:00:00,2026-06-10 08:15:00,Y,,,,38.25,38.25 Consecutive Business Hours,,,,,,0,0,0,0,60ae74cf-bb64-4955-81c6-26fd33c70113,5,PDF,RUS,2026-06-08T22:00:00Z,2026-06-10T12:15:00Z,,,,,,2026-08-22T16:11:12Z,2026-08-22T16:11:12Z
MOHE-260609-4911,MHNY SWH STD Mbr Materials_bab2b4a8-47fe-4fa1-a00e-d8c41dcecbbe_ru,NY Molina SWH – PDF,NY,2026-06-08 21:00:00,2026-06-10 08:15:00,Y,,,,24.26,24.26 Consecutive Business Hours,,,,,,0,0,0,0,32ca66ba-9f74-481c-bfc2-8a1c324dfdde,5,PDF,RUS,2026-06-09T01:00:00Z,2026-06-10T12:15:00Z,,,,,,2026-08-22T16:11:12Z,2026-08-22T16:11:12Z
MOHE-260609-4911,MHNY SWH STD Mbr Materials_551e76c2-f18d-4dc8-9dea-edf5fca09ce7_ru,NY Molina SWH – PDF,NY,2026-06-08 21:00:00,2026-06-10 08:15:00,Y,,,,24.26,24.26 Consecutive Business Hours,,,,,,0,0,0,0,6da4944f-692d-42d5-97ab-961543cf1882,,PDF,RUS,2026-06-09T01:00:00Z,2026-06-10T12:15:00Z,,,,,,2026-08-22T16:11:12Z,2026-08-22T16:11:12Z
MOHE-260609-4911,MHNY SWH STD Mbr Materials_dfc3eef8-dfd5-4d41-84de-610e3ec5c7ab_ru,NY Molina SWH – PDF,NY,2026-06-08 21:00:00,2026-06-10 08:15:00,Y,,,,24.27,24.27 Consecutive Business Hours,,,,,,0,0,0,0,09e59031-3122-46d0-97aa-9de80845bf06,,PDF,RUS,2026-06-09T01:00:00Z,2026-06-10T12:15:00Z,,,,,,2026-08-22T16:11:12Z,2026-08-22T16:11:12Z
MOHE-260609-4911,MHNY SWH STD Mbr Materials_2df33bf5-7740-4933-9439-1ffa8e8d93b0_ru,NY Molina SWH – PDF,NY,2026-06-08 21:00:00,2026-06-10 08:15:00,Y,,,,24.26,24.26 Consecutive Business Hours,,,,,,0,0,0,0,d6f0556d-f670-42dd-88a1-e173eea59993,,PDF,RUS,2026-06-09T01:00:00Z,2026-06-10T12:15:00Z,,,,,,2026-08-22T16:11:12Z,2026-08-22T16:11:12Z
MOHE-260609-4911,MHNY SWH STD Mbr Materials_831c600e-4385-4f06-a438-ec6f6c4ecb7d_ru,NY Molina SWH – PDF,NY,2026-06-08 21:00:00,2026-06-10 08:15:00,Y,,,,24.26,24.26 Consecutive Business Hours,,,,,,0,0,0,0,835751f2-7a9a-4f6c-b3d0-67eca1529e19,,PDF,RUS,2026-06-09T01:00:00Z,2026-06-10T12:15:00Z,,,,,,2026-08-22T16:11:12Z,2026-08-22T16:11:12Z
MOHE-260609-4911,MHNY SWH STD Mbr Materials_1af37d0b-e3e8-40f7-a54f-58d17fe63fa9_ru,NY Molina SWH – PDF,NY,2026-06-09 00:00:00,2026-06-10 08:15:00,Y,,,,24.26,24.26 Consecutive Business Hours,,,,,,0,0,0,0,f99fd988-d17d-4e1a-ab40-8a409a621669,,PDF,RUS,2026-06-09T04:00:00Z,2026-06-10T12:15:00Z,,,,,,2026-08-22T16:11:12Z,2026-08-22T16:11:12Z
MOHE-260609-4911,MHNY SWH STD Mbr Materials_edea4b7a-1bc7-40ba-aaae-a47c0b6c77a5_ru,NY Molina SWH – PDF,NY,2026-06-09 15:00:00,2026-06-09 19:51:00,Y,,,,4.85,4.85 Consecutive Business Hours,,,,,,0,0,0,0,f43eddbe-1242-41b2-b656-dec80ac2d222,,PDF,RUS,2026-06-09T19:00:00Z,2026-06-09T23:51:00Z,,,,,,2026-08-22T16:11:12Z,2026-08-22T16:11:12Z
MOHE-260609-4911,MHNY SWH STD Advance Directive_811efdeb-2741-4396-bade-a2936fbc02ba_ru,NY Molina SWH – PDF,NY,2026-06-09 15:00:00,2026-06-09 19:51:00,Y,,,,4.85,4.85 Consecutive Business Hours,,,,,,0,0,0,0,37cf238a-3730-4794-b568-a5679e77a1c8,,PDF,RUS,2026-06-09T19:00:00Z,2026-06-09T23:51:00Z,,,,,,2026-08-22T16:11:12Z,2026-08-22T16:11:12Z
MOHE-260609-4911,MHNY SWH STD Advance Directive_d541f48d-748b-4fd0-a339-248bf00ba0af_ru,NY Molina SWH – PDF,NY,2026-06-09 15:00:00,2026-06-09 19:51:00,Y,,,,4.85,4.85 Consecutive Business Hours,,,,,,0,0,0,0,26e30fbe-4a83-407e-a70f-b92fcb27274d,,PDF,RUS,2026-06-09T19:00:00Z,2026-06-09T23:51:00Z,,,,,,2026-08-22T16:11:12Z,2026-08-22T16:11:12Z
MOHE-260609-4911,MHNY SWH STD Mbr Materials_55ef931b-d075-4333-b46d-91255f7994c7_ru,NY Molina SWH – PDF,NY,2026-06-09 15:00:00,2026-06-09 19:51:00,Y,,,,4.85,4.85 Consecutive Business Hours,,,,,,0,0,0,0,75d97cef-5cfc-4f11-b16a-01498860a738,,PDF,RUS,2026-06-09T19:00:00Z,2026-06-09T23:51:00Z,,,,,,2026-08-22T16:11:12Z,2026-08-22T16:11:12Z
MOHE-260609-4911,MHNY SWH STD Mbr Materials_b5226630-a438-48b6-be16-e8e6756b856b_ru,NY Molina SWH – PDF,NY,2026-06-09 15:00:00,2026-06-09 19:51:00,Y,,,,4.85,4.85 Consecutive Business Hours,,,,,,0,0,0,0,b8411823-e6c0-4510-a094-d236f5d8e7ba,,PDF,RUS,2026-06-09T19:00:00Z,2026-06-09T23:51:00Z,,,,,,2026-08-22T16:11:12Z,2026-08-22T16:11:12Z
MOHE-260610-4949,MHNY SWH STD Mbr Materials_ba04d24b-3750-4ca9-afde-b7d562a3d241_ru,NY Molina SWH – PDF,NY,2026-06-09 18:00:00,2026-06-10 16:49:00,Y,,,,22.82,22.82 Consecutive Business Hours,,2.43,0,0,4799,0.85,0.56,1.02,0,29de5264-cbe2-4aaf-ae2f-b12e8f37c7cb,,PDF,RUS,2026-06-09T22:00:00Z,2026-06-10T20:49:00Z,,,,,,2026-08-22T16:11:12Z,2026-08-22T16:11:12Z
MOHE-260610-4949,MHNY SWH STD Mbr Materials_81d5659f-26e6-464c-9a7b-b039a8b22eb5_ru,NY Molina SWH – PDF,NY,2026-06-09 18:00:00,2026-06-10 16:49:00,Y,,,,22.82,22.82 Consecutive Business Hours,,,,,,0,0,0,0,7b63fbbb-1a11-4e3c-9833-ec0d795b78f2,,PDF,RUS,2026-06-09T22:00:00Z,2026-06-10T20:49:00Z,,,,,,2026-08-22T16:11:12Z,2026-08-22T16:11:12Z
MOHE-260610-4949,MHNY SWH STD Mbr Materials_773c46ac-d2c5-45b3-9755-3a919fba6c5e_ru,NY Molina SWH – PDF,NY,2026-06-09 18:00:00,2026-06-10 16:49:00,Y,,,,22.82,22.82 Consecutive Business Hours,,,,,,0,0,0,0,15e8b9a7-8e7d-44a5-8db7-423ee40e6525,,PDF,RUS,2026-06-09T22:00:00Z,2026-06-10T20:49:00Z,,,,,,2026-08-22T16:11:12Z,2026-08-22T16:11:12Z
MOHE-260610-4949,MHNY SWH STD Mbr Materials_126a8426-371f-4568-9fec-3f1e1e97fbf6_ru,NY Molina SWH – PDF,NY,2026-06-09 18:00:00,2026-06-10 16:49:00,Y,,,,22.82,22.82 Consecutive Business Hours,,,,,,0,0,0,0,c67bdf1a-3152-4084-b42d-1fd458a3204c,,PDF,RUS,2026-06-09T22:00:00Z,2026-06-10T20:49:00Z,,,,,,2026-08-22T16:11:12Z,2026-08-22T16:11:12Z
MOHE-260610-4949,MHNY SWH STD Mbr Materials_7b23c141-4701-4775-9d75-3ab105f7362c_ru,NY Molina SWH – PDF,NY,2026-06-10 06:00:00,2026-06-10 16:49:00,Y,,,,8.82,8.82 Consecutive Business Hours,,,,,,0,0,0,0,dd8c8706-8665-40e4-ba41-9a4ebd004c68,,PDF,RUS,2026-06-10T10:00:00Z,2026-06-10T20:49:00Z,,,,,,2026-08-22T16:11:12Z,2026-08-22T16:11:12Z
MOHE-260610-4949,MHNY SWH STD Mbr Materials_41ef3c48-e375-4bd5-86f2-e54f6374174e_ru,NY Molina SWH – PDF,NY,2026-06-10 06:00:00,2026-06-10 16:49:00,Y,,,,8.82,8.82 Consecutive Business Hours,,,,,,0,0,0,0,0a4c210d-7520-486a-a005-5d42596ebfbc,,PDF,RUS,2026-06-10T10:00:00Z,2026-06-10T20:49:00Z,,,,,,2026-08-22T16:11:12Z,2026-08-22T16:11:12Z
MOHE-260610-4949,MHNY SWH STD Mbr Materials_74b2df7d-8972-4b6c-9037-d80bb5b8eb1f_ru,NY Molina SWH – PDF,NY,2026-06-10 06:00:00,2026-06-10 16:49:00,Y,,,,8.82,8.82 Consecutive Business Hours,,,,,,0,0,0,0,4d7fdb76-9f43-4e98-a3c9-26f40aa16678,,PDF,RUS,2026-06-10T10:00:00Z,2026-06-10T20:49:00Z,,,,,,2026-08-22T16:11:12Z,2026-08-22T16:11:12Z
MOHE-260610-4949,MHNY SWH STD Mbr Materials_606f5c75-0904-4df5-ac02-87bfd56bff77_ru,NY Molina SWH – PDF,NY,2026-06-10 06:00:00,2026-06-10 16:49:00,Y,,,,8.82,8.82 Consecutive Business Hours,,,,,,0,0,0,0,b1c61135-a439-49de-a228-8fd976f28118,,PDF,RUS,2026-06-10T10:00:00Z,2026-06-10T20:49:00Z,,,,,,2026-08-22T16:11:12Z,2026-08-22T16:11:12Z
MOHE-260610-4949,MHNY SWH STD Mbr Materials_f1c2342a-525d-465e-bbc7-28d88b38ae40_ru,NY Molina SWH – PDF,NY,2026-06-10 06:00:00,2026-06-10 16:49:00,Y,,,,8.82,8.82 Consecutive Business Hours,,,,,,0,0,0,0,d3db0728-2b3a-4b0a-a236-ff27c349c458,,PDF,RUS,2026-06-10T10:00:00Z,2026-06-10T20:49:00Z,,,,,,2026-08-22T16:11:12Z,2026-08-22T16:11:12Z
MOHE-260611-5000,MHNY SWH STD Mbr Materials_7b8aa7ff-6382-4af3-94ad-71071058a03c_ru,NY Molina SWH – PDF,NY,2026-06-10 15:00:00,2026-06-11 16:58:00,Y,,,,25.96,25.96 Consecutive Business Hours,,1.62,0,0,3241,0.57,0.37,0.68,0,146c2db1-4b13-4e9b-9510-14a9aad1ffbc,,PDF,RUS,2026-06-10T19:00:00Z,2026-06-11T20:58:00Z,,,,,,2026-08-22T16:11:12Z,2026-08-22T16:11:12Z
MOHE-260611-5000,MHNY SWH STD Mbr Materials_96b5bd01-0042-48f8-abc2-cf4602104d5c_ru,NY Molina SWH – PDF,NY,2026-06-10 15:00:00,2026-06-11 16:58:00,Y,,,,25.96,25.96 Consecutive Business Hours,,,,,,0,0,0,0,82e62d04-e79f-47c7-b18d-93fcb599eab9,1,PDF,RUS,2026-06-10T19:00:00Z,2026-06-11T20:58:00Z,,,,,,2026-08-22T16:11:12Z,2026-08-22T16:11:12Z
MOHE-260611-5000,MHNY SWH STD Mbr Materials_2c3ba2b9-c9bc-4930-8b40-866146687977_ru,NY Molina SWH – PDF,NY,2026-06-10 18:00:00,2026-06-11 16:58:00,Y,,,,22.97,22.97 Consecutive Business Hours,,,,,,0,0,0,0,531cd412-d765-49e0-b73f-94818e566048,1,PDF,RUS,2026-06-10T22:00:00Z,2026-06-11T20:58:00Z,,,,,,2026-08-22T16:11:12Z,2026-08-22T16:11:12Z
MOHE-260611-5000,MHNY SWH STD Mbr Materials_f4886f2f-4504-4f83-94b6-24acfe4353f1_ru,NY Molina SWH – PDF,NY,2026-06-10 18:00:00,2026-06-11 16:58:00,Y,,,,22.97,22.97 Consecutive Business Hours,,,,,,0,0,0,0,952ae8cc-f401-4e7a-9cc1-f64e903bc128,1,PDF,RUS,2026-06-10T22:00:00Z,2026-06-11T20:58:00Z,,,,,,2026-08-22T16:11:12Z,2026-08-22T16:11:12Z
MOHE-260611-5000,MHNY SWH STD Mbr Materials_42971d8a-5da9-48c5-b15f-f9cf0fb7014a_ru,NY Molina SWH – PDF,NY,2026-06-10 21:00:00,2026-06-11 16:58:00,Y,,,,8.97,8.97 Consecutive Business Hours,,,,,,0,0,0,0,4b2fcfa8-9e38-422b-a26f-82411a70f81f,1,PDF,RUS,2026-06-11T01:00:00Z,2026-06-11T20:58:00Z,,,,,,2026-08-22T16:11:12Z,2026-08-22T16:11:12Z
MOHE-260611-5000,MHNY SWH STD Mbr Materials_dc28858a-9b8a-41cc-ae78-10a19c997031_ru,NY Molina SWH – PDF,NY,2026-06-10 21:00:00,2026-06-11 16:58:00,Y,,,,8.97,8.97 Consecutive Business Hours,,,,,,0,0,0,0,10f51fc9-f308-44b5-b6e1-cd1e58edb8f5,,PDF,RUS,2026-06-11T01:00:00Z,2026-06-11T20:58:00Z,,,,,,2026-08-22T16:11:12Z,2026-08-22T16:11:12Z
MOHE-260612-5048,MHNY SWH STD Mbr Materials_50a5c58d-33b0-47b0-852c-aa0b4ab0b2ed_ru,NY Molina SWH – PDF,NY,2026-06-11 21:00:00,2026-06-15 15:28:00,Y,,,,31.47,31.47 Consecutive Business Hours,,6.13,588,315,21416,2.15,1.41,2.57,0,f4386a33-3558-4415-b6d5-1820018c2a19,1,PDF,RUS,2026-06-12T01:00:00Z,2026-06-15T19:28:00Z,,,,,,2026-08-22T16:11:12Z,2026-08-22T16:11:12Z
MOHE-260612-5048,MHNY SWH STD Mbr Materials_70371a49-acaf-45d4-9273-ece114e63d2e_ru,NY Molina SWH – PDF,NY,2026-06-11 21:00:00,2026-06-15 15:28:00,Y,,,,31.47,31.47 Consecutive Business Hours,,,,,,0,0,0,0,19a9203c-e6c3-49a3-8b28-15c941fe2bea,1,PDF,RUS,2026-06-12T01:00:00Z,2026-06-15T19:28:00Z,,,,,,2026-08-22T16:11:12Z,2026-08-22T16:11:12Z
MOHE-260612-5048,MHNY SWH STD Mbr Materials_9271db2a-3db5-4893-9c80-d103c4bd04c7_ru,NY Molina SWH – PDF,NY,2026-06-11 21:00:00,2026-06-15 15:28:00,Y,,,,31.47,31.47 Consecutive Business Hours,,,,,,0,0,0,0,60bcd5a6-c79b-42c4-9787-4984def8b671,1,PDF,RUS,2026-06-12T01:00:00Z,2026-06-15T19:28:00Z,,,,,,2026-08-22T16:11:12Z,2026-08-22T16:11:12Z
MOHE-260612-5048,MHNY SWH STD Mbr Materials_81c84cd2-2e25-46f5-a554-c8a64512926a_ru,NY Molina SWH – PDF,NY,2026-06-12 15:00:00,2026-06-15 15:28:00,Y,,,,24.46,24.46 Consecutive Business Hours,,,,,,0,0,0,0,432ced99-bc8b-4ee4-af1f-5f9595eeb98e,1,PDF,RUS,2026-06-12T19:00:00Z,2026-06-15T19:28:00Z,,,,,,2026-08-22T16:11:12Z,2026-08-22T16:11:12Z
MOHE-260612-5048,MHNY SWH STD Mbr Materials_58c7378a-e949-4b2d-bc48-ba0f39b19a29_ru,NY Molina SWH – PDF,NY,2026-06-12 15:00:00,2026-06-15 15:28:00,Y,,,,24.46,24.46 Consecutive Business Hours,,,,,,0,0,0,0,d5c341f4-7192-449b-a4da-c0241b1e6f0a,1,PDF,RUS,2026-06-12T19:00:00Z,2026-06-15T19:28:00Z,,,,,,2026-08-22T16:11:12Z,2026-08-22T16:11:12Z
MOHE-260612-5048,MHNY SWH STD Mbr Materials_0b447956-78f3-4bfa-b4f5-a5a88fca0f43_ru,NY Molina SWH – PDF,NY,2026-06-12 15:00:00,2026-06-15 15:28:00,Y,,,,24.46,24.46 Consecutive Business Hours,,,,,,0,0,0,0,1383a440-059e-46a8-af25-c43ad16e2775,,PDF,RUS,2026-06-12T19:00:00Z,2026-06-15T19:28:00Z,,,,,,2026-08-22T16:11:12Z,2026-08-22T16:11:12Z
MOHE-260612-5048,MHNY SWH STD Mbr Materials_001fc554-e396-43cd-bc96-867a0a5d9b24_ru,NY Molina SWH – PDF,NY,2026-06-12 15:00:00,2026-06-15 15:28:00,Y,,,,24.46,24.46 Consecutive Business Hours,,,,,,0,0,0,0,1177e54a-1909-44ba-b8c5-35f79edee52e,,PDF,RUS,2026-06-12T19:00:00Z,2026-06-15T19:28:00Z,,,,,,2026-08-22T16:11:12Z,2026-08-22T16:11:12Z
MOHE-260612-5048,MHNY SWH STD Care Plan_5ddd97fc-0f87-4a5f-b78c-9931ec673a9c_ru,NY Molina SWH – PDF,NY,2026-06-12 15:00:00,2026-06-15 15:28:00,Y,,,,24.46,24.46 Consecutive Business Hours,,,,,,0,0,0,0,b0ca599d-9b5d-4b63-a138-82883a0407b2,1,PDF,RUS,2026-06-12T19:00:00Z,2026-06-15T19:28:00Z,,,,,,2026-08-22T16:11:12Z,2026-08-22T16:11:12Z
MOHE-260612-5048,MHNY SWH STD Mbr Materials_5f0a2dd0-180d-49b1-b297-f70fa3bb04f2_ru,NY Molina SWH – PDF,NY,2026-06-12 15:00:00,2026-06-15 15:28:00,Y,,,,24.46,24.46 Consecutive Business Hours,,,,,,0,0,0,0,bba2e524-8346-4a09-a0d2-24beb820a56f,1,PDF,RUS,2026-06-12T19:00:00Z,2026-06-15T19:28:00Z,,,,,,2026-08-22T16:11:12Z,2026-08-22T16:11:12Z
MOHE-260612-5048,MHNY SWH STD Care Plan_95dfd153-1175-4be6-85ef-48534d0dbdc5_ru,NY Molina SWH – PDF,NY,2026-06-12 15:00:00,2026-06-15 15:28:00,Y,,,,24.46,24.46 Consecutive Business Hours,,,,,,0,0,0,0,62563443-626d-4ca7-806b-46c268427d8d,1,PDF,RUS,2026-06-12T19:00:00Z,2026-06-15T19:28:00Z,,,,,,2026-08-22T16:11:12Z,2026-08-22T16:11:12Z
MOHE-260612-5048,MHNY SWH STD Mbr Materials_0c3c9e59-e600-4cfd-9828-593935ca3835_ru,NY Molina SWH – PDF,NY,2026-06-12 15:00:00,2026-06-15 15:28:00,Y,,,,24.46,24.46 Consecutive Business Hours,,,,,,0,0,0,0,3b63b452-73d6-4b86-9bba-340ae1ecdc20,1,PDF,RUS,2026-06-12T19:00:00Z,2026-06-15T19:28:00Z,,,,,,2026-08-22T16:11:12Z,2026-08-22T16:11:12Z
MOHE-260612-5048,MHNY SWH STD Care Plan_755d77fa-ec2b-4239-bcf5-b1f8715838e4_ru,NY Molina SWH – PDF,NY,2026-06-12 15:00:00,2026-06-15 15:28:00,Y,,,,24.46,24.46 Consecutive Business Hours,,,,,,0,0,0,0,7353506a-f967-44cf-88cd-d709cca7f14e,1,PDF,RUS,2026-06-12T19:00:00Z,2026-06-15T19:28:00Z,,,,,,2026-08-22T16:11:12Z,2026-08-22T16:11:12Z
MOHE-260612-5023,MHNY SWH STD Mbr Materials_ea56b660-b46f-4d37-8429-584ff44964ba_ru,NY Molina SWH – PDF,NY,2026-06-11 15:00:00,2026-06-12 17:56:00,Y,,,,26.93,26.93 Consecutive Business Hours,,,,,,0,0,0,0,86b79bcd-a70b-4965-b66d-245655e82ffa,,PDF,RUS,2026-06-11T19:00:00Z,2026-06-12T21:56:00Z,,,,,,2026-08-22T16:11:12Z,2026-08-22T16:11:12Z
MOHE-260612-5023,MHNY SWH STD Mbr Materials_33c44af5-f527-4383-afe6-f0284951162f_ru,NY Molina SWH – PDF,NY,2026-06-11 15:00:00,2026-06-12 17:56:00,Y,,,,26.93,26.93 Consecutive Business Hours,,,,,,0,0,0,0,9dd323ac-eb19-499c-bb6e-f98f8c75bed1,,PDF,RUS,2026-06-11T19:00:00Z,2026-06-12T21:56:00Z,,,,,,2026-08-22T16:11:12Z,2026-08-22T16:11:12Z
MOHE-260612-5023,MHNY SWH STD Mbr Materials_b309f12a-8b76-498f-909d-538f5507559c_ru,NY Molina SWH – PDF,NY,2026-06-11 15:00:00,2026-06-12 17:56:00,Y,,,,26.93,26.93 Consecutive Business Hours,,,,,,0,0,0,0,661d7941-e43f-45dd-851e-e94e8709b860,,PDF,RUS,2026-06-11T19:00:00Z,2026-06-12T21:56:00Z,,,,,,2026-08-22T16:11:12Z,2026-08-22T16:11:12Z
MOHE-260612-5023,MHNY SWH STD Mbr Materials_3f99e73d-6a69-466a-862c-823ed740dd52_ru,NY Molina SWH – PDF,NY,2026-06-11 15:00:00,2026-06-12 17:56:00,Y,,,,26.93,26.93 Consecutive Business Hours,,,,,,0,0,0,0,1642fc04-ccdc-422b-8725-f5a14659f790,1,PDF,RUS,2026-06-11T19:00:00Z,2026-06-12T21:56:00Z,,,,,,2026-08-22T16:11:12Z,2026-08-22T16:11:12Z
MOHE-260612-5023,MHNY SWH STD Mbr Materials_cd35de56-8bc7-4a70-bf0e-9b374b95b845_ru,NY Molina SWH – PDF,NY,2026-06-11 15:00:00,2026-06-12 17:56:00,Y,,,,26.93,26.93 Consecutive Business Hours,,,,,,0,0,0,0,e0bfa83b-cb96-41bf-99bb-f7f3c098869b,1,PDF,RUS,2026-06-11T19:00:00Z,2026-06-12T21:56:00Z,,,,,,2026-08-22T16:11:12Z,2026-08-22T16:11:12Z
MOHE-260612-5023,MHNY SWH STD Mbr Materials_f0ef61d4-5506-47b8-a5d1-9ae5d674462e_ru,NY Molina SWH – PDF,NY,2026-06-11 18:00:00,2026-06-12 17:56:00,Y,,,,23.94,23.94 Consecutive Business Hours,,,,,,0,0,0,0,93f4228c-cd16-4283-b015-b708d0f2e5d6,,PDF,RUS,2026-06-11T22:00:00Z,2026-06-12T21:56:00Z,,,,,,2026-08-22T16:11:12Z,2026-08-22T16:11:12Z
MOHE-260612-5023,MHNY SWH STD Mbr Materials_7010fb84-877a-4f11-b09a-7a2e4d1789f0_ru,NY Molina SWH – PDF,NY,2026-06-11 21:00:00,2026-06-12 17:56:00,Y,,,,9.94,9.94 Consecutive Business Hours,,,,,,0,0,0,0,468af9bd-8e4b-4cba-af1f-3ac9104f6d38,1,PDF,RUS,2026-06-12T01:00:00Z,2026-06-12T21:56:00Z,,,,,,2026-08-22T16:11:12Z,2026-08-22T16:11:12Z
MOHE-260615-5094,MHNY SWH STD Mbr Materials_25941b4c-ed4d-4331-a04e-c5c5c9990bbb_ru,NY Molina SWH – PDF,NY,2026-06-12 18:00:00,2026-06-16 08:41:00,Y,,,,38.68,38.68 Consecutive Business Hours,,0.81,0,0,1633,0.28,0.19,0.34,0,950aea2b-98bd-4627-8704-18b08b3bdf97,1,PDF,RUS,2026-06-12T22:00:00Z,2026-06-16T12:41:00Z,,,,,,2026-08-22T16:11:12Z,2026-08-22T16:11:12Z
MOHE-260615-5094,MHNY SWH STD Mbr Materials_17ee2f14-3980-467d-b309-aa80bf627eed_ru,NY Molina SWH – PDF,NY,2026-06-12 18:00:00,2026-06-16 08:41:00,Y,,,,38.68,38.68 Consecutive Business Hours,,,,,,0,0,0,0,9df04e19-5c45-490a-b669-f6b2ff5afdfb,1,PDF,RUS,2026-06-12T22:00:00Z,2026-06-16T12:41:00Z,,,,,,2026-08-22T16:11:12Z,2026-08-22T16:11:12Z
MOHE-260615-5094,MHNY SWH STD Mbr Materials_6e9b3cbe-e6c7-472d-9fe3-8e5af82c1b12_ru,NY Molina SWH – PDF,NY,2026-06-12 18:00:00,2026-06-16 08:41:00,Y,,,,38.68,38.68 Consecutive Business Hours,,,,,,0,0,0,0,cd2ebff3-d768-40da-9faf-4016ff5d2dac,1,PDF,RUS,2026-06-12T22:00:00Z,2026-06-16T12:41:00Z,,,,,,2026-08-22T16:11:12Z,2026-08-22T16:11:12Z
MOHE-260615-5094,MHNY SWH STD Mbr Materials_cca097ec-fbe1-453b-aba3-e0ac0a14024a_ru,NY Molina SWH – PDF,NY,2026-06-12 21:00:00,2026-06-15 16:47:00,Y,,,,8.79,8.79 Consecutive Business Hours,,0.81,,,,0.28,0.19,0.34,0,737daefd-f9f9-4c7c-a776-b80e3c97aa4c,,PDF,RUS,2026-06-13T01:00:00Z,2026-06-15T20:47:00Z,,,,,,2026-08-22T16:11:12Z,2026-08-22T16:11:12Z
MOHE-260615-5094,MHNY SWH STD Mbr Materials_5e7a44ce-a3ff-4de4-b5d7-ed25801cca46_ru,NY Molina SWH – PDF,NY,2026-06-12 21:00:00,2026-06-15 16:47:00,Y,,,,8.79,8.79 Consecutive Business Hours,,,,,,0,0,0,0,8cc4ebf4-5c9a-4a8c-9c00-a18daf8e045c,,PDF,RUS,2026-06-13T01:00:00Z,2026-06-15T20:47:00Z,,,,,,2026-08-22T16:11:12Z,2026-08-22T16:11:12Z
MOHE-260615-5094,MHNY SWH STD Mbr Materials_a2187b83-54fc-47e6-b964-21284ef00e4c_ru,NY Molina SWH – PDF,NY,2026-06-13 00:00:00,2026-06-15 16:47:00,Y,,,,8.79,8.79 Consecutive Business Hours,,,,,,0,0,0,0,843855da-62cf-4f9e-b258-e47cf6ff4d84,,PDF,RUS,2026-06-13T04:00:00Z,2026-06-15T20:47:00Z,,,,,,2026-08-22T16:11:12Z,2026-08-22T16:11:12Z
MOHE-260616-5149,MHNY SWH STD Mbr Materials_2e9b473b-e824-46bf-9420-e4337a12e3c9_ru,NY Molina SWH – PDF,NY,2026-06-15 18:00:00,2026-06-16 17:32:00,Y,,,,23.54,23.54 Consecutive Business Hours,,4.05,0,0,8067,1.42,0.93,1.7,0,251e8d95-925a-4085-b845-4b5b8b8376d3,1,PDF,RUS,2026-06-15T22:00:00Z,2026-06-16T21:32:00Z,,,,,,2026-08-22T16:11:12Z,2026-08-22T16:11:12Z
MOHE-260616-5149,MHNY SWH STD Advance Directive_f2754d07-46fb-4c15-bcfa-0234691d54e9_ru,NY Molina SWH – PDF,NY,2026-06-15 21:00:00,2026-06-16 17:32:00,Y,,,,9.55,9.55 Consecutive Business Hours,,,,,,0,0,0,0,b3cd5a3f-e73f-4dc0-abe0-46b1201f1fd6,,PDF,RUS,2026-06-16T01:00:00Z,2026-06-16T21:32:00Z,,,,,,2026-08-22T16:11:12Z,2026-08-22T16:11:12Z
MOHE-260616-5149,MHNY SWH STD Mbr Materials_2bc773be-9f88-4839-b7b0-73ccd3d5463a_ru,NY Molina SWH – PDF,NY,2026-06-15 21:00:00,2026-06-16 17:32:00,Y,,,,9.55,9.55 Consecutive Business Hours,,,,,,0,0,0,0,ba5fd73f-94f2-4086-9ab5-28c571f42d99,1,PDF,RUS,2026-06-16T01:00:00Z,2026-06-16T21:32:00Z,,,,,,2026-08-22T16:11:12Z,2026-08-22T16:11:12Z
MOHE-260616-5149,MHNY SWH STD Mbr Materials_2e43acf1-9a24-462d-9d1a-f9b98d21bdee_ru,NY Molina SWH – PDF,NY,2026-06-15 21:00:00,2026-06-16 17:32:00,Y,,,,9.55,9.55 Consecutive Business Hours,,,,,,0,0,0,0,7a9cda3e-3ee1-4654-95f4-7e1c6924910e,,PDF,RUS,2026-06-16T01:00:00Z,2026-06-16T21:32:00Z,,,,,,2026-08-22T16:11:12Z,2026-08-22T16:11:12Z
MOHE-260616-5149,MHNY SWH STD Advance Directive_7d1a2164-349b-4468-a278-1e2bfbe23459_ru,NY Molina SWH – PDF,NY,2026-06-15 21:00:00,2026-06-16 17:32:00,Y,,,,9.55,9.55 Consecutive Business Hours,,,,,,0,0,0,0,81e59a39-a46e-4013-b0c1-1a49d538fd67,1,PDF,RUS,2026-06-16T01:00:00Z,2026-06-16T21:32:00Z,,,,,,2026-08-22T16:11:12Z,2026-08-22T16:11:12Z
MOHE-260616-5149,MHNY SWH STD Mbr Materials_2e85c512-997d-43c2-a35d-3baaf9ef4b4e_ru,NY Molina SWH – PDF,NY,2026-06-15 21:00:00,2026-06-16 17:32:00,Y,,,,9.55,9.55 Consecutive Business Hours,,,,,,0,0,0,0,06933adf-a06c-4465-8479-86273cd8dec9,,PDF,RUS,2026-06-16T01:00:00Z,2026-06-16T21:32:00Z,,,,,,2026-08-22T16:11:12Z,2026-08-22T16:11:12Z
MOHE-260616-5149,MHNY SWH STD Mbr Materials_ea2bb9ed-549d-406b-b3c2-58f7a3690b96_ru,NY Molina SWH – PDF,NY,2026-06-15 21:00:00,2026-06-16 17:32:00,Y,,,,9.55,9.55 Consecutive Business Hours,,,,,,0,0,0,0,b368dfdd-60f8-4b95-ab51-849869fb6e8a,,PDF,RUS,2026-06-16T01:00:00Z,2026-06-16T21:32:00Z,,,,,,2026-08-22T16:11:12Z,2026-08-22T16:11:12Z
MOHE-260616-5149,MHNY SWH STD Mbr Materials_83cd718c-1b47-4722-8fa7-81ee980f03f2_ru,NY Molina SWH – PDF,NY,2026-06-15 21:00:00,2026-06-16 17:32:00,Y,,,,9.55,9.55 Consecutive Business Hours,,,,,,0,0,0,0,19739b0e-fa20-4ec0-8ceb-c349edaced2e,,PDF,RUS,2026-06-16T01:00:00Z,2026-06-16T21:32:00Z,,,,,,2026-08-22T16:11:12Z,2026-08-22T16:11:12Z
MOHE-260616-5149,MHNY SWH STD Mbr Materials_7fac269a-252a-4c19-b11b-808e87ff8da4_ru,NY Molina SWH – PDF,NY,2026-06-16 00:00:00,2026-06-16 17:32:00,Y,,,,9.55,9.55 Consecutive Business Hours,,,,,,0,0,0,0,1ec74166-a297-426e-842b-03415e0252a6,1,PDF,RUS,2026-06-16T04:00:00Z,2026-06-16T21:32:00Z,,,,,,2026-08-22T16:11:12Z,2026-08-22T16:11:12Z
MOHE-260616-5149,MHNY SWH STD Mbr Materials_229f56ba-ab1d-42e1-9645-d55ef8b6e639_ru,NY Molina SWH – PDF,NY,2026-06-16 00:00:00,2026-06-16 17:32:00,Y,,,,9.55,9.55 Consecutive Business Hours,,,,,,0,0,0,0,40e3c9bc-11a0-40c0-85d6-631259d2a0f8,,PDF,RUS,2026-06-16T04:00:00Z,2026-06-16T21:32:00Z,,,,,,2026-08-22T16:11:12Z,2026-08-22T16:11:12Z
MOHE-260616-5149,MHNY SWH STD Mbr Materials_187d46b9-a80d-49a9-8cfa-e67e14598b5f_ru,NY Molina SWH – PDF,NY,2026-06-16 00:00:00,2026-06-16 17:32:00,Y,,,,9.55,9.55 Consecutive Business Hours,,,,,,0,0,0,0,c8dafbac-67f4-4214-b02b-f63b5d2d9160,1,PDF,RUS,2026-06-16T04:00:00Z,2026-06-16T21:32:00Z,,,,,,2026-08-22T16:11:12Z,2026-08-22T16:11:12Z
MOHE-260616-5149,MHNY SWH STD Mbr Materials_0246afce-6fd7-410f-8132-5b5191af5efa_ru,NY Molina SWH – PDF,NY,2026-06-16 15:08:00,2026-06-16 19:11:00,Y,,,,4.06,4.06 Consecutive Business Hours,,,,,,0,0,0,0,659b6264-d28a-4ccd-9550-4ad54250fcef,1,PDF,RUS,2026-06-16T19:08:00Z,2026-06-16T23:11:00Z,,,,,,2026-08-22T16:11:12Z,2026-08-22T16:11:12Z
MOHE-260616-5149,MHNY SWH STD Mbr Materials_3bdd58fd-a3e8-4345-99c0-d5c32a1dcb62_ru,NY Molina SWH – PDF,NY,2026-06-16 15:08:00,2026-06-16 19:11:00,Y,,,,4.06,4.06 Consecutive Business Hours,,,,,,0,0,0,0,f94a928a-5580-4c15-9280-2f8d60e3df55,1,PDF,RUS,2026-06-16T19:08:00Z,2026-06-16T23:11:00Z,,,,,,2026-08-22T16:11:12Z,2026-08-22T16:11:12Z
MOHE-260616-5149,MHNY SWH STD Mbr Materials_1efc7745-2e33-4147-a0bc-0c7208eacc45_ru,NY Molina SWH – PDF,NY,2026-06-16 15:08:00,2026-06-16 19:11:00,Y,,,,4.06,4.06 Consecutive Business Hours,,,,,,0,0,0,0,6139c931-f40b-43fa-aca9-f901a317cb8a,1,PDF,RUS,2026-06-16T19:08:00Z,2026-06-16T23:11:00Z,,,,,,2026-08-22T16:11:12Z,2026-08-22T16:11:12Z
MOHE-260616-5149,MHNY SWH STD Mbr Materials_72b1ab43-ee7f-4fd0-8410-c130d69ea91a_ru,NY Molina SWH – PDF,NY,2026-06-16 15:08:00,2026-06-16 19:11:00,Y,,,,4.06,4.06 Consecutive Business Hours,,,,,,0,0,0,0,3618c9b0-8dbb-4d65-9dfe-e52834625d4b,1,PDF,RUS,2026-06-16T19:08:00Z,2026-06-16T23:11:00Z,,,,,,2026-08-22T16:11:12Z,2026-08-22T16:11:12Z
MOHE-260617-5177,MHNY SWH STD Mbr Materials_56b76224-193e-4c31-8823-5966344d49fb_ru,NY Molina SWH – PDF,NY,2026-06-16 21:00:00,2026-06-17 16:48:00,Y,,,,8.8,8.80 Consecutive Business Hours,,2.43,,,4735,0.85,0.56,1.02,0,96f957b9-15df-438e-b1bf-a3ec77b25bdb,1,PDF,RUS,2026-06-17T01:00:00Z,2026-06-17T20:48:00Z,,,,,,2026-08-22T16:11:12Z,2026-08-22T16:11:12Z
MOHE-260617-5177,MHNY SWH STD Mbr Materials_5baea2d3-25e3-47a3-8f38-8672d53175cd_ru,NY Molina SWH – PDF,NY,2026-06-16 21:00:00,2026-06-17 16:48:00,Y,,,,8.8,8.80 Consecutive Business Hours,,,,,,0,0,0,0,1b94fbbe-08cb-4db9-9e7b-f415f3445a77,2,PDF,RUS,2026-06-17T01:00:00Z,2026-06-17T20:48:00Z,,,,,,2026-08-22T16:11:12Z,2026-08-22T16:11:12Z
MOHE-260617-5177,MHNY SWH STD Mbr Materials_67bcbd93-59b0-4a6a-a888-45ae4468aacd_ru,NY Molina SWH – PDF,NY,2026-06-16 21:00:00,2026-06-17 16:48:00,Y,,,,8.81,8.81 Consecutive Business Hours,,,,,,0,0,0,0,5a97f343-5976-4e23-aacf-d5503a2ea115,2,PDF,RUS,2026-06-17T01:00:00Z,2026-06-17T20:48:00Z,,,,,,2026-08-22T16:11:12Z,2026-08-22T16:11:12Z
MOHE-260617-5177,MHNY SWH STD Mbr Materials_a2651f7c-2cbe-4399-859c-f6d6eae9ef87_ru,NY Molina SWH – PDF,NY,2026-06-16 21:00:00,2026-06-17 16:48:00,Y,,,,8.8,8.80 Consecutive Business Hours,,,,,,0,0,0,0,48ac5bea-99f8-4d68-a098-58cd10ef28d5,2,PDF,RUS,2026-06-17T01:00:00Z,2026-06-17T20:48:00Z,,,,,,2026-08-22T16:11:12Z,2026-08-22T16:11:12Z
MOHE-260617-5177,MHNY SWH STD Mbr Materials_1ea1cecb-ef9a-4632-a3c0-c28817fd1342_ru,NY Molina SWH – PDF,NY,2026-06-17 00:00:00,2026-06-17 16:48:00,Y,,,,8.8,8.80 Consecutive Business Hours,,,,,,0,0,0,0,2564b82a-79d7-48a7-ae45-3e5728ea3218,2,PDF,RUS,2026-06-17T04:00:00Z,2026-06-17T20:48:00Z,,,,,,2026-08-22T16:11:12Z,2026-08-22T16:11:12Z
MOHE-260617-5177,MHNY SWH STD Mbr Materials_e0c5000c-f22a-4fcc-a67a-b21d21cd1c3c_ru,NY Molina SWH – PDF,NY,2026-06-17 00:00:00,2026-06-17 16:48:00,Y,,,,8.81,8.81 Consecutive Business Hours,,,,,,0,0,0,0,f5ac48fd-a503-4f30-afb9-d566c0b41961,2,PDF,RUS,2026-06-17T04:00:00Z,2026-06-17T20:48:00Z,,,,,,2026-08-22T16:11:12Z,2026-08-22T16:11:12Z
MOHE-260617-5177,MHNY SWH STD Mbr Materials_fa9cc8f6-4235-4941-937d-7b379b0c80b9_ru,NY Molina SWH – PDF,NY,2026-06-17 00:00:00,2026-06-17 16:48:00,Y,,,,8.81,8.81 Consecutive Business Hours,,,,,,0,0,0,0,df2d9735-5f5e-4329-8b4f-3311c0d01958,2,PDF,RUS,2026-06-17T04:00:00Z,2026-06-17T20:48:00Z,,,,,,2026-08-22T16:11:12Z,2026-08-22T16:11:12Z
MOHE-260617-5177,MHNY SWH STD Mbr Materials_90a561fb-c647-45b4-b1ac-dbf9a283433a_ru,NY Molina SWH – PDF,NY,2026-06-17 02:03:00,2026-06-17 16:48:00,Y,,,,8.81,8.81 Consecutive Business Hours,,,,,,0,0,0,0,830a75b1-320c-470c-be9a-ac7f2bba5e01,2,PDF,RUS,2026-06-17T06:03:00Z,2026-06-17T20:48:00Z,,,,,,2026-08-22T16:11:12Z,2026-08-22T16:11:12Z
MOHE-260617-5177,MHNY SWH STD Mbr Materials_0d4e356b-c634-45fe-811f-82414889ebaf_ru,NY Molina SWH – PDF,NY,2026-06-17 06:00:00,2026-06-17 16:48:00,Y,,,,8.8,8.80 Consecutive Business Hours,,,,,,0,0,0,0,84cb62a8-6693-403d-8d1c-103c89fd64c6,2,PDF,RUS,2026-06-17T10:00:00Z,2026-06-17T20:48:00Z,,,,,,2026-08-22T16:11:12Z,2026-08-22T16:11:12Z
MOHE-260617-5188,MHNY SWH STD Care Plan_05822d63-8d13-422b-9235-02f1177284a9_ru,NY Molina SWH – PDF,NY,2026-06-16 18:00:00,2026-06-18 19:25:00,Y,,,,49.41,49.41 Consecutive Business Hours,,2.62,102,114,5217,0.92,0.6,1.1,0,591bc3e8-3b23-4823-8bec-a01038834868,2,PDF,RUS,2026-06-16T22:00:00Z,2026-06-18T23:25:00Z,,,,,,2026-08-22T16:11:12Z,2026-08-22T16:11:12Z
MOHE-260617-5188,MHNY SWH STD Mbr Materials_2f84da84-87b6-4b6f-b204-a484b099af1b_ru,NY Molina SWH – PDF,NY,2026-06-16 18:00:00,2026-06-18 19:25:00,Y,,,,49.41,49.41 Consecutive Business Hours,,,,,,0,0,0,0,5f654010-45aa-42bf-ba02-7b7bb3ae7cfb,2,PDF,RUS,2026-06-16T22:00:00Z,2026-06-18T23:25:00Z,,,,,,2026-08-22T16:11:12Z,2026-08-22T16:11:12Z
MOHE-260617-5188,MHNY SWH STD Mbr Materials_65f3669d-36d8-4610-8568-d63528521efa_ru,NY Molina SWH – PDF,NY,2026-06-16 18:00:00,2026-06-18 19:25:00,Y,,,,49.4,49.40 Consecutive Business Hours,,,,,,0,0,0,0,7e2a3ec7-b11c-4975-90dd-f46ebfdb866f,,PDF,RUS,2026-06-16T22:00:00Z,2026-06-18T23:25:00Z,,,,,,2026-08-22T16:11:12Z,2026-08-22T16:11:12Z
MOHE-260617-5188,MHNY SWH STD Mbr Materials_9493c6c3-b370-4373-8b09-2233f8d6e251_ru,NY Molina SWH – PDF,NY,2026-06-16 18:00:00,2026-06-18 19:25:00,Y,,,,49.41,49.41 Consecutive Business Hours,,,,,,0,0,0,0,01c01571-b970-4ac9-91b4-f075632380ff,,PDF,RUS,2026-06-16T22:00:00Z,2026-06-18T23:25:00Z,,,,,,2026-08-22T16:11:12Z,2026-08-22T16:11:12Z
MOHE-260617-5188,MHNY SWH STD Mbr Materials_a88ec9e1-e06e-4c03-afce-a973eeed93cc_ru,NY Molina SWH – PDF,NY,2026-06-16 18:00:00,2026-06-18 19:25:00,Y,,,,49.4,49.40 Consecutive Business Hours,,,,,,0,0,0,0,1325496e-2c52-446d-b8c2-5aab51074717,,PDF,RUS,2026-06-16T22:00:00Z,2026-06-18T23:25:00Z,,,,,,2026-08-22T16:11:12Z,2026-08-22T16:11:12Z
MOHE-260617-5188,MHNY SWH STD Mbr Materials_38de5893-ffca-4a3b-a790-aebcb89eac76_ru,NY Molina SWH – PDF,NY,2026-06-16 21:00:00,2026-06-18 19:25:00,Y,,,,35.42,35.42 Consecutive Business Hours,,,,,,0,0,0,0,b44ca892-9481-4b06-b8ab-d816dada12ab,,PDF,RUS,2026-06-17T01:00:00Z,2026-06-18T23:25:00Z,,,,,,2026-08-22T16:11:12Z,2026-08-22T16:11:12Z
MOHE-260617-5188,MHNY SWH STD Mbr Materials_4c69b7df-0319-41b4-89ca-bd0e174f67ba_ru,NY Molina SWH – PDF,NY,2026-06-16 21:00:00,2026-06-18 19:25:00,Y,,,,35.42,35.42 Consecutive Business Hours,,,,,,0,0,0,0,4a5a068a-41b4-4e81-91f2-59053be37274,,PDF,RUS,2026-06-17T01:00:00Z,2026-06-18T23:25:00Z,,,,,,2026-08-22T16:11:12Z,2026-08-22T16:11:12Z
MOHE-260617-5198,MHNY SWH STD Mbr Materials_40fb71d6-ee6f-47cd-8c14-ab5f4c4eb409_ru,NY Molina SWH – PDF,NY,2026-06-17 15:01:00,2026-06-17 20:00:00,Y,,,,5,5.00 Consecutive Business Hours,,0.81,0,0,1685,0.28,0.19,0.34,0,8ed0baea-20cf-4383-b82d-fa21eecd0101,,PDF,RUS,2026-06-17T19:01:00Z,2026-06-18T00:00:00Z,,,,,,2026-08-22T16:11:12Z,2026-08-22T16:11:12Z
MOHE-260617-5198,MHNY SWH STD Mbr Materials_831c3c69-1156-4c26-ae31-a633c407570c_ru,NY Molina SWH – PDF,NY,2026-06-17 15:01:00,2026-06-17 20:00:00,Y,,,,4.99,4.99 Consecutive Business Hours,,,,,,0,0,0,0,30ce9b2b-71cd-44da-9939-0ac7c6d03351,,PDF,RUS,2026-06-17T19:01:00Z,2026-06-18T00:00:00Z,,,,,,2026-08-22T16:11:12Z,2026-08-22T16:11:12Z
MOHE-260617-5198,MHNY SWH STD Mbr Materials_cfc09226-d28a-4b29-b90e-df4050764d0c_ru,NY Molina SWH – PDF,NY,2026-06-17 15:01:00,2026-06-17 20:00:00,Y,,,,4.99,4.99 Consecutive Business Hours,,,,,,0,0,0,0,763b4692-106c-42e0-9ef2-a71e012ce725,,PDF,RUS,2026-06-17T19:01:00Z,2026-06-18T00:00:00Z,,,,,,2026-08-22T16:11:12Z,2026-08-22T16:11:12Z
MOHE-260619-5237,MHNY SWH STD Mbr Materials_6e163021-ed90-4c2c-a42e-189339b9b396_ru,NY Molina SWH – PDF,NY,2026-06-17 18:01:00,2026-06-19 08:51:00,Y,,,,38.83,38.83 Consecutive Business Hours,,1.62,0,0,3119,0.57,0.37,0.68,0,a25ee9f3-2cc9-4195-8363-e1b472822cc1,2,PDF,RUS,2026-06-17T22:01:00Z,2026-06-19T12:51:00Z,,,,,,2026-08-22T16:11:12Z,2026-08-22T16:11:12Z
MOHE-260619-5237,MHNY SWH STD Mbr Materials_ca02dc19-be9b-4bc3-994e-3b7af9c928f6_ru,NY Molina SWH – PDF,NY,2026-06-17 18:01:00,2026-06-19 08:51:00,Y,,,,38.84,38.84 Consecutive Business Hours,,,,,,0,0,0,0,fa730bc9-393e-43e6-87f0-925c2efaebcd,5,PDF,RUS,2026-06-17T22:01:00Z,2026-06-19T12:51:00Z,,,,,,2026-08-22T16:11:12Z,2026-08-22T16:11:12Z
MOHE-260619-5237,MHNY SWH STD Mbr Materials_4ca70428-e8a4-4674-83a4-373dee87b49d_ru,NY Molina SWH – PDF,NY,2026-06-17 21:00:00,2026-06-19 08:51:00,Y,,,,24.85,24.85 Consecutive Business Hours,,,,,,0,0,0,0,55d39a5e-44f3-423f-a0ea-fe37d69a420c,,PDF,RUS,2026-06-18T01:00:00Z,2026-06-19T12:51:00Z,,,,,,2026-08-22T16:11:12Z,2026-08-22T16:11:12Z
MOHE-260619-5237,MHNY SWH STD Mbr Materials_765d4931-70d6-4e46-9bad-85167385bde1_ru,NY Molina SWH – PDF,NY,2026-06-17 21:00:00,2026-06-19 08:51:00,Y,,,,24.85,24.85 Consecutive Business Hours,,,,,,0,0,0,0,f106b5b3-5e4d-478e-971a-a5dbcf34f08e,2,PDF,RUS,2026-06-18T01:00:00Z,2026-06-19T12:51:00Z,,,,,,2026-08-22T16:11:12Z,2026-08-22T16:11:12Z
MOHE-260619-5237,MHNY SWH STD Mbr Materials_7d75f9d2-3075-4963-85f5-8a7d3404a0bc_ru,NY Molina SWH – PDF,NY,2026-06-17 21:00:00,2026-06-19 08:51:00,Y,,,,24.85,24.85 Consecutive Business Hours,,,,,,0,0,0,0,7a5bfe4c-24f2-4442-bc1c-ceeacf3b541c,5,PDF,RUS,2026-06-18T01:00:00Z,2026-06-19T12:51:00Z,,,,,,2026-08-22T16:11:12Z,2026-08-22T16:11:12Z
MOHE-260619-5237,MHNY SWH STD Mbr Materials_cba0005d-9bec-48b6-813b-68d6fc0b709b_ru,NY Molina SWH – PDF,NY,2026-06-17 21:00:00,2026-06-19 08:51:00,Y,,,,24.85,24.85 Consecutive Business Hours,,,,,,0,0,0,0,7dc18169-3b94-4297-9332-3632a6d11574,,PDF,RUS,2026-06-18T01:00:00Z,2026-06-19T12:51:00Z,,,,,,2026-08-22T16:11:12Z,2026-08-22T16:11:12Z
MOHE-260619-5270,MHNY SWH STD Mbr Materials_60daa383-8e53-432b-b8ca-815bb65683d7_ru,NY Molina SWH – PDF,NY,2026-06-18 15:04:00,2026-06-19 16:03:00,Y,,,,24.99,24.99 Consecutive Business Hours,,5.94,41,66,11710,2.08,1.37,2.49,0,6575682e-6446-4d20-91bf-46b4b49214ab,5,PDF,RUS,2026-06-18T19:04:00Z,2026-06-19T20:03:00Z,,,,,,2026-08-22T16:11:12Z,2026-08-22T16:11:12Z
MOHE-260619-5270,MHNY SWH STD Mbr Materials_0b69ff98-17c6-4f7a-9d6d-cf3e4171c761_ru,NY Molina SWH – PDF,NY,2026-06-18 16:00:00,2026-06-19 16:03:00,Y,,,,24.05,24.05 Consecutive Business Hours,,,,,,0,0,0,0,7dc44953-eda1-42f0-91fb-406afc634356,,PDF,RUS,2026-06-18T20:00:00Z,2026-06-19T20:03:00Z,,,,,,2026-08-22T16:11:12Z,2026-08-22T16:11:12Z
MOHE-260619-5270,MHNY SWH STD Advance Directive_36570876-35c1-4aa7-8efd-50f9c1847516_ru,NY Molina SWH – PDF,NY,2026-06-18 16:00:00,2026-06-19 16:03:00,Y,,,,24.05,24.05 Consecutive Business Hours,,,,,,0,0,0,0,4ab1b940-a7f3-4b41-8166-94ecba55937a,2,PDF,RUS,2026-06-18T20:00:00Z,2026-06-19T20:03:00Z,,,,,,2026-08-22T16:11:12Z,2026-08-22T16:11:12Z
MOHE-260619-5270,MHNY SWH STD Mbr Materials_befc9340-d9c6-474d-83cd-eb0dd868eb18_ru,NY Molina SWH – PDF,NY,2026-06-18 16:01:00,2026-06-19 16:03:00,Y,,,,24.05,24.05 Consecutive Business Hours,,,,,,0,0,0,0,5dbfd1dd-c5a6-49b1-982d-b58e46ed8c79,,PDF,RUS,2026-06-18T20:01:00Z,2026-06-19T20:03:00Z,,,,,,2026-08-22T16:11:12Z,2026-08-22T16:11:12Z
MOHE-260619-5270,MHNY SWH STD Mbr Materials_65cc415a-7515-44a0-b2f1-5577622ac462_ru,NY Molina SWH – PDF,NY,2026-06-18 18:01:00,2026-06-19 16:03:00,Y,,,,22.05,22.05 Consecutive Business Hours,,,,,,0,0,0,0,bdedf0e5-52ec-4224-a4a5-f5de2cba03de,5,PDF,RUS,2026-06-18T22:01:00Z,2026-06-19T20:03:00Z,,,,,,2026-08-22T16:11:12Z,2026-08-22T16:11:12Z
MOHE-260619-5270,MHNY SWH STD Mbr Materials_8c8dcafd-2fd6-475d-805d-695428befb52_ru,NY Molina SWH – PDF,NY,2026-06-18 18:01:00,2026-06-19 16:03:00,Y,,,,22.05,22.05 Consecutive Business Hours,,,,,,0,0,0,0,ea68dc85-0e91-49ee-b0f0-000a121880d4,,PDF,RUS,2026-06-18T22:01:00Z,2026-06-19T20:03:00Z,,,,,,2026-08-22T16:11:12Z,2026-08-22T16:11:12Z
MOHE-260619-5270,MHNY SWH STD Mbr Materials_bd4e13ea-2236-4135-9957-56e306928bfe_ru,NY Molina SWH – PDF,NY,2026-06-18 18:01:00,2026-06-19 16:03:00,Y,,,,22.05,22.05 Consecutive Business Hours,,,,,,0,0,0,0,33dc487b-1d96-46ce-97b7-94441bbc53c0,,PDF,RUS,2026-06-18T22:01:00Z,2026-06-19T20:03:00Z,,,,,,2026-08-22T16:11:12Z,2026-08-22T16:11:12Z
MOHE-260619-5270,MHNY SWH STD Mbr Materials_26796366-6510-4ef9-8d65-51f73a6d79f1_ru,NY Molina SWH – PDF,NY,2026-06-19 00:00:00,2026-06-19 16:03:00,Y,,,,8.06,8.06 Consecutive Business Hours,,,,,,0,0,0,0,b76c8d46-d18a-4027-9202-17a0db24b6fe,2,PDF,RUS,2026-06-19T04:00:00Z,2026-06-19T20:03:00Z,,,,,,2026-08-22T16:11:12Z,2026-08-22T16:11:12Z
MOHE-260619-5270,MHNY SWH STD Advance Directive_da0c37c1-160a-4e55-b554-3f5f914bffff_ru,NY Molina SWH – PDF,NY,2026-06-19 00:00:00,2026-06-19 16:03:00,Y,,,,8.06,8.06 Consecutive Business Hours,,,,,,0,0,0,0,a39bc866-c948-48ae-8239-8823303fc3a8,,PDF,RUS,2026-06-19T04:00:00Z,2026-06-19T20:03:00Z,,,,,,2026-08-22T16:11:12Z,2026-08-22T16:11:12Z
MOHE-260619-5270,MHNY SWH STD Mbr Materials_35099aef-0bb5-47c4-8a7d-7dc4cfc8795f_ru,NY Molina SWH – PDF,NY,2026-06-19 03:00:00,2026-06-19 16:03:00,Y,,,,8.06,8.06 Consecutive Business Hours,,,,,,0,0,0,0,51bc00c3-60b5-4e8c-a39c-3b158f6ca93a,,PDF,RUS,2026-06-19T07:00:00Z,2026-06-19T20:03:00Z,,,,,,2026-08-22T16:11:12Z,2026-08-22T16:11:12Z
MOHE-260619-5270,MHNY SWH STD Mbr Materials_470c390e-f59e-4479-90a3-5157ad2c6205_ru,NY Molina SWH – PDF,NY,2026-06-19 03:00:00,2026-06-19 16:03:00,Y,,,,8.06,8.06 Consecutive Business Hours,,,,,,0,0,0,0,1627dbee-fbe0-4985-89b7-5120592eff17,5,PDF,RUS,2026-06-19T07:00:00Z,2026-06-19T20:03:00Z,,,,,,2026-08-22T16:11:12Z,2026-08-22T16:11:12Z
MOHE-260619-5270,MHNY SWH STD Mbr Materials_bfc034ce-5c3b-4286-810b-eba81af11168_ru,NY Molina SWH – PDF,NY,2026-06-19 03:00:00,2026-06-19 16:03:00,Y,,,,8.07,8.07 Consecutive Business Hours,,,,,,0,0,0,0,c0499eb1-016d-4713-bff0-e4acb32030c0,,PDF,RUS,2026-06-19T07:00:00Z,2026-06-19T20:03:00Z,,,,,,2026-08-22T16:11:12Z,2026-08-22T16:11:12Z
MOHE-260619-5270,MHNY SWH STD Mbr Materials_86ffb522-5687-49ff-89a7-d175031cbabf_ru,NY Molina SWH – PDF,NY,2026-06-19 15:01:00,2026-06-19 18:06:00,Y,,,,3.08,3.08 Consecutive Business Hours,,,,,,0,0,0,0,3f9cfa09-5270-4347-8c71-12f56cf18714,2,PDF,RUS,2026-06-19T19:01:00Z,2026-06-19T22:06:00Z,,,,,,2026-08-22T16:11:12Z,2026-08-22T16:11:12Z
MOHE-260619-5270,MHNY SWH STD Mbr Materials_412f6d0f-cf47-41e7-8dfa-8a08378cf0e7_ru,NY Molina SWH – PDF,NY,2026-06-19 15:01:00,2026-06-19 18:06:00,Y,,,,3.08,3.08 Consecutive Business Hours,,,,,,0,0,0,0,39b59bce-cf6d-4412-9198-9d87a243bd7c,,PDF,RUS,2026-06-19T19:01:00Z,2026-06-19T22:06:00Z,,,,,,2026-08-22T16:11:12Z,2026-08-22T16:11:12Z
MOHE-260619-5270,MHNY SWH STD Mbr Materials_b09bd54a-f5c5-4e4d-afc0-0c78e50b3040_ru,NY Molina SWH – PDF,NY,2026-06-19 15:01:00,2026-06-19 18:06:00,Y,,,,3.08,3.08 Consecutive Business Hours,,,,,,0,0,0,0,62d9bb39-8c91-4df6-9a89-bf2ab6bc5642,,PDF,RUS,2026-06-19T19:01:00Z,2026-06-19T22:06:00Z,,,,,,2026-08-22T16:11:12Z,2026-08-22T16:11:12Z
MOHE-260619-5270,MHNY SWH STD Mbr Materials_cf373b15-0de4-4946-aecf-a5db42f36d5c_ru,NY Molina SWH – PDF,NY,2026-06-19 15:01:00,2026-06-19 18:06:00,Y,,,,3.08,3.08 Consecutive Business Hours,,,,,,0,0,0,0,9d3816cf-0922-4ec6-a566-ad9a0a43f401,,PDF,RUS,2026-06-19T19:01:00Z,2026-06-19T22:06:00Z,,,,,,2026-08-22T16:11:12Z,2026-08-22T16:11:12Z
MOHE-260619-5270,MHNY SWH STD Care Plan_32ffad6d-7afd-47ac-ae71-70c95ca9251b_ru,NY Molina SWH – PDF,NY,2026-06-19 15:01:00,2026-06-22 14:26:00,Y,,,,23.41,23.41 Consecutive Business Hours,,,,,,0,0,0,0,f2987a0e-4dba-468a-804a-e16f9231c2cf,2,PDF,RUS,2026-06-19T19:01:00Z,2026-06-22T18:26:00Z,,,,,,2026-08-22T16:11:12Z,2026-08-22T16:11:12Z
MOHE-260619-5270,MHNY SWH STD Mbr Materials_ff8093b6-7747-4e50-95ca-ce0bfe7474ef_ru,NY Molina SWH – PDF,NY,2026-06-19 15:01:00,2026-06-22 14:26:00,Y,,,,23.41,23.41 Consecutive Business Hours,,,,,,0,0,0,0,962c99b8-5807-4647-bf69-d10e4a16bb02,,PDF,RUS,2026-06-19T19:01:00Z,2026-06-22T18:26:00Z,,,,,,2026-08-22T16:11:12Z,2026-08-22T16:11:12Z
MOHE-260622-5310,MHNY SWH STD Advance Directive_2c6e54df-bd86-47c8-9221-076f62ca3307_ru,NY Molina SWH – PDF,NY,2026-06-19 18:00:00,2026-06-23 09:29:00,Y,,,,39.48,39.48 Consecutive Business Hours,,1.35,9,1,2888,0.47,0.31,0.57,0,4a4c832a-a431-45db-a18d-54d19a2bc5c1,2,PDF,RUS,2026-06-19T22:00:00Z,2026-06-23T13:29:00Z,,,,,,2026-08-22T16:11:12Z,2026-08-22T16:11:12Z
MOHE-260622-5310,MHNY SWH STD Mbr Materials_20bbe57f-f01b-47e1-b8b3-fa385fe8000d_ru,NY Molina SWH – PDF,NY,2026-06-19 18:00:00,2026-06-23 09:29:00,Y,,,,39.47,39.47 Consecutive Business Hours,,,,,,0,0,0,0,3ba344e4-105a-476c-8a96-90f83c99f1bc,,PDF,RUS,2026-06-19T22:00:00Z,2026-06-23T13:29:00Z,,,,,,2026-08-22T16:11:12Z,2026-08-22T16:11:12Z
MOHE-260622-5310,MHNY SWH STD Mbr Materials_83b8d5fc-f50d-47d1-beb9-0eea5714d25f_ru,NY Molina SWH – PDF,NY,2026-06-19 18:00:00,2026-06-23 09:29:00,Y,,,,39.48,39.48 Consecutive Business Hours,,,,,,0,0,0,0,f0c69b5e-7c0f-496a-83e1-2cdb73cf7f67,,PDF,RUS,2026-06-19T22:00:00Z,2026-06-23T13:29:00Z,,,,,,2026-08-22T16:11:12Z,2026-08-22T16:11:12Z
MOHE-260622-5310,MHNY SWH STD Mbr Materials_95c61f3b-8bfe-4780-b220-96df2c91935b_ru,NY Molina SWH – PDF,NY,2026-06-19 18:00:00,2026-06-23 09:29:00,Y,,,,39.48,39.48 Consecutive Business Hours,,,,,,0,0,0,0,f7617f4d-7252-4287-8bf8-c82b1e46590f,,PDF,RUS,2026-06-19T22:00:00Z,2026-06-23T13:29:00Z,,,,,,2026-08-22T16:11:12Z,2026-08-22T16:11:12Z
MOHE-260622-5310,MHNY SWH STD Mbr Materials_a7692d48-bd61-4316-912f-9df1ec765a47_ru,NY Molina SWH – PDF,NY,2026-06-19 18:00:00,2026-06-23 09:29:00,Y,,,,39.48,39.48 Consecutive Business Hours,,,,,,0,0,0,0,5835866d-a516-4e63-a877-c3f2965f0a9b,,PDF,RUS,2026-06-19T22:00:00Z,2026-06-23T13:29:00Z,,,,,,2026-08-22T16:11:12Z,2026-08-22T16:11:12Z
MOHE-260622-5327,MHNY SWH STD Mbr Materials_d047c503-581d-4c76-aa70-8afd973ef6f3_ru,NY Molina SWH – PDF,NY,2026-06-22 15:01:00,2026-06-22 17:53:00,Y,,,,2.88,2.88 Consecutive Business Hours,,1.08,0,0,2269,0.38,0.25,0.45,0,9a488bd6-0a75-42d4-b28f-43b336bf67c1,2,PDF,RUS,2026-06-22T19:01:00Z,2026-06-22T21:53:00Z,,,,,,2026-08-22T16:11:12Z,2026-08-22T16:11:12Z
MOHE-260622-5327,MHNY SWH STD Mbr Materials_11f94361-f523-4f66-9fa9-f74ecb5539b7_ru,NY Molina SWH – PDF,NY,2026-06-22 15:01:00,2026-06-22 17:53:00,Y,,,,2.88,2.88 Consecutive Business Hours,,,,,,0,0,0,0,2d80fba2-6a41-4a9a-bced-4cc109e6862b,,PDF,RUS,2026-06-22T19:01:00Z,2026-06-22T21:53:00Z,,,,,,2026-08-22T16:11:12Z,2026-08-22T16:11:12Z
MOHE-260622-5327,MHNY SWH STD Mbr Materials_88fa8a79-d141-4908-8314-c7d2752b1a9c_ru,NY Molina SWH – PDF,NY,2026-06-22 15:01:00,2026-06-22 17:53:00,Y,,,,2.87,2.87 Consecutive Business Hours,,,,,,0,0,0,0,15486a74-85e4-442b-baec-60c89bed1ab6,,PDF,RUS,2026-06-22T19:01:00Z,2026-06-22T21:53:00Z,,,,,,2026-08-22T16:11:12Z,2026-08-22T16:11:12Z
MOHE-260622-5327,MHNY SWH STD Mbr Materials_f521c769-e20f-4c74-abda-5b5c448ab747_ru,NY Molina SWH – PDF,NY,2026-06-22 15:01:00,2026-06-22 17:53:00,Y,,,,2.87,2.87 Consecutive Business Hours,,,,,,0,0,0,0,1ea95670-e5e2-44f3-8222-b0e7726b6118,2,PDF,RUS,2026-06-22T19:01:00Z,2026-06-22T21:53:00Z,,,,,,2026-08-22T16:11:12Z,2026-08-22T16:11:12Z
MOHE-260624-5394,MHNY SWH STD Mbr Materials_c1b32135-9b64-49bf-af5a-190a763b9a8f_ru,NY Molina SWH – PDF,NY,2026-06-22 18:00:00,2026-06-24 14:54:00,Y,,,,44.9,44.90 Consecutive Business Hours,,1,,,2726,0.35,0.23,0.42,0,04c584ec-74cf-48c2-b53e-f27055a5dfb4,,PDF,RUS,2026-06-22T22:00:00Z,2026-06-24T18:54:00Z,,,,,,2026-08-22T16:11:12Z,2026-08-22T16:11:12Z
MOHE-260624-5394,MHNY SWH STD Mbr Materials_f6c2adaf-8428-4069-9896-e1e1557d1b1f_ru,NY Molina SWH – PDF,NY,2026-06-22 18:00:00,2026-06-24 14:55:00,Y,,,,44.91,44.91 Consecutive Business Hours,,,,,,0,0,0,0,0243ea9a-a6a3-4861-bf15-29b6606ef69f,,PDF,RUS,2026-06-22T22:00:00Z,2026-06-24T18:55:00Z,,,,,,2026-08-22T16:11:12Z,2026-08-22T16:11:12Z
MOHE-260624-5394,MHNY SWH STD Mbr Materials_d8ce05a3-94d5-40af-b7ab-38b474c48518_ru,NY Molina SWH – PDF,NY,2026-06-22 18:00:00,2026-06-24 14:54:00,Y,,,,44.9,44.90 Consecutive Business Hours,,,,,,0,0,0,0,6a4dc2d0-3182-4301-97f7-08ea3f69fde9,2,PDF,RUS,2026-06-22T22:00:00Z,2026-06-24T18:54:00Z,,,,,,2026-08-22T16:11:12Z,2026-08-22T16:11:12Z
MOHE-260624-5394,MHNY SWH STD Mbr Materials_9e50a5a9-a469-47e4-875f-8dc082c1690d_ru,NY Molina SWH – PDF,NY,2026-06-22 18:00:00,2026-06-24 14:54:00,Y,,,,44.9,44.90 Consecutive Business Hours,,,,,,0,0,0,0,47f54bb0-8ad3-4d2f-a810-8099772dbdcf,,PDF,RUS,2026-06-22T22:00:00Z,2026-06-24T18:54:00Z,,,,,,2026-08-22T16:11:12Z,2026-08-22T16:11:12Z
MOHE-260624-5394,MHNY SWH STD Advance Directive_6797d47e-2f4f-4455-9cf2-5c4d1c31f59b_ru,NY Molina SWH – PDF,NY,2026-06-22 18:00:00,2026-06-24 14:54:00,Y,,,,44.89,44.89 Consecutive Business Hours,,,,,,0,0,0,0,4125b4c2-6a86-4235-b84a-6ab6e0140fe8,,PDF,RUS,2026-06-22T22:00:00Z,2026-06-24T18:54:00Z,,,,,,2026-08-22T16:11:12Z,2026-08-22T16:11:12Z
MOHE-260623-5355,MHNY SWH STD Mbr Materials_b032e330-53d0-445d-8c68-4992cb0587d6_ru,NY Molina SWH – PDF,NY,2026-06-22 18:00:00,2026-06-23 16:14:00,Y,,,,22.22,22.22 Consecutive Business Hours,,1.89,0,0,3638,0.66,0.43,0.79,0,d94b5051-e1f4-4637-8f55-f51450cb1322,2,PDF,RUS,2026-06-22T22:00:00Z,2026-06-23T20:14:00Z,,,,,,2026-08-22T16:11:12Z,2026-08-22T16:11:12Z
MOHE-260623-5355,MHNY SWH STD Mbr Materials_80f65301-f739-4975-9f1f-b42d49d1fc6e_ru,NY Molina SWH – PDF,NY,2026-06-22 21:00:00,2026-06-23 16:14:00,Y,,,,8.24,8.24 Consecutive Business Hours,,,,,,0,0,0,0,fb2309a6-d199-487d-a0c4-50cb71d8e4e4,,PDF,RUS,2026-06-23T01:00:00Z,2026-06-23T20:14:00Z,,,,,,2026-08-22T16:11:12Z,2026-08-22T16:11:12Z
MOHE-260623-5355,MHNY SWH STD Mbr Materials_9c73986c-8f0e-4db5-bb33-9cdf58857877_ru,NY Molina SWH – PDF,NY,2026-06-22 21:00:00,2026-06-23 16:14:00,Y,,,,8.24,8.24 Consecutive Business Hours,,,,,,0,0,0,0,cf551795-3817-4e34-9bfa-de96fe0261dd,1,PDF,RUS,2026-06-23T01:00:00Z,2026-06-23T20:14:00Z,,,,,,2026-08-22T16:11:12Z,2026-08-22T16:11:12Z
MOHE-260623-5355,MHNY SWH STD Mbr Materials_de64760a-a004-4dca-b45e-bf50473c2337_ru,NY Molina SWH – PDF,NY,2026-06-22 21:00:00,2026-06-23 16:14:00,Y,,,,8.24,8.24 Consecutive Business Hours,,,,,,0,0,0,0,42bdcea6-8a22-4fa8-97a2-32d48913d631,1,PDF,RUS,2026-06-23T01:00:00Z,2026-06-23T20:14:00Z,,,,,,2026-08-22T16:11:12Z,2026-08-22T16:11:12Z
MOHE-260623-5355,MHNY SWH STD Mbr Materials_056d2a52-536e-4409-be11-609f195fba78_ru,NY Molina SWH – PDF,NY,2026-06-23 00:00:00,2026-06-23 16:14:00,Y,,,,8.24,8.24 Consecutive Business Hours,,,,,,0,0,0,0,13114781-5f84-4d28-8cf3-060d3817f894,1,PDF,RUS,2026-06-23T04:00:00Z,2026-06-23T20:14:00Z,,,,,,2026-08-22T16:11:12Z,2026-08-22T16:11:12Z
MOHE-260623-5355,MHNY SWH STD Mbr Materials_7d31aa17-43ee-4e9a-8a8d-fdb840f44948_ru,NY Molina SWH – PDF,NY,2026-06-23 00:00:00,2026-06-23 16:14:00,Y,,,,8.24,8.24 Consecutive Business Hours,,,,,,0,0,0,0,b9d3ea16-03e4-400c-ae7b-6df7b4399fdb,1,PDF,RUS,2026-06-23T04:00:00Z,2026-06-23T20:14:00Z,,,,,,2026-08-22T16:11:12Z,2026-08-22T16:11:12Z
MOHE-260623-5355,MHNY SWH STD Mbr Materials_aab4a58f-7a1f-4885-bd0b-924b4d435d2c_ru,NY Molina SWH – PDF,NY,2026-06-23 00:00:00,2026-06-23 16:14:00,Y,,,,8.24,8.24 Consecutive Business Hours,,,,,,0,0,0,0,0212649f-472b-4cb1-b5b8-f5a73d689dc2,,PDF,RUS,2026-06-23T04:00:00Z,2026-06-23T20:14:00Z,,,,,,2026-08-22T16:11:12Z,2026-08-22T16:11:12Z
MOHE-260624-5397,MHNY SWH STD Mbr Materials_a2db0830-e665-4b40-a684-da261ec81c74_ru,NY Molina SWH – PDF,NY,2026-06-23 15:01:00,2026-06-24 15:26:00,Y,,,,24.43,24.43 Consecutive Business Hours,,2.16,0,0,4286,0.76,0.5,0.91,0,17212f6e-4a86-4908-8a8b-d08891582822,1,PDF,RUS,2026-06-23T19:01:00Z,2026-06-24T19:26:00Z,,,,,,2026-08-22T16:11:12Z,2026-08-22T16:11:12Z
MOHE-260624-5397,MHNY SWH STD Mbr Materials_99c35a25-cb82-434a-9f8f-9e62b7ee7e27_ru,NY Molina SWH – PDF,NY,2026-06-23 18:00:00,2026-06-24 15:26:00,Y,,,,21.44,21.44 Consecutive Business Hours,,,,,,0,0,0,0,073ded8a-ba0b-4a20-a1d1-b98b1e00c40a,1,PDF,RUS,2026-06-23T22:00:00Z,2026-06-24T19:26:00Z,,,,,,2026-08-22T16:11:12Z,2026-08-22T16:11:12Z
MOHE-260624-5397,MHNY SWH STD Mbr Materials_a4884c2c-ea6d-4b1f-84e3-c2811251c84f_ru,NY Molina SWH – PDF,NY,2026-06-23 18:00:00,2026-06-24 15:26:00,Y,,,,21.44,21.44 Consecutive Business Hours,,,,,,0,0,0,0,55ab4a84-729b-4e16-87de-8b1b3e64911a,1,PDF,RUS,2026-06-23T22:00:00Z,2026-06-24T19:26:00Z,,,,,,2026-08-22T16:11:12Z,2026-08-22T16:11:12Z
MOHE-260624-5397,MHNY SWH STD Mbr Materials_b33b09a3-d1e9-47f1-bad6-d44ad1753dd7_ru,NY Molina SWH – PDF,NY,2026-06-23 18:00:00,2026-06-24 15:26:00,Y,,,,21.44,21.44 Consecutive Business Hours,,,,,,0,0,0,0,1e0d0337-f7cd-48b1-b626-c660572aa159,1,PDF,RUS,2026-06-23T22:00:00Z,2026-06-24T19:26:00Z,,,,,,2026-08-22T16:11:12Z,2026-08-22T16:11:12Z
MOHE-260624-5397,MHNY SWH STD Mbr Materials_daaa95d8-5b6f-4dba-aa0f-8b572f00f456_ru,NY Molina SWH – PDF,NY,2026-06-23 18:00:00,2026-06-24 15:26:00,Y,,,,21.44,21.44 Consecutive Business Hours,,,,,,0,0,0,0,239ff38c-5f45-4796-a475-00f87b1771bb,1,PDF,RUS,2026-06-23T22:00:00Z,2026-06-24T19:26:00Z,,,,,,2026-08-22T16:11:12Z,2026-08-22T16:11:12Z
MOHE-260624-5397,MHNY SWH STD Mbr Materials_11e4b3b7-1298-455a-aa51-5dd6ab946019_ru,NY Molina SWH – PDF,NY,2026-06-24 00:00:00,2026-06-24 15:26:00,Y,,,,7.45,7.45 Consecutive Business Hours,,,,,,0,0,0,0,7ba0c4f2-7b37-4bd9-afe6-00aa36e0ac3a,,PDF,RUS,2026-06-24T04:00:00Z,2026-06-24T19:26:00Z,,,,,,2026-08-22T16:11:12Z,2026-08-22T16:11:12Z
MOHE-260624-5397,MHNY SWH STD Mbr Materials_38058960-c492-4374-aeb1-5ff8fac87a9d_ru,NY Molina SWH – PDF,NY,2026-06-24 00:01:00,2026-06-24 15:26:00,Y,,,,7.45,7.45 Consecutive Business Hours,,,,,,0,0,0,0,9aa9de1c-df3d-4192-96b7-c86316311782,,PDF,RUS,2026-06-24T04:01:00Z,2026-06-24T19:26:00Z,,,,,,2026-08-22T16:11:12Z,2026-08-22T16:11:12Z
MOHE-260624-5397,MHNY SWH STD Mbr Materials_fd2dbea5-694b-4416-bc92-092c5c2ab451_ru,NY Molina SWH – PDF,NY,2026-06-24 00:01:00,2026-06-24 15:26:00,Y,,,,7.45,7.45 Consecutive Business Hours,,,,,,0,0,0,0,b70a703a-33ce-49a3-a4c3-fe3f129e13d1,1,PDF,RUS,2026-06-24T04:01:00Z,2026-06-24T19:26:00Z,,,,,,2026-08-22T16:11:12Z,2026-08-22T16:11:12Z
MOHE-260625-5447,MHNY SWH STD Mbr Materials_df64e16d-68e0-48d2-8c9a-2b7927227647_ru,NY Molina SWH – PDF,NY,2026-06-24 15:01:00,2026-06-26 08:39:00,Y,,,,41.63,41.63 Consecutive Business Hours,,2.7,0,11,5460,0.95,0.62,1.13,0,c3d7b00a-7c16-48a3-adc8-850ffcb8761e,1,PDF,RUS,2026-06-24T19:01:00Z,2026-06-26T12:39:00Z,,,,,,2026-08-22T16:11:12Z,2026-08-22T16:11:12Z
MOHE-260625-5447,MHNY SWH STD Mbr Materials_b68c65c7-35ab-46bf-b556-557fc284ba85_ru,NY Molina SWH – PDF,NY,2026-06-24 15:01:00,2026-06-26 08:39:00,Y,,,,41.63,41.63 Consecutive Business Hours,,,,,,0,0,0,0,c510fbd7-ead6-4216-a8f4-fca9bd73cec8,1,PDF,RUS,2026-06-24T19:01:00Z,2026-06-26T12:39:00Z,,,,,,2026-08-22T16:11:12Z,2026-08-22T16:11:12Z
MOHE-260625-5447,MHNY SWH STD Mbr Materials_6e616dbd-5df5-404c-8821-dfa07c6b343e_ru,NY Molina SWH – PDF,NY,2026-06-24 15:01:00,2026-06-26 08:38:00,Y,,,,41.63,41.63 Consecutive Business Hours,,,,,,0,0,0,0,ff386fe7-bf37-4f0c-9d03-5dbbd2ebae3e,1,PDF,RUS,2026-06-24T19:01:00Z,2026-06-26T12:38:00Z,,,,,,2026-08-22T16:11:12Z,2026-08-22T16:11:12Z
MOHE-260625-5447,MHNY SWH STD Mbr Materials_5097b19c-816f-4b63-b12e-45620e177342_ru,NY Molina SWH – PDF,NY,2026-06-24 15:01:00,2026-06-26 08:38:00,Y,,,,41.63,41.63 Consecutive Business Hours,,,,,,0,0,0,0,16682398-4282-4d18-89a6-d6d34c63ffeb,1,PDF,RUS,2026-06-24T19:01:00Z,2026-06-26T12:38:00Z,,,,,,2026-08-22T16:11:12Z,2026-08-22T16:11:12Z
MOHE-260625-5447,MHNY SWH STD Mbr Materials_4da4fa24-9b93-4a87-8757-d03eeb8795e4_ru,NY Molina SWH – PDF,NY,2026-06-24 18:00:00,2026-06-26 08:38:00,Y,,,,38.64,38.64 Consecutive Business Hours,,,,,,0,0,0,0,806fe0be-9eaa-48d0-8efa-c9db2bbc44ed,,PDF,RUS,2026-06-24T22:00:00Z,2026-06-26T12:38:00Z,,,,,,2026-08-22T16:11:12Z,2026-08-22T16:11:12Z
MOHE-260625-5447,MHNY SWH STD Mbr Materials_90955e1d-136d-4fe3-8f60-4037dd5978d9_ru,NY Molina SWH – PDF,NY,2026-06-24 18:00:00,2026-06-26 08:38:00,Y,,,,38.64,38.64 Consecutive Business Hours,,,,,,0,0,0,0,172dfd19-d99b-430b-adf1-b61c82acd64b,,PDF,RUS,2026-06-24T22:00:00Z,2026-06-26T12:38:00Z,,,,,,2026-08-22T16:11:12Z,2026-08-22T16:11:12Z
MOHE-260625-5447,MHNY SWH STD Mbr Materials_8dc8171d-8537-4abb-878b-0daca6dd12b7_ru,NY Molina SWH – PDF,NY,2026-06-24 18:00:00,2026-06-26 08:38:00,Y,,,,38.64,38.64 Consecutive Business Hours,,,,,,0,0,0,0,96da8d0b-6f12-48d7-b24d-d3d04bd39f32,,PDF,RUS,2026-06-24T22:00:00Z,2026-06-26T12:38:00Z,,,,,,2026-08-22T16:11:12Z,2026-08-22T16:11:12Z
MOHE-260625-5447,MHNY SWH STD Advance Directive_e1068a2e-f446-4eab-ba15-a31894bc7fb8_ru,NY Molina SWH – PDF,NY,2026-06-24 21:00:00,2026-06-26 08:38:00,Y,,,,24.65,24.65 Consecutive Business Hours,,,,,,0,0,0,0,51cbbd5f-1819-43a9-947f-7c7679855837,1,PDF,RUS,2026-06-25T01:00:00Z,2026-06-26T12:38:00Z,,,,,,2026-08-22T16:11:12Z,2026-08-22T16:11:12Z
MOHE-260625-5447,MHNY SWH STD Mbr Materials_2cdcd7cb-497d-481f-ac82-9e60610de361_ru,NY Molina SWH – PDF,NY,2026-06-24 21:00:00,2026-06-26 08:38:00,Y,,,,24.65,24.65 Consecutive Business Hours,,,,,,0,0,0,0,e1e3eb9f-62bb-4d35-82b8-2f0d644a3a31,1,PDF,RUS,2026-06-25T01:00:00Z,2026-06-26T12:38:00Z,,,,,,2026-08-22T16:11:12Z,2026-08-22T16:11:12Z
MOHE-260625-5447,MHNY SWH STD Mbr Materials_c5c213ec-f80e-4a2d-9198-7b3c1d420b1a_ru,NY Molina SWH – PDF,NY,2026-06-24 21:00:00,2026-06-26 08:39:00,Y,,,,24.65,24.65 Consecutive Business Hours,,,,,,0,0,0,0,c06c4518-3cb7-4b6e-9092-4ace1a01a943,,PDF,RUS,2026-06-25T01:00:00Z,2026-06-26T12:39:00Z,,,,,,2026-08-22T16:11:12Z,2026-08-22T16:11:12Z
MOHE-260625-5446,MHNY SWH STD Mbr Materials_f8510175-3a79-42a7-9ff5-2fd5e013b2f7_ru,NY Molina SWH – PDF,NY,2026-06-24 21:00:00,2026-06-25 15:34:00,Y,,,,7.57,7.57 Consecutive Business Hours,,2.7,,,5188,0.95,0.62,1.13,0,f69777d0-dcac-461c-9cd3-569c7f8014ae,1,PDF,RUS,2026-06-25T01:00:00Z,2026-06-25T19:34:00Z,,,,,,2026-08-22T16:11:12Z,2026-08-22T16:11:12Z
MOHE-260625-5446,MHNY SWH STD Mbr Materials_fa643aaa-194f-4c1c-b869-a69bc8b826e9_ru,NY Molina SWH – PDF,NY,2026-06-24 21:00:00,2026-06-25 15:34:00,Y,,,,7.57,7.57 Consecutive Business Hours,,,,,,0,0,0,0,0ad48809-4507-46d6-94f4-5bcc34c3e60e,1,PDF,RUS,2026-06-25T01:00:00Z,2026-06-25T19:34:00Z,,,,,,2026-08-22T16:11:12Z,2026-08-22T16:11:12Z
MOHE-260625-5446,MHNY SWH STD Mbr Materials_931fadbb-a11b-43e8-add4-3825eea5af35_ru,NY Molina SWH – PDF,NY,2026-06-25 00:00:00,2026-06-25 15:34:00,Y,,,,7.57,7.57 Consecutive Business Hours,,,,,,0,0,0,0,49f3119e-cdc6-41cc-a37e-e74e0cbedf83,1,PDF,RUS,2026-06-25T04:00:00Z,2026-06-25T19:34:00Z,,,,,,2026-08-22T16:11:12Z,2026-08-22T16:11:12Z
MOHE-260625-5446,MHNY SWH STD Mbr Materials_dfb96f0d-cc90-4ddb-bb41-941f8e2324b5_ru,NY Molina SWH – PDF,NY,2026-06-25 00:00:00,2026-06-25 15:34:00,Y,,,,7.57,7.57 Consecutive Business Hours,,,,,,0,0,0,0,c04bf63d-8642-4cfc-b37b-d9e43a716c63,1,PDF,RUS,2026-06-25T04:00:00Z,2026-06-25T19:34:00Z,,,,,,2026-08-22T16:11:12Z,2026-08-22T16:11:12Z
MOHE-260625-5446,MHNY SWH STD Mbr Materials_8235796e-e0b3-4eca-a7ca-cd157ec20796_ru,NY Molina SWH – PDF,NY,2026-06-25 00:00:00,2026-06-25 15:34:00,Y,,,,7.57,7.57 Consecutive Business Hours,,,,,,0,0,0,0,c2b9e25c-a168-4e2f-9814-34d8b8843bca,,PDF,RUS,2026-06-25T04:00:00Z,2026-06-25T19:34:00Z,,,,,,2026-08-22T16:11:12Z,2026-08-22T16:11:12Z
MOHE-260625-5446,MHNY SWH STD Mbr Materials_1febe900-e0f1-4fcf-ab24-3bb97ba6ba3c_ru,NY Molina SWH – PDF,NY,2026-06-25 00:00:00,2026-06-25 15:34:00,Y,,,,7.57,7.57 Consecutive Business Hours,,,,,,0,0,0,0,28c91c23-647f-4099-acda-0d9629c9cdb8,,PDF,RUS,2026-06-25T04:00:00Z,2026-06-25T19:34:00Z,,,,,,2026-08-22T16:11:12Z,2026-08-22T16:11:12Z
MOHE-260625-5446,MHNY SWH STD Mbr Materials_33cb4e19-72bc-472a-8a7a-756ce91ce57f_ru,NY Molina SWH – PDF,NY,2026-06-25 03:00:00,2026-06-25 15:34:00,Y,,,,7.57,7.57 Consecutive Business Hours,,,,,,0,0,0,0,bcdfe78d-fc74-48c8-8285-a55fdc25ca1f,,PDF,RUS,2026-06-25T07:00:00Z,2026-06-25T19:34:00Z,,,,,,2026-08-22T16:11:12Z,2026-08-22T16:11:12Z
MOHE-260625-5446,MHNY SWH STD Mbr Materials_5da6a64b-4192-4670-960e-757ce40d347c_ru,NY Molina SWH – PDF,NY,2026-06-25 03:00:00,2026-06-25 15:34:00,Y,,,,7.57,7.57 Consecutive Business Hours,,,,,,0,0,0,0,cc977fd3-8c06-4a97-82eb-e39d3824ddeb,1,PDF,RUS,2026-06-25T07:00:00Z,2026-06-25T19:34:00Z,,,,,,2026-08-22T16:11:12Z,2026-08-22T16:11:12Z
MOHE-260625-5446,MHNY SWH STD Mbr Materials_9931db2b-5efd-45d5-99eb-034b96a52489_ru,NY Molina SWH – PDF,NY,2026-06-25 03:00:00,2026-06-25 15:34:00,Y,,,,7.57,7.57 Consecutive Business Hours,,,,,,0,0,0,0,b17a152a-26d5-469b-8129-264798f28350,,PDF,RUS,2026-06-25T07:00:00Z,2026-06-25T19:34:00Z,,,,,,2026-08-22T16:11:12Z,2026-08-22T16:11:12Z
MOHE-260625-5446,MHNY SWH STD Mbr Materials_e362afa7-7ac0-4deb-80e4-e09d84f46789_ru,NY Molina SWH – PDF,NY,2026-06-25 03:00:00,2026-06-25 15:34:00,Y,,,,7.57,7.57 Consecutive Business Hours,,,,,,0,0,0,0,e847bc6c-a0ed-44ff-bdcc-80d62e436626,1,PDF,RUS,2026-06-25T07:00:00Z,2026-06-25T19:34:00Z,,,,,,2026-08-22T16:11:12Z,2026-08-22T16:11:12Z
MOHE-260625-5446,MHNY SWH STD Mbr Materials_31f08552-ccbd-440b-a764-98e3e2b269ab_ru,NY Molina SWH – PDF,NY,2026-06-25 15:00:00,2026-06-25 20:47:00,Y,,,,5.77,5.77 Consecutive Business Hours,,1.08,,,,0.38,0.25,0.45,0,8e0b3ee7-95fd-4b9b-8aba-9a151bb6b4e9,,PDF,RUS,2026-06-25T19:00:00Z,2026-06-26T00:47:00Z,,,,,,2026-08-22T16:11:12Z,2026-08-22T16:11:12Z
MOHE-260625-5446,MHNY SWH STD Mbr Materials_412b2943-e80f-4d2b-95b4-2be7cbfc8a74_ru,NY Molina SWH – PDF,NY,2026-06-25 15:00:00,2026-06-25 20:47:00,Y,,,,5.77,5.77 Consecutive Business Hours,,,,,,0,0,0,0,cd7834de-28d8-4066-8563-a073e0c0c157,1,PDF,RUS,2026-06-25T19:00:00Z,2026-06-26T00:47:00Z,,,,,,2026-08-22T16:11:12Z,2026-08-22T16:11:12Z
MOHE-260625-5446,MHNY SWH STD Mbr Materials_51965fd1-110d-41a2-a81d-43728f77d234_ru,NY Molina SWH – PDF,NY,2026-06-25 15:00:00,2026-06-25 20:47:00,Y,,,,5.77,5.77 Consecutive Business Hours,,,,,,0,0,0,0,1504278b-5660-4691-bd6f-a315fdb4ac66,,PDF,RUS,2026-06-25T19:00:00Z,2026-06-26T00:47:00Z,,,,,,2026-08-22T16:11:12Z,2026-08-22T16:11:12Z
MOHE-260625-5446,MHNY SWH STD Mbr Materials_8964ca25-35f0-40e1-b282-c26464bb81c7_ru,NY Molina SWH – PDF,NY,2026-06-25 15:00:00,2026-06-25 20:47:00,Y,,,,5.77,5.77 Consecutive Business Hours,,,,,,0,0,0,0,831d7093-d1ed-4493-b543-5c7753711279,,PDF,RUS,2026-06-25T19:00:00Z,2026-06-26T00:47:00Z,,,,,,2026-08-22T16:11:12Z,2026-08-22T16:11:12Z
MOHE-260626-5481,MHNY SWH STD Mbr Materials_e0468863-18f1-4873-bee2-9cee973c5a08_ru,NY Molina SWH – PDF,NY,2026-06-25 18:00:00,2026-06-26 15:55:00,Y,,,,21.91,21.91 Consecutive Business Hours,,1.62,,,3183,0.57,0.37,0.68,0,da109ba8-2e57-4823-9e27-8f488a8a7dd3,,PDF,RUS,2026-06-25T22:00:00Z,2026-06-26T19:55:00Z,,,,,,2026-08-22T16:11:12Z,2026-08-22T16:11:12Z
MOHE-260626-5481,MHNY SWH STD Advance Directive_5aad4c0e-f1ca-4234-8d5d-e19d79af0bcb_ru,NY Molina SWH – PDF,NY,2026-06-26 00:00:00,2026-06-26 15:55:00,Y,,,,7.92,7.92 Consecutive Business Hours,,,,,,0,0,0,0,71e33572-7d6a-4bb3-bef1-64ae5599d656,1,PDF,RUS,2026-06-26T04:00:00Z,2026-06-26T19:55:00Z,,,,,,2026-08-22T16:11:12Z,2026-08-22T16:11:12Z
MOHE-260626-5481,MHNY SWH STD Mbr Materials_5f26bd3d-7183-4652-a724-2c1d1b4735ec_ru,NY Molina SWH – PDF,NY,2026-06-26 00:00:00,2026-06-26 15:55:00,Y,,,,7.92,7.92 Consecutive Business Hours,,,,,,0,0,0,0,a3192336-87da-4aa3-b65f-1d8faac98802,,PDF,RUS,2026-06-26T04:00:00Z,2026-06-26T19:55:00Z,,,,,,2026-08-22T16:11:12Z,2026-08-22T16:11:12Z
MOHE-260626-5481,MHNY SWH STD Mbr Materials_0b4fe584-d684-4349-9b5c-e43ed1a60b48_ru,NY Molina SWH – PDF,NY,2026-06-26 03:00:00,2026-06-26 15:55:00,Y,,,,7.92,7.92 Consecutive Business Hours,,,,,,0,0,0,0,71a032bb-d209-4be0-966a-af8e5571ee7c,1,PDF,RUS,2026-06-26T07:00:00Z,2026-06-26T19:55:00Z,,,,,,2026-08-22T16:11:12Z,2026-08-22T16:11:12Z
MOHE-260626-5481,MHNY SWH STD Mbr Materials_ab810d49-d1b8-4122-a353-9f03751d5bdf_ru,NY Molina SWH – PDF,NY,2026-06-26 03:00:00,2026-06-26 15:55:00,Y,,,,7.92,7.92 Consecutive Business Hours,,,,,,0,0,0,0,b8e931a6-cd3e-44fe-91b9-3158f79cacdb,1,PDF,RUS,2026-06-26T07:00:00Z,2026-06-26T19:55:00Z,,,,,,2026-08-22T16:11:12Z,2026-08-22T16:11:12Z
MOHE-260626-5481,MHNY SWH STD Mbr Materials_3a9511d8-a2ea-47d1-9ddf-d4cc0461f26b_ru,NY Molina SWH – PDF,NY,2026-06-26 03:00:00,2026-06-26 15:55:00,Y,,,,7.92,7.92 Consecutive Business Hours,,,,,,0,0,0,0,50b600a3-6010-491c-8b3a-22d08d9c39b2,1,PDF,RUS,2026-06-26T07:00:00Z,2026-06-26T19:55:00Z,,,,,,2026-08-22T16:11:12Z,2026-08-22T16:11:12Z
MOHE-260626-5504,MHNY SWH STD Mbr Materials_4b53b345-d50d-4c9e-a620-a98533d74f63_ru,NY Molina SWH – PDF,NY,2026-06-26 15:03:00,2026-06-29 14:29:00,Y,,,,23.44,23.44 Consecutive Business Hours,,3.16,26,8,6526,1.11,0.73,1.33,0,fd06fb88-23a5-4ead-a462-9de92cf82d5e,1,PDF,RUS,2026-06-26T19:03:00Z,2026-06-29T18:29:00Z,,,,,,2026-08-22T16:11:12Z,2026-08-22T16:11:12Z
MOHE-260626-5504,MHNY SWH STD Care Plan_7c65235a-7f4b-4353-9dd7-f07b37116e01_ru,NY Molina SWH – PDF,NY,2026-06-26 15:03:00,2026-06-29 14:29:00,Y,,,,23.44,23.44 Consecutive Business Hours,,,,,,0,0,0,0,01d17b39-0ccf-43e2-80d2-1880a3be00f2,1,PDF,RUS,2026-06-26T19:03:00Z,2026-06-29T18:29:00Z,,,,,,2026-08-22T16:11:12Z,2026-08-22T16:11:12Z
MOHE-260626-5504,MHNY SWH STD Mbr Materials_8007d9e6-0162-4f47-b1bb-ed61a0e6e8da_ru,NY Molina SWH – PDF,NY,2026-06-26 15:03:00,2026-06-26 17:59:00,Y,,,,2.93,2.93 Consecutive Business Hours,,,,,,0,0,0,0,9e84d149-c4ef-4223-a9c0-4cf2027ec897,1,PDF,RUS,2026-06-26T19:03:00Z,2026-06-26T21:59:00Z,,,,,,2026-08-22T16:11:12Z,2026-08-22T16:11:12Z
MOHE-260626-5504,MHNY SWH STD Mbr Materials_5ef66e7d-850e-4a32-8cf7-6cd0b35e2b94_ru,NY Molina SWH – PDF,NY,2026-06-26 15:03:00,2026-06-26 17:59:00,Y,,,,2.93,2.93 Consecutive Business Hours,,,,,,0,0,0,0,d09b9fe2-ae43-4d6b-b2f9-4494259dea7e,2,PDF,RUS,2026-06-26T19:03:00Z,2026-06-26T21:59:00Z,,,,,,2026-08-22T16:11:12Z,2026-08-22T16:11:12Z
MOHE-260626-5504,MHNY SWH STD Mbr Materials_e9fe1b1c-94a7-4314-8116-249172c5c9d0_ru,NY Molina SWH – PDF,NY,2026-06-26 15:03:00,2026-06-26 17:59:00,Y,,,,2.93,2.93 Consecutive Business Hours,,,,,,0,0,0,0,a6bb4748-c5e7-452b-ba9e-9552dcff9928,2,PDF,RUS,2026-06-26T19:03:00Z,2026-06-26T21:59:00Z,,,,,,2026-08-22T16:11:12Z,2026-08-22T16:11:12Z
MOHE-260626-5504,MHNY SWH STD Mbr Materials_62c6c890-e06c-4b54-b9a8-731b6081c06f_ru,NY Molina SWH – PDF,NY,2026-06-26 15:03:00,2026-06-26 17:59:00,Y,,,,2.93,2.93 Consecutive Business Hours,,,,,,0,0,0,0,d68036b8-3fb7-465d-862e-42d148c3d20f,2,PDF,RUS,2026-06-26T19:03:00Z,2026-06-26T21:59:00Z,,,,,,2026-08-22T16:11:12Z,2026-08-22T16:11:12Z
MOHE-260626-5504,MHNY SWH STD Mbr Materials_dcfe2d52-aba3-4b76-b9e7-ba466baea017_ru,NY Molina SWH – PDF,NY,2026-06-26 15:03:00,2026-06-26 17:59:00,Y,,,,2.93,2.93 Consecutive Business Hours,,,,,,0,0,0,0,320e46ef-94a9-44e3-ba2d-9c1d74b36db4,2,PDF,RUS,2026-06-26T19:03:00Z,2026-06-26T21:59:00Z,,,,,,2026-08-22T16:11:12Z,2026-08-22T16:11:12Z
MOHE-260626-5504,MHNY SWH STD Mbr Materials_6a044168-e92a-4d4f-87fa-d6cd2bc8c45f_ru,NY Molina SWH – PDF,NY,2026-06-26 15:03:00,2026-06-26 17:59:00,Y,,,,2.93,2.93 Consecutive Business Hours,,,,,,0,0,0,0,61a79acb-4b3a-4564-9ad4-a29208726725,2,PDF,RUS,2026-06-26T19:03:00Z,2026-06-26T21:59:00Z,,,,,,2026-08-22T16:11:12Z,2026-08-22T16:11:12Z
MOHE-260626-5504,MHNY SWH STD Mbr Materials_7824795c-b6f9-4505-81b7-cb9d912dd5c8_ru,NY Molina SWH – PDF,NY,2026-06-26 15:03:00,2026-06-26 17:59:00,Y,,,,2.93,2.93 Consecutive Business Hours,,,,,,0,0,0,0,11c0f887-3e80-49fe-863c-76070bdba9cf,2,PDF,RUS,2026-06-26T19:03:00Z,2026-06-26T21:59:00Z,,,,,,2026-08-22T16:11:12Z,2026-08-22T16:11:12Z
MOHE-260629-5548,MHNY SWH STD Mbr Materials_d0554cd5-df56-413f-9f77-c75a096f8165_ru,NY Molina SWH – PDF,NY,2026-06-26 18:01:00,2026-06-29 15:01:00,Y,,,,20.99,20.99 Consecutive Business Hours,,1.08,0,0,2067,0.38,0.25,0.45,0,33afdbec-e700-4453-a928-afb6113c4cd0,2,PDF,RUS,2026-06-26T22:01:00Z,2026-06-29T19:01:00Z,,,,,,2026-08-22T16:11:12Z,2026-08-22T16:11:12Z
MOHE-260629-5548,MHNY SWH STD Mbr Materials_bbb70131-b189-4c09-9d99-8303798daf92_ru,NY Molina SWH – PDF,NY,2026-06-26 21:01:00,2026-06-29 15:01:00,Y,,,,7.02,7.02 Consecutive Business Hours,,,,,,0,0,0,0,be7d5c6f-a565-4036-8782-d7f6fcceec7e,2,PDF,RUS,2026-06-27T01:01:00Z,2026-06-29T19:01:00Z,,,,,,2026-08-22T16:11:12Z,2026-08-22T16:11:12Z
MOHE-260629-5548,MHNY SWH STD Mbr Materials_cbd11a40-15b9-41ac-a53d-afadea32fc5b_ru,NY Molina SWH – PDF,NY,2026-06-26 21:01:00,2026-06-29 15:01:00,Y,,,,7.02,7.02 Consecutive Business Hours,,,,,,0,0,0,0,a4946703-ea8f-4a17-88ff-704f4f8106eb,2,PDF,RUS,2026-06-27T01:01:00Z,2026-06-29T19:01:00Z,,,,,,2026-08-22T16:11:12Z,2026-08-22T16:11:12Z
MOHE-260629-5548,MHNY SWH STD Mbr Materials_0df70cc8-f1a5-45f2-a640-4126361c3092_ru,NY Molina SWH – PDF,NY,2026-06-27 00:00:00,2026-06-29 15:01:00,Y,,,,7.02,7.02 Consecutive Business Hours,,,,,,0,0,0,0,1f247c3a-99e8-4a69-9da9-b92a2eb6c32b,2,PDF,RUS,2026-06-27T04:00:00Z,2026-06-29T19:01:00Z,,,,,,2026-08-22T16:11:12Z,2026-08-22T16:11:12Z
MOHE-260630-5599,MHNY SWH STD Mbr Materials_655a259b-802d-4b17-a34e-055187720130_ru,NY Molina SWH – PDF,NY,2026-06-30 00:00:00,2026-06-30 17:18:00,Y,,,,9.3,9.30 Consecutive Business Hours,,1.62,,,3182,0.57,0.37,0.68,0,cf74efe1-1d33-496a-821b-3a12842c9971,,PDF,RUS,2026-06-30T04:00:00Z,2026-06-30T21:18:00Z,,,,,,2026-08-22T16:11:12Z,2026-08-22T16:11:12Z
MOHE-260630-5599,MHNY SWH STD Mbr Materials_4f27b9cc-aec4-488e-b895-8c440149662d_ru,NY Molina SWH – PDF,NY,2026-06-30 03:00:00,2026-06-30 17:18:00,Y,,,,9.3,9.30 Consecutive Business Hours,,,,,,0,0,0,0,6545a772-d05e-4843-a034-904672488058,,PDF,RUS,2026-06-30T07:00:00Z,2026-06-30T21:18:00Z,,,,,,2026-08-22T16:11:12Z,2026-08-22T16:11:12Z
MOHE-260630-5599,MHNY SWH STD Mbr Materials_c27be11a-56ee-4a16-9379-99f8daf74b65_ru,NY Molina SWH – PDF,NY,2026-06-30 03:00:00,2026-06-30 17:18:00,Y,,,,9.3,9.30 Consecutive Business Hours,,,,,,0,0,0,0,34deb076-73ad-429d-ac88-73b81c43bd55,,PDF,RUS,2026-06-30T07:00:00Z,2026-06-30T21:18:00Z,,,,,,2026-08-22T16:11:12Z,2026-08-22T16:11:12Z
MOHE-260630-5599,MHNY SWH STD Advance Directive_226f8aa3-30a2-4a56-8573-0efc1558119a_ru,NY Molina SWH – PDF,NY,2026-06-30 06:00:00,2026-06-30 17:18:00,Y,,,,9.3,9.30 Consecutive Business Hours,,,,,,0,0,0,0,21963af8-4de0-49d7-8ef1-764c079095f4,,PDF,RUS,2026-06-30T10:00:00Z,2026-06-30T21:18:00Z,,,,,,2026-08-22T16:11:12Z,2026-08-22T16:11:12Z
MOHE-260630-5599,MHNY SWH STD Mbr Materials_c3d7416c-bb30-442f-ae60-a7ed63ddb34d_ru,NY Molina SWH – PDF,NY,2026-06-30 06:00:00,2026-06-30 17:18:00,Y,,,,9.3,9.30 Consecutive Business Hours,,,,,,0,0,0,0,81c24817-f798-47af-84e2-705c2b89450c,,PDF,RUS,2026-06-30T10:00:00Z,2026-06-30T21:18:00Z,,,,,,2026-08-22T16:11:12Z,2026-08-22T16:11:12Z
MOHE-260630-5599,MHNY SWH STD Mbr Materials_f47c3f16-e033-4796-aae0-f7bab6ba0db0_ru,NY Molina SWH – PDF,NY,2026-06-30 06:00:00,2026-06-30 17:18:00,Y,,,,9.3,9.30 Consecutive Business Hours,,,,,,0,0,0,0,fb5b9c71-7123-43b0-90ca-d5a8991eac0c,,PDF,RUS,2026-06-30T10:00:00Z,2026-06-30T21:18:00Z,,,,,,2026-08-22T16:11:12Z,2026-08-22T16:11:12Z
MOHE-260630-5599,MHNY SWH STD Mbr Materials_e8c7825c-64e8-44f9-a1f1-d21f7149a8d0_ru,NY Molina SWH – PDF,NY,2026-06-29 15:01:00,2026-06-30 15:35:00,Y,,,,24.58,24.58 Consecutive Business Hours,,1.62,0,0,3312,0.57,0.37,0.68,0,f4366594-8e33-487b-9eb8-2ec358cfc0b6,,PDF,RUS,2026-06-29T19:01:00Z,2026-06-30T19:35:00Z,,,,,,2026-08-22T16:11:12Z,2026-08-22T16:11:12Z
MOHE-260630-5599,MHNY SWH STD Mbr Materials_b70402ee-d9bd-47a5-bbaf-d5d8b915f344_ru,NY Molina SWH – PDF,NY,2026-06-29 15:01:00,2026-06-30 15:35:00,Y,,,,24.57,24.57 Consecutive Business Hours,,,,,,0,0,0,0,c488cca1-95c3-4d17-9832-104459ac3fe9,,PDF,RUS,2026-06-29T19:01:00Z,2026-06-30T19:35:00Z,,,,,,2026-08-22T16:11:12Z,2026-08-22T16:11:12Z
MOHE-260630-5599,MHNY SWH STD Mbr Materials_70eeef57-00db-42a0-a2b8-85dffed0665f_ru,NY Molina SWH – PDF,NY,2026-06-29 15:01:00,2026-06-30 15:35:00,Y,,,,24.57,24.57 Consecutive Business Hours,,,,,,0,0,0,0,6f40e5ff-9a38-4643-9940-61d58e624f5b,2,PDF,RUS,2026-06-29T19:01:00Z,2026-06-30T19:35:00Z,,,,,,2026-08-22T16:11:12Z,2026-08-22T16:11:12Z
MOHE-260630-5599,MHNY SWH STD Mbr Materials_28ff1b69-ba05-48e7-93d7-a7f2d368c095_ru,NY Molina SWH – PDF,NY,2026-06-29 18:01:00,2026-06-30 15:35:00,Y,,,,21.58,21.58 Consecutive Business Hours,,,,,,0,0,0,0,950d416c-4ec9-4abc-851a-5b2a15d45885,5,PDF,RUS,2026-06-29T22:01:00Z,2026-06-30T19:35:00Z,,,,,,2026-08-22T16:11:12Z,2026-08-22T16:11:12Z
MOHE-260630-5599,MHNY SWH STD Mbr Materials_e53e697b-257f-4b03-b23f-1318a00ef56f_ru,NY Molina SWH – PDF,NY,2026-06-29 18:01:00,2026-06-30 15:35:00,Y,,,,21.58,21.58 Consecutive Business Hours,,,,,,0,0,0,0,e223fdd0-07cf-4e12-b8d5-69a70c0e3886,,PDF,RUS,2026-06-29T22:01:00Z,2026-06-30T19:35:00Z,,,,,,2026-08-22T16:11:12Z,2026-08-22T16:11:12Z
MOHE-260630-5599,MHNY SWH STD Mbr Materials_cdfec06d-65cd-4731-8a9b-f099c760bf77_ru,NY Molina SWH – PDF,NY,2026-06-29 21:00:00,2026-06-30 15:35:00,Y,,,,7.59,7.59 Consecutive Business Hours,,,,,,0,0,0,0,cd8dc80d-bfaf-4e0d-82dd-e5439c2de458,2,PDF,RUS,2026-06-30T01:00:00Z,2026-06-30T19:35:00Z,,,,,,2026-08-22T16:11:12Z,2026-08-22T16:11:12Z
MOHE-260630-5618,MHNY SWH STD Care Plan_156b8e75-2074-4cf9-929a-87a7c9d418c5_ru,NY Molina SWH – PDF,NY,2026-06-30 15:00:00,2026-07-01 15:08:00,Y,,,,24.12,24.12 Consecutive Business Hours,,2.7,11,66,5571,0.95,0.62,1.13,0,57328868-11e1-41e9-896b-18f1302d97ee,5,PDF,RUS,2026-06-30T19:00:00Z,2026-07-01T19:08:00Z,,,,,,2026-08-22T16:11:12Z,2026-08-22T16:11:12Z
MOHE-260630-5618,MHNY SWH STD Mbr Materials_33db9cfe-bdb6-4178-b092-350c5b3c4253_ru,NY Molina SWH – PDF,NY,2026-06-30 15:00:00,2026-07-01 15:08:00,Y,,,,24.12,24.12 Consecutive Business Hours,,,,,,0,0,0,0,73193264-ea75-4fff-a238-ff5ca5cd2037,,PDF,RUS,2026-06-30T19:00:00Z,2026-07-01T19:08:00Z,,,,,,2026-08-22T16:11:12Z,2026-08-22T16:11:12Z
MOHE-260630-5618,MHNY SWH STD Mbr Materials_cf0d19cf-0c74-4e29-8005-e4343b860a69_ru,NY Molina SWH – PDF,NY,2026-06-30 15:00:00,2026-07-01 15:08:00,Y,,,,24.12,24.12 Consecutive Business Hours,,,,,,0,0,0,0,b5d6a92e-b30a-41b6-9348-dd1d5917711d,5,PDF,RUS,2026-06-30T19:00:00Z,2026-07-01T19:08:00Z,,,,,,2026-08-22T16:11:12Z,2026-08-22T16:11:12Z
MOHE-260630-5618,MHNY SWH STD UTC_27ed1d1c-d4e6-4ce9-b074-feddd96c76ee_ru,NY Molina SWH – PDF,NY,2026-06-30 15:00:00,2026-07-01 15:08:00,Y,,,,24.12,24.12 Consecutive Business Hours,,,,,,0,0,0,0,eab3b124-7bd9-44ec-aed3-11b4b6fb3b79,,PDF,RUS,2026-06-30T19:00:00Z,2026-07-01T19:08:00Z,,,,,,2026-08-22T16:11:12Z,2026-08-22T16:11:12Z
MOHE-260630-5618,MHNY SWH STD UTC_2fe9a8c0-961a-4b61-b2f9-4e742bb00a60_ru,NY Molina SWH – PDF,NY,2026-06-30 15:00:00,2026-07-01 15:08:00,Y,,,,24.12,24.12 Consecutive Business Hours,,,,,,0,0,0,0,04a602b3-0792-420a-a772-e1f9e6aac904,2,PDF,RUS,2026-06-30T19:00:00Z,2026-07-01T19:08:00Z,,,,,,2026-08-22T16:11:12Z,2026-08-22T16:11:12Z
MOHE-260630-5618,MHNY SWH STD UTC_47934485-0bbb-4f9a-a90c-c506dc359fe8_ru,NY Molina SWH – PDF,NY,2026-06-30 15:01:00,2026-07-01 15:08:00,Y,,,,24.12,24.12 Consecutive Business Hours,,,,,,0,0,0,0,4101f173-6c02-4f59-ad1a-06ef0fd87634,,PDF,RUS,2026-06-30T19:01:00Z,2026-07-01T19:08:00Z,,,,,,2026-08-22T16:11:12Z,2026-08-22T16:11:12Z
MOHE-260702-5679,MHNY SWH STD UTC_ae6ca73b-d9ba-43b9-a27a-a4cab257f7f0_ru,NY Molina SWH – PDF,NY,2026-06-30 18:00:00,2026-07-02 12:42:00,Y,,,,42.69,42.69 Consecutive Business Hours,,0.81,,,1856,0.28,0.19,0.34,0,b3240dc3-4165-42e5-9222-747981b54c70,5,PDF,RUS,2026-06-30T22:00:00Z,2026-07-02T16:42:00Z,,,,,,2026-08-22T16:11:12Z,2026-08-22T16:11:12Z
MOHE-260702-5679,MHNY SWH STD Mbr Materials_3a005cd4-3293-432f-9003-99653ab86c76_ru,NY Molina SWH – PDF,NY,2026-06-30 21:01:00,2026-07-02 12:42:00,Y,,,,28.71,28.71 Consecutive Business Hours,,,,,,0,0,0,0,d6f300fd-cefb-4b77-b0f7-1d74d57505c5,,PDF,RUS,2026-07-01T01:01:00Z,2026-07-02T16:42:00Z,,,,,,2026-08-22T16:11:12Z,2026-08-22T16:11:12Z
MOHE-260702-5679,MHNY SWH STD Mbr Materials_5a86cbbd-0f25-43e6-8199-3198a2d0cb8c_ru,NY Molina SWH – PDF,NY,2026-07-01 02:04:00,2026-07-02 12:42:00,Y,,,,28.71,28.71 Consecutive Business Hours,,,,,,0,0,0,0,0ee88d52-2c71-46da-b8b7-519707f537db,,PDF,RUS,2026-07-01T06:04:00Z,2026-07-02T16:42:00Z,,,,,,2026-08-22T16:11:12Z,2026-08-22T16:11:12Z
MOHE-260702-5680,MHNY SWH STD Mbr Materials_35d30e9a-6b37-4de8-9896-203602237c8b_ru,NY Molina SWH – PDF,NY,2026-06-30 18:00:00,2026-07-02 09:17:00,Y,,,,39.28,39.28 Consecutive Business Hours,,0.81,0,0,1551,0.28,0.19,0.34,0,c16d9379-a924-45d7-9a15-cc12a0336550,2,PDF,RUS,2026-06-30T22:00:00Z,2026-07-02T13:17:00Z,,,,,,2026-08-22T16:11:12Z,2026-08-22T16:11:12Z
MOHE-260702-5680,MHNY SWH STD Mbr Materials_830fb954-a842-4d20-ba4f-dd55f2b40ad1_ru,NY Molina SWH – PDF,NY,2026-06-30 18:00:00,2026-07-02 09:17:00,Y,,,,39.28,39.28 Consecutive Business Hours,,,,,,0,0,0,0,7ac206d1-5df9-4e79-b478-5f54c614bcc7,,PDF,RUS,2026-06-30T22:00:00Z,2026-07-02T13:17:00Z,,,,,,2026-08-22T16:11:12Z,2026-08-22T16:11:12Z
MOHE-260702-5680,MHNY SWH STD Mbr Materials_e3844465-63d0-4de3-b662-5ca7038a627a_ru,NY Molina SWH – PDF,NY,2026-06-30 18:00:00,2026-07-02 09:17:00,Y,,,,39.28,39.28 Consecutive Business Hours,,,,,,0,0,0,0,2eb25620-c025-4743-8793-e690d140129d,,PDF,RUS,2026-06-30T22:00:00Z,2026-07-02T13:17:00Z,,,,,,2026-08-22T16:11:12Z,2026-08-22T16:11:12Z
MOHE-260703-5729,MHNY SWH STD Mbr Materials_24ada751-8877-42dc-a0d1-01528e4345c5_ru,NY Molina SWH – PDF,NY,2026-07-02 15:01:00,2026-07-03 15:25:00,Y,,,,24.41,24.41 Consecutive Business Hours,,1.89,0,0,3846,0.66,0.43,0.79,0,3d4bd4f9-5d8e-40b3-84d9-50c7b1987dd0,5,PDF,RUS,2026-07-02T19:01:00Z,2026-07-03T19:25:00Z,,,,,,2026-08-22T16:11:12Z,2026-08-22T16:11:12Z
MOHE-260703-5729,MHNY SWH STD Mbr Materials_43107b34-78ae-4cb6-8bd4-d17f3e9b2671_ru,NY Molina SWH – PDF,NY,2026-07-02 15:01:00,2026-07-03 15:25:00,Y,,,,24.41,24.41 Consecutive Business Hours,,,,,,0,0,0,0,9d36f114-aa76-4f32-b8f3-9776c3e403a0,,PDF,RUS,2026-07-02T19:01:00Z,2026-07-03T19:25:00Z,,,,,,2026-08-22T16:11:12Z,2026-08-22T16:11:12Z
MOHE-260703-5729,MHNY SWH STD Mbr Materials_b62690e2-6ea9-4765-97d0-e9daa0e68478_ru,NY Molina SWH – PDF,NY,2026-07-02 15:01:00,2026-07-03 15:25:00,Y,,,,24.41,24.41 Consecutive Business Hours,,,,,,0,0,0,0,c2e8c68d-d355-4417-80d5-d6d466ee34fd,2,PDF,RUS,2026-07-02T19:01:00Z,2026-07-03T19:25:00Z,,,,,,2026-08-22T16:11:12Z,2026-08-22T16:11:12Z
MOHE-260703-5729,MHNY SWH STD Mbr Materials_d32eacbe-2045-4caa-b034-ee0942b120c2_ru,NY Molina SWH – PDF,NY,2026-07-02 15:01:00,2026-07-03 15:25:00,Y,,,,24.41,24.41 Consecutive Business Hours,,,,,,0,0,0,0,5bd2c380-7ad6-4816-91bc-2c554d46d1c6,,PDF,RUS,2026-07-02T19:01:00Z,2026-07-03T19:25:00Z,,,,,,2026-08-22T16:11:12Z,2026-08-22T16:11:12Z
MOHE-260703-5729,MHNY SWH STD Mbr Materials_895aa7c7-df6f-4417-8488-724957026274_ru,NY Molina SWH – PDF,NY,2026-07-02 18:00:00,2026-07-03 15:25:00,Y,,,,21.41,21.41 Consecutive Business Hours,,,,,,0,0,0,0,211bdf42-f468-43b8-9343-b00d3280bf28,,PDF,RUS,2026-07-02T22:00:00Z,2026-07-03T19:25:00Z,,,,,,2026-08-22T16:11:12Z,2026-08-22T16:11:12Z
MOHE-260703-5729,MHNY SWH STD Mbr Materials_c3a7becd-1b09-4a1d-acb4-c4573a48b68e_ru,NY Molina SWH – PDF,NY,2026-07-02 18:00:00,2026-07-03 15:25:00,Y,,,,21.41,21.41 Consecutive Business Hours,,,,,,0,0,0,0,8eadd627-52db-47bb-927c-b9254f72d090,,PDF,RUS,2026-07-02T22:00:00Z,2026-07-03T19:25:00Z,,,,,,2026-08-22T16:11:12Z,2026-08-22T16:11:12Z
MOHE-260703-5729,MHNY SWH STD Mbr Materials_ffb35208-7cf1-4d47-99f6-d68b36a03064_ru,NY Molina SWH – PDF,NY,2026-07-02 21:01:00,2026-07-03 15:25:00,Y,,,,7.43,7.43 Consecutive Business Hours,,,,,,0,0,0,0,0628fa11-5d67-4699-a4d1-d4c56b67571d,2,PDF,RUS,2026-07-03T01:01:00Z,2026-07-03T19:25:00Z,,,,,,2026-08-22T16:11:12Z,2026-08-22T16:11:12Z
MOHE-260703-5729,MHNY SWH STD Mbr Materials_2947fecf-343f-4bfe-935f-292c1ed43e63_ru,NY Molina SWH – PDF,NY,2026-07-06 15:00:00,2026-07-07 14:56:00,Y,,,,23.94,23.94 Consecutive Business Hours,,1.08,,,2212,0.38,0.25,0.45,0,fe178289-a993-4528-afd8-9a9399966758,,PDF,RUS,2026-07-06T19:00:00Z,2026-07-07T18:56:00Z,,,,,,2026-08-22T16:11:12Z,2026-08-22T16:11:12Z
MOHE-260703-5729,MHNY SWH STD Mbr Materials_4c35a10f-b898-41f8-94b6-b504ea03b4c0_ru,NY Molina SWH – PDF,NY,2026-07-06 15:00:00,2026-07-07 14:56:00,Y,,,,23.94,23.94 Consecutive Business Hours,,,,,,0,0,0,0,82335c88-c1d5-4af8-899b-26fbf3f66fcd,2,PDF,RUS,2026-07-06T19:00:00Z,2026-07-07T18:56:00Z,,,,,,2026-08-22T16:11:12Z,2026-08-22T16:11:12Z
MOHE-260703-5729,MHNY SWH STD Mbr Materials_9469d0b0-2563-4ccc-9227-8bf643a4840f_ru,NY Molina SWH – PDF,NY,2026-07-06 15:00:00,2026-07-07 14:56:00,Y,,,,23.93,23.93 Consecutive Business Hours,,,,,,0,0,0,0,8fe4bff9-46a5-4427-a5aa-0ea003e6799d,,PDF,RUS,2026-07-06T19:00:00Z,2026-07-07T18:56:00Z,,,,,,2026-08-22T16:11:12Z,2026-08-22T16:11:12Z
MOHE-260703-5729,MHNY SWH STD Mbr Materials_ea33450c-7b5f-4e7d-8046-6c2eac253753_ru,NY Molina SWH – PDF,NY,2026-07-06 15:00:00,2026-07-07 14:56:00,Y,,,,23.93,23.93 Consecutive Business Hours,,,,,,0,0,0,0,e37fccbd-8ce4-45bf-aaa0-110cc2f703be,,PDF,RUS,2026-07-06T19:00:00Z,2026-07-07T18:56:00Z,,,,,,2026-08-22T16:11:12Z,2026-08-22T16:11:12Z
MOHE-260708-5862,MHNY SWH STD Mbr Materials_8b4e2a5b-2de0-41f6-a14c-5309971b614d_ru,NY Molina SWH – PDF,NY,2026-07-06 18:00:00,2026-07-08 14:11:00,Y,,,,44.18,44.18 Consecutive Business Hours,,1.35,,,2742,0.47,0.31,0.57,0,02843ac4-0d94-4cb5-bda7-9540653e734d,,PDF,RUS,2026-07-06T22:00:00Z,2026-07-08T18:11:00Z,,,,,,2026-08-22T16:11:12Z,2026-08-22T16:11:12Z
MOHE-260708-5862,MHNY SWH STD Mbr Materials_96eae139-58bf-4c56-bd78-a5c26fc06cce_ru,NY Molina SWH – PDF,NY,2026-07-06 18:00:00,2026-07-08 14:11:00,Y,,,,44.18,44.18 Consecutive Business Hours,,,,,,0,0,0,0,0417f063-a0e4-48fc-9598-19c38cbfe0a1,,PDF,RUS,2026-07-06T22:00:00Z,2026-07-08T18:11:00Z,,,,,,2026-08-22T16:11:12Z,2026-08-22T16:11:12Z
MOHE-260708-5862,MHNY SWH STD Mbr Materials_979a9e0d-e409-48fb-8651-424ea68df985_ru,NY Molina SWH – PDF,NY,2026-07-06 18:00:00,2026-07-08 14:11:00,Y,,,,44.18,44.18 Consecutive Business Hours,,,,,,0,0,0,0,2f8687d1-4180-4a28-ba32-0848cc1065b0,2,PDF,RUS,2026-07-06T22:00:00Z,2026-07-08T18:11:00Z,,,,,,2026-08-22T16:11:12Z,2026-08-22T16:11:12Z
MOHE-260708-5862,MHNY SWH STD Mbr Materials_83aad1c4-6f5c-4654-acea-868d9618832e_ru,NY Molina SWH – PDF,NY,2026-07-06 18:00:00,2026-07-08 14:11:00,Y,,,,44.18,44.18 Consecutive Business Hours,,,,,,0,0,0,0,b9f71a6f-fe94-47a0-965d-c757daf0f166,,PDF,RUS,2026-07-06T22:00:00Z,2026-07-08T18:11:00Z,,,,,,2026-08-22T16:11:12Z,2026-08-22T16:11:12Z
MOHE-260708-5862,MHNY SWH STD Mbr Materials_e75bac83-89ee-4538-a4a7-cd0aab9a335b_ru,NY Molina SWH – PDF,NY,2026-07-06 21:00:00,2026-07-08 14:11:00,Y,,,,30.19,30.19 Consecutive Business Hours,,,,,,0,0,0,0,4443ea51-808f-43c4-aa5a-7fe82d172372,,PDF,RUS,2026-07-07T01:00:00Z,2026-07-08T18:11:00Z,,,,,,2026-08-22T16:11:12Z,2026-08-22T16:11:12Z
MOHE-260707-5843,MHNY SWH STD Mbr Materials_9bd3a70a-db2b-4eca-8fd7-7eca729a34c8_ru,NY Molina SWH – PDF,NY,2026-07-07 15:02:00,2026-07-07 19:17:00,Y,,,,4.26,4.26 Consecutive Business Hours,,0.81,0,0,1696,0.28,0.19,0.34,0,246f8ff6-ab75-4576-a29b-6b7117daa04a,2,PDF,RUS,2026-07-07T19:02:00Z,2026-07-07T23:17:00Z,,,,,,2026-08-22T16:11:12Z,2026-08-22T16:11:12Z
MOHE-260707-5843,MHNY SWH STD Mbr Materials_f0435e10-8c33-47a4-9483-f6091c318d6e_ru,NY Molina SWH – PDF,NY,2026-07-07 15:02:00,2026-07-07 19:17:00,Y,,,,4.26,4.26 Consecutive Business Hours,,,,,,0,0,0,0,9c574c5b-635a-4f2c-995b-07301b0f3ece,,PDF,RUS,2026-07-07T19:02:00Z,2026-07-07T23:17:00Z,,,,,,2026-08-22T16:11:12Z,2026-08-22T16:11:12Z
MOHE-260707-5843,MHNY SWH STD Mbr Materials_48a24f9b-6c38-4984-b9d7-8d9a3f90bc82_ru,NY Molina SWH – PDF,NY,2026-07-07 15:02:00,2026-07-07 19:17:00,Y,,,,4.26,4.26 Consecutive Business Hours,,,,,,0,0,0,0,2c60c966-ee29-41e7-bfd0-c75fa142f693,,PDF,RUS,2026-07-07T19:02:00Z,2026-07-07T23:17:00Z,,,,,,2026-08-22T16:11:12Z,2026-08-22T16:11:12Z
MOHE-260708-5879,MHNY SWH STD Mbr Materials_71642c9c-3887-4cac-ab90-be4de1f3b8b1_ru,NY Molina SWH – PDF,NY,2026-07-07 18:00:00,2026-07-09 10:48:00,Y,,,,40.8,40.80 Consecutive Business Hours,,1.35,,,2870,0.47,0.31,0.57,0,2ef6cc44-7c31-4ce1-bf11-3472e6c456f8,2,PDF,RUS,2026-07-07T22:00:00Z,2026-07-09T14:48:00Z,,,,,,2026-08-22T16:11:12Z,2026-08-22T16:11:12Z
MOHE-260708-5879,MHNY SWH STD Mbr Materials_8f1dc109-b198-4738-a948-be8d80707c00_ru,NY Molina SWH – PDF,NY,2026-07-07 18:00:00,2026-07-09 10:48:00,Y,,,,40.8,40.80 Consecutive Business Hours,,,,,,0,0,0,0,da227859-ffde-4352-87ce-643d14e016f8,,PDF,RUS,2026-07-07T22:00:00Z,2026-07-09T14:48:00Z,,,,,,2026-08-22T16:11:12Z,2026-08-22T16:11:12Z
MOHE-260708-5879,MHNY SWH STD Mbr Materials_9e9d0900-dd25-4332-9efd-8c534bee241b_ru,NY Molina SWH – PDF,NY,2026-07-07 18:00:00,2026-07-09 10:48:00,Y,,,,40.8,40.80 Consecutive Business Hours,,,,,,0,0,0,0,0b5384dc-bf23-4804-9c38-709bc9406d44,,PDF,RUS,2026-07-07T22:00:00Z,2026-07-09T14:48:00Z,,,,,,2026-08-22T16:11:12Z,2026-08-22T16:11:12Z
MOHE-260708-5879,MHNY SWH STD Mbr Materials_d26c6892-4635-4bfb-b008-86a73fd7ff43_ru,NY Molina SWH – PDF,NY,2026-07-07 18:00:00,2026-07-09 10:48:00,Y,,,,40.79,40.79 Consecutive Business Hours,,,,,,0,0,0,0,a12a883d-7d4d-412c-8183-fac25eca6702,2,PDF,RUS,2026-07-07T22:00:00Z,2026-07-09T14:48:00Z,,,,,,2026-08-22T16:11:12Z,2026-08-22T16:11:12Z
MOHE-260708-5879,MHNY SWH STD Mbr Materials_a1353e58-dec1-4823-b266-48328712edb4_ru,NY Molina SWH – PDF,NY,2026-07-08 03:00:00,2026-07-09 10:48:00,Y,,,,26.81,26.81 Consecutive Business Hours,,,,,,0,0,0,0,a2fe6a26-566d-4b81-83f0-a52cd3e45403,,PDF,RUS,2026-07-08T07:00:00Z,2026-07-09T14:48:00Z,,,,,,2026-08-22T16:11:12Z,2026-08-22T16:11:12Z
MOHE-260709-5910,MHNY SWH STD Advance Directive_214bb17d-c998-4f8a-99d5-c207b82b06f6_ru,NY Molina SWH – PDF,NY,2026-07-08 15:00:00,2026-07-09 16:06:00,Y,,,,25.09,25.09 Consecutive Business Hours,,1.08,,,2213,0.38,0.25,0.45,0,d2068ef1-c345-4dad-a574-162ce78e108d,,PDF,RUS,2026-07-08T19:00:00Z,2026-07-09T20:06:00Z,,,,,,2026-08-22T16:11:12Z,2026-08-22T16:11:12Z
MOHE-260709-5910,MHNY SWH STD Mbr Materials_fa9ed85f-99fc-486b-8612-c76326d0466a_ru,NY Molina SWH – PDF,NY,2026-07-08 15:00:00,2026-07-09 16:06:00,Y,,,,25.09,25.09 Consecutive Business Hours,,,,,,0,0,0,0,b4319190-1b10-47eb-9a54-64572869ddb6,,PDF,RUS,2026-07-08T19:00:00Z,2026-07-09T20:06:00Z,,,,,,2026-08-22T16:11:12Z,2026-08-22T16:11:12Z
MOHE-260709-5910,MHNY SWH STD Mbr Materials_c89fb638-e23f-4838-8063-d222fbb7af8b_ru,NY Molina SWH – PDF,NY,2026-07-08 18:00:00,2026-07-09 16:06:00,Y,,,,22.09,22.09 Consecutive Business Hours,,,,,,0,0,0,0,cc2b0880-6a4b-46ac-b37f-3cc8ba66b870,2,PDF,RUS,2026-07-08T22:00:00Z,2026-07-09T20:06:00Z,,,,,,2026-08-22T16:11:12Z,2026-08-22T16:11:12Z
MOHE-260709-5910,MHNY SWH STD Mbr Materials_e57e9ed0-bd9e-4224-8371-9744743ea6db_ru,NY Molina SWH – PDF,NY,2026-07-08 18:00:00,2026-07-09 16:06:00,Y,,,,22.09,22.09 Consecutive Business Hours,,,,,,0,0,0,0,89a2db43-05d1-46a7-8936-253bb695a576,,PDF,RUS,2026-07-08T22:00:00Z,2026-07-09T20:06:00Z,,,,,,2026-08-22T16:11:12Z,2026-08-22T16:11:12Z
MOHE-260709-5930,MHNY SWH STD Advance Directive_ca085c4f-33e1-450a-be98-efc44d14e12c_ru,NY Molina SWH – PDF,NY,2026-07-09 15:01:00,2026-07-09 18:14:00,Y,,,,3.22,3.22 Consecutive Business Hours,,1.08,0,0,2286,0.38,0.25,0.45,0,ed74856f-4a94-44fd-9938-4bc9448b37dd,,PDF,RUS,2026-07-09T19:01:00Z,2026-07-09T22:14:00Z,,,,,,2026-08-22T16:11:12Z,2026-08-22T16:11:12Z
MOHE-260709-5930,MHNY SWH STD Mbr Materials_1ca9a3b8-c760-4148-8b17-277aaa079c49_ru,NY Molina SWH – PDF,NY,2026-07-09 15:01:00,2026-07-09 18:14:00,Y,,,,3.22,3.22 Consecutive Business Hours,,,,,,0,0,0,0,509e4a4f-1d9c-4a79-bea4-750e275e5f4b,,PDF,RUS,2026-07-09T19:01:00Z,2026-07-09T22:14:00Z,,,,,,2026-08-22T16:11:12Z,2026-08-22T16:11:12Z
MOHE-260709-5930,MHNY SWH STD Mbr Materials_a4250ce3-6d0b-4282-9f21-9d5d2d74e73b_ru,NY Molina SWH – PDF,NY,2026-07-09 15:01:00,2026-07-09 18:14:00,Y,,,,3.22,3.22 Consecutive Business Hours,,,,,,0,0,0,0,4598b939-e03c-44e0-8d57-108b1feaf165,2,PDF,RUS,2026-07-09T19:01:00Z,2026-07-09T22:14:00Z,,,,,,2026-08-22T16:11:12Z,2026-08-22T16:11:12Z
MOHE-260709-5930,MHNY SWH STD Mbr Materials_fdef62d9-eac4-4f3b-8c04-6319f36a762d_ru,NY Molina SWH – PDF,NY,2026-07-09 15:01:00,2026-07-09 18:14:00,Y,,,,3.22,3.22 Consecutive Business Hours,,,,,,0,0,0,0,87d0eb56-3637-4b6d-a69d-a7efcb877d0f,,PDF,RUS,2026-07-09T19:01:00Z,2026-07-09T22:14:00Z,,,,,,2026-08-22T16:11:12Z,2026-08-22T16:11:12Z
MOHE-260713-6026,MHNY SWH STD Care Plan_4e281bd4-4f61-4faa-be81-72f44e5494be_ru,NY Molina SWH – PDF,NY,2026-07-11 06:00:00,2026-07-14 14:37:00,Y,,,,30.62,30.62 Consecutive Business Hours,,3.5,25,36,9366,1.23,0.81,1.47,0,8d2d33a4-144b-40c0-ab8f-42aaca27b86a,,PDF,RUS,2026-07-11T10:00:00Z,2026-07-14T18:37:00Z,,,,,,2026-08-22T16:11:12Z,2026-08-22T16:11:12Z
MOHE-260713-6026,MHNY SWH STD Mbr Materials_0f0b7c33-0f7d-4fd6-bd5e-6cfeec7428c7_ru,NY Molina SWH – PDF,NY,2026-07-11 06:00:00,2026-07-13 16:33:00,Y,,,,8.56,8.56 Consecutive Business Hours,,,,,,0,0,0,0,7804839d-1036-4239-b98d-fa63dcccb49f,1,PDF,RUS,2026-07-11T10:00:00Z,2026-07-13T20:33:00Z,,,,,,2026-08-22T16:11:12Z,2026-08-22T16:11:12Z
MOHE-260713-6026,MHNY SWH STD Mbr Materials_393758ec-d4d8-4894-a966-3cc8b1f24ae0_ru,NY Molina SWH – PDF,NY,2026-07-11 06:00:00,2026-07-13 16:33:00,Y,,,,8.56,8.56 Consecutive Business Hours,,,,,,0,0,0,0,aa211e94-758b-4b0c-a862-ecdf5c77f532,,PDF,RUS,2026-07-11T10:00:00Z,2026-07-13T20:33:00Z,,,,,,2026-08-22T16:11:12Z,2026-08-22T16:11:12Z
MOHE-260713-6026,MHNY SWH STD Mbr Materials_4af2aaf8-b55e-4c7d-a5cf-82bdb4c27238_ru,NY Molina SWH – PDF,NY,2026-07-11 06:00:00,2026-07-13 16:33:00,Y,,,,8.56,8.56 Consecutive Business Hours,,,,,,0,0,0,0,96fabd96-4ab4-4ba9-bb4d-9bbece6fc68d,,PDF,RUS,2026-07-11T10:00:00Z,2026-07-13T20:33:00Z,,,,,,2026-08-22T16:11:12Z,2026-08-22T16:11:12Z
MOHE-260713-6026,MHNY SWH STD Mbr Materials_439965e6-9843-4d0b-b9f2-db454d6e4b67_ru,NY Molina SWH – PDF,NY,2026-07-11 06:00:00,2026-07-13 16:33:00,Y,,,,8.56,8.56 Consecutive Business Hours,,,,,,0,0,0,0,5e68a773-4c61-467d-a20b-be83b3cd0c20,1,PDF,RUS,2026-07-11T10:00:00Z,2026-07-13T20:33:00Z,,,,,,2026-08-22T16:11:12Z,2026-08-22T16:11:12Z
MOHE-260713-6026,MHNY SWH STD Mbr Materials_ffed0fba-2dd3-4cba-b9b5-a146dd0c9c5d_ru,NY Molina SWH – PDF,NY,2026-07-11 06:00:00,2026-07-13 16:33:00,Y,,,,8.56,8.56 Consecutive Business Hours,,,,,,0,0,0,0,e5f58c32-26e4-458b-b5ce-fb1913026978,1,PDF,RUS,2026-07-11T10:00:00Z,2026-07-13T20:33:00Z,,,,,,2026-08-22T16:11:12Z,2026-08-22T16:11:12Z
MOHE-260714-6045,MHNY SWH STD Care Plan_ead068ca-69c0-4130-a4cf-dca4c0a44de3_ru,NY Molina SWH – PDF,NY,2026-07-13 15:00:00,2026-07-14 15:25:00,Y,,,,24.41,24.41 Consecutive Business Hours,,3.4,8,76,7062,1.19,0.78,1.43,0,cecfb0b0-9a27-4b43-ae37-203b101b2706,,PDF,RUS,2026-07-13T19:00:00Z,2026-07-14T19:25:00Z,,,,,,2026-08-22T16:11:12Z,2026-08-22T16:11:12Z
MOHE-260714-6045,MHNY SWH STD Mbr Materials_3fca899f-fe15-499c-95cc-66f1ba969dbe_ru,NY Molina SWH – PDF,NY,2026-07-13 15:00:00,2026-07-14 15:25:00,Y,,,,24.41,24.41 Consecutive Business Hours,,,,,,0,0,0,0,4e1ff4af-e350-4e3c-a5f0-d5dc22bad601,,PDF,RUS,2026-07-13T19:00:00Z,2026-07-14T19:25:00Z,,,,,,2026-08-22T16:11:12Z,2026-08-22T16:11:12Z
MOHE-260714-6045,MHNY SWH STD Mbr Materials_d9e37097-94c0-4571-ab7f-5eb3edb38cde_ru,NY Molina SWH – PDF,NY,2026-07-13 15:00:00,2026-07-14 15:25:00,Y,,,,24.41,24.41 Consecutive Business Hours,,,,,,0,0,0,0,aef2862d-a480-42f5-8030-991033707cef,5,PDF,RUS,2026-07-13T19:00:00Z,2026-07-14T19:25:00Z,,,,,,2026-08-22T16:11:12Z,2026-08-22T16:11:12Z
MOHE-260714-6045,MHNY SWH STD Mbr Materials_ebeb24e5-4e91-45eb-8f84-a3c40cfa150d_ru,NY Molina SWH – PDF,NY,2026-07-13 15:00:00,2026-07-14 15:25:00,Y,,,,24.41,24.41 Consecutive Business Hours,,,,,,0,0,0,0,da688088-fbb2-4b68-9927-910e76c194ed,,PDF,RUS,2026-07-13T19:00:00Z,2026-07-14T19:25:00Z,,,,,,2026-08-22T16:11:12Z,2026-08-22T16:11:12Z
MOHE-260714-6045,MHNY SWH STD Advance Directive_ee26efb3-0bad-45d9-8a12-d76e76b7bfa3_ru,NY Molina SWH – PDF,NY,2026-07-13 18:00:00,2026-07-14 15:25:00,Y,,,,21.41,21.41 Consecutive Business Hours,,,,,,0,0,0,0,975389a3-1205-451a-8a5a-819abd2badaf,5,PDF,RUS,2026-07-13T22:00:00Z,2026-07-14T19:25:00Z,,,,,,2026-08-22T16:11:12Z,2026-08-22T16:11:12Z
MOHE-260714-6045,MHNY SWH STD Mbr Materials_74ff4368-d632-4c47-8cf3-575360d947eb_ru,NY Molina SWH – PDF,NY,2026-07-13 18:00:00,2026-07-14 15:25:00,Y,,,,21.41,21.41 Consecutive Business Hours,,,,,,0,0,0,0,7ff24f13-2f4b-482c-9378-8cfed21988da,,PDF,RUS,2026-07-13T22:00:00Z,2026-07-14T19:25:00Z,,,,,,2026-08-22T16:11:12Z,2026-08-22T16:11:12Z
MOHE-260714-6045,MHNY SWH STD Mbr Materials_a77b3445-d7b1-4c14-aab3-9a49c238548d_ru,NY Molina SWH – PDF,NY,2026-07-13 18:00:00,2026-07-14 15:25:00,Y,,,,21.41,21.41 Consecutive Business Hours,,,,,,0,0,0,0,03574941-67c8-4814-94eb-1ba361d76b62,,PDF,RUS,2026-07-13T22:00:00Z,2026-07-14T19:25:00Z,,,,,,2026-08-22T16:11:12Z,2026-08-22T16:11:12Z
MOHE-260714-6045,MHNY SWH STD Mbr Materials_3e1bb179-2a3d-4249-a9d7-82a2053afff3_ru,NY Molina SWH – PDF,NY,2026-07-13 21:00:00,2026-07-14 15:25:00,Y,,,,7.42,7.42 Consecutive Business Hours,,,,,,0,0,0,0,a5958f49-bc9b-4792-b837-abbb03f99d29,5,PDF,RUS,2026-07-14T01:00:00Z,2026-07-14T19:25:00Z,,,,,,2026-08-22T16:11:12Z,2026-08-22T16:11:12Z
MOHE-260714-6045,MHNY SWH STD Mbr Materials_721c112a-b9bf-437b-80ca-5c5accc8fa96_ru,NY Molina SWH – PDF,NY,2026-07-14 03:00:00,2026-07-14 15:25:00,Y,,,,7.42,7.42 Consecutive Business Hours,,,,,,0,0,0,0,58e4b9ae-8aab-478c-87a4-331b333ad260,,PDF,RUS,2026-07-14T07:00:00Z,2026-07-14T19:25:00Z,,,,,,2026-08-22T16:11:12Z,2026-08-22T16:11:12Z
MOHE-260714-6060,MHNY SWH STD Care Plan_e6629044-77ad-4ad9-bbd6-38b356dae379_ru,NY Molina SWH – PDF,NY,2026-07-14 15:01:00,2026-07-15 14:45:00,Y,,,,23.74,23.74 Consecutive Business Hours,,2.5,,,,0.88,0.58,1.05,0,e5fe758a-6d1d-4ec5-885f-83698ead936c,,PDF,RUS,2026-07-14T19:01:00Z,2026-07-15T18:45:00Z,,,,,,2026-08-22T16:11:12Z,2026-08-22T16:11:12Z
MOHE-260714-6060,MHNY SWH STD Mbr Materials_2af0db89-e3e2-41fa-be19-21348539b787_ru,NY Molina SWH – PDF,NY,2026-07-14 15:01:00,2026-07-15 14:45:00,Y,,,,23.74,23.74 Consecutive Business Hours,,,,,,0,0,0,0,a36b45e3-eba2-4ebe-a0fa-ec93b741980b,,PDF,RUS,2026-07-14T19:01:00Z,2026-07-15T18:45:00Z,,,,,,2026-08-22T16:11:12Z,2026-08-22T16:11:12Z
MOHE-260714-6060,MHNY SWH STD Mbr Materials_a144df7e-f44d-425c-85a3-23ffdaa91d4a_ru,NY Molina SWH – PDF,NY,2026-07-14 15:01:00,2026-07-15 14:45:00,Y,,,,23.74,23.74 Consecutive Business Hours,,,,,,0,0,0,0,6c30897b-dad2-4cd5-a76a-d43e0fd624b5,5,PDF,RUS,2026-07-14T19:01:00Z,2026-07-15T18:45:00Z,,,,,,2026-08-22T16:11:12Z,2026-08-22T16:11:12Z
MOHE-260714-6060,MHNY SWH STD Mbr Materials_ba418b8d-449c-4047-8c1c-6ead099365be_ru,NY Molina SWH – PDF,NY,2026-07-14 15:01:00,2026-07-15 14:45:00,Y,,,,23.74,23.74 Consecutive Business Hours,,,,,,0,0,0,0,c3784903-a441-45b7-becd-2b722304ce18,5,PDF,RUS,2026-07-14T19:01:00Z,2026-07-15T18:45:00Z,,,,,,2026-08-22T16:11:12Z,2026-08-22T16:11:12Z
MOHE-260714-6060,MHNY SWH STD Mbr Materials_d8580897-8ed4-4ebb-bff1-ab5e46032bb1_ru,NY Molina SWH – PDF,NY,2026-07-14 15:01:00,2026-07-15 14:45:00,Y,,,,23.74,23.74 Consecutive Business Hours,,,,,,0,0,0,0,6e71d21c-5cbb-472b-a866-f25c3e9edbfe,5,PDF,RUS,2026-07-14T19:01:00Z,2026-07-15T18:45:00Z,,,,,,2026-08-22T16:11:12Z,2026-08-22T16:11:12Z
MOHE-260714-6060,MHNY SWH STD Mbr Materials_dad2e80e-7ee2-4974-9b9e-708e134aa8c8_ru,NY Molina SWH – PDF,NY,2026-07-14 15:01:00,2026-07-15 14:45:00,Y,,,,23.74,23.74 Consecutive Business Hours,,,,,,0,0,0,0,a998ae68-c604-4f62-98ac-7cba52c25bee,,PDF,RUS,2026-07-14T19:01:00Z,2026-07-15T18:45:00Z,,,,,,2026-08-22T16:11:12Z,2026-08-22T16:11:12Z
MOHE-260715-6091,MHNY SWH STD Advance Directive_58fd38fb-b92d-44ad-8298-e9436204b217_ru,NY Molina SWH – PDF,NY,2026-07-14 18:00:00,2026-07-15 14:49:00,Y,,,,20.81,20.81 Consecutive Business Hours,,,,,,0,0,0,0,0858e204-54b9-4a79-9aa9-05ec6cdf70ad,2,PDF,RUS,2026-07-14T22:00:00Z,2026-07-15T18:49:00Z,,,,,,2026-08-22T16:11:12Z,2026-08-22T16:11:12Z
MOHE-260715-6091,MHNY SWH STD Mbr Materials_c67b2993-e7fc-4128-a7a6-3fb83e0af68e_ru,NY Molina SWH – PDF,NY,2026-07-14 18:00:00,2026-07-15 14:49:00,Y,,,,20.8,20.80 Consecutive Business Hours,,,,,,0,0,0,0,b447e852-4794-4c5f-9c41-cc7935fad5cd,5,PDF,RUS,2026-07-14T22:00:00Z,2026-07-15T18:49:00Z,,,,,,2026-08-22T16:11:12Z,2026-08-22T16:11:12Z
MOHE-260715-6091,MHNY SWH STD Mbr Materials_d1c81d5d-c26e-48ad-be6b-fa3845a7cf02_ru,NY Molina SWH – PDF,NY,2026-07-14 18:00:00,2026-07-15 14:49:00,Y,,,,20.8,20.80 Consecutive Business Hours,,,,,,0,0,0,0,146a4b3a-0bb2-4c88-8470-43efe29c531d,,PDF,RUS,2026-07-14T22:00:00Z,2026-07-15T18:49:00Z,,,,,,2026-08-22T16:11:12Z,2026-08-22T16:11:12Z
MOHE-260715-6091,MHNY SWH STD Mbr Materials_c8accee0-060d-44c1-a46f-78f19c29f586_ru,NY Molina SWH – PDF,NY,2026-07-14 18:00:00,2026-07-15 14:49:00,Y,,,,20.8,20.80 Consecutive Business Hours,,,,,,0,0,0,0,cbdfc59f-8843-4e58-ad4c-7b8dafa46de2,5,PDF,RUS,2026-07-14T22:00:00Z,2026-07-15T18:49:00Z,,,,,,2026-08-22T16:11:12Z,2026-08-22T16:11:12Z
MOHE-260715-6091,MHNY SWH STD Mbr Materials_d3c4a450-1045-4199-9821-f8f854f4cb1f_ru,NY Molina SWH – PDF,NY,2026-07-14 18:00:00,2026-07-15 14:49:00,Y,,,,20.8,20.80 Consecutive Business Hours,,,,,,0,0,0,0,dcd89291-2118-4a87-913f-81fa21976ae1,,PDF,RUS,2026-07-14T22:00:00Z,2026-07-15T18:49:00Z,,,,,,2026-08-22T16:11:12Z,2026-08-22T16:11:12Z
MOHE-260716-6137,MHNY SWH STD Mbr Materials_317499ac-a7c6-42a1-a6a6-29db395a1063_ru,NY Molina SWH – PDF,NY,2026-07-15 15:01:00,2026-07-16 18:48:00,Y,,,,27.78,27.78 Consecutive Business Hours,,2.5,41,118,5128,0.88,0.58,1.05,0,fe2299a4-1b89-4296-b18a-9ec316488695,2,PDF,RUS,2026-07-15T19:01:00Z,2026-07-16T22:48:00Z,,,,,,2026-08-22T16:11:12Z,2026-08-22T16:11:12Z
MOHE-260716-6137,MHNY SWH STD Care Plan_d2297fa3-96d1-49f9-8656-0989060af2c2_ru,NY Molina SWH – PDF,NY,2026-07-15 15:01:00,2026-07-16 18:48:00,Y,,,,27.78,27.78 Consecutive Business Hours,,,,,,0,0,0,0,0d705be9-f0f7-434d-ba6d-01a9b8511119,,PDF,RUS,2026-07-15T19:01:00Z,2026-07-16T22:48:00Z,,,,,,2026-08-22T16:11:12Z,2026-08-22T16:11:12Z
MOHE-260716-6137,MHNY SWH STD Mbr Materials_690e70dd-7518-403c-a1e0-03d754ef3429_ru,NY Molina SWH – PDF,NY,2026-07-15 18:00:00,2026-07-16 18:48:00,Y,,,,24.8,24.80 Consecutive Business Hours,,,,,,0,0,0,0,fcf745d3-a6be-4040-88b8-f833a2600dfa,5,PDF,RUS,2026-07-15T22:00:00Z,2026-07-16T22:48:00Z,,,,,,2026-08-22T16:11:12Z,2026-08-22T16:11:12Z
MOHE-260716-6137,MHNY SWH STD Mbr Materials_a1acfeeb-23f4-45d4-93f9-904e96dae965_ru,NY Molina SWH – PDF,NY,2026-07-15 18:00:00,2026-07-16 18:48:00,Y,,,,24.8,24.80 Consecutive Business Hours,,,,,,0,0,0,0,0679bbea-4797-4de4-995d-db69a2cd3895,,PDF,RUS,2026-07-15T22:00:00Z,2026-07-16T22:48:00Z,,,,,,2026-08-22T16:11:12Z,2026-08-22T16:11:12Z
MOHE-260716-6137,MHNY SWH STD Mbr Materials_e37249dd-2d77-4775-9522-55f717898939_ru,NY Molina SWH – PDF,NY,2026-07-15 18:00:00,2026-07-16 18:48:00,Y,,,,24.8,24.80 Consecutive Business Hours,,,,,,0,0,0,0,8bc313f0-778c-4c0d-be88-1084913fb60d,,PDF,RUS,2026-07-15T22:00:00Z,2026-07-16T22:48:00Z,,,,,,2026-08-22T16:11:12Z,2026-08-22T16:11:12Z
MOHE-260716-6137,MHNY SWH STD Advance Directive_441bc8e2-f263-40b9-be40-45874cd803c2_ru,NY Molina SWH – PDF,NY,2026-07-15 21:01:00,2026-07-16 18:48:00,Y,,,,10.81,10.81 Consecutive Business Hours,,,,,,0,0,0,0,d120d3c5-3c93-456b-ade3-eabf01c6c83e,2,PDF,RUS,2026-07-16T01:01:00Z,2026-07-16T22:48:00Z,,,,,,2026-08-22T16:11:12Z,2026-08-22T16:11:12Z
MOHE-260716-6137,MHNY SWH STD Care Plan_4f1a9173-d767-4750-8bdb-187cd7e2796a_ru,NY Molina SWH – PDF,NY,2026-07-16 15:01:00,2026-07-17 13:10:00,Y,,,,22.15,22.15 Consecutive Business Hours,,4.9,136,123,14135,1.72,1.13,2.06,0,7be56288-5896-429c-9415-25eb8d5725d4,,PDF,RUS,2026-07-16T19:01:00Z,2026-07-17T17:10:00Z,,,,,,2026-08-22T16:11:12Z,2026-08-22T16:11:12Z
MOHE-260716-6137,MHNY SWH STD Care Plan_e98bd832-4f12-4be0-90b0-3cd9cd04a5f5_ru,NY Molina SWH – PDF,NY,2026-07-16 15:01:00,2026-07-17 13:10:00,Y,,,,22.15,22.15 Consecutive Business Hours,,,,,,0,0,0,0,df61a7b3-2386-4580-907e-9b871344f3ba,,PDF,RUS,2026-07-16T19:01:00Z,2026-07-17T17:10:00Z,,,,,,2026-08-22T16:11:12Z,2026-08-22T16:11:12Z
MOHE-260716-6137,MHNY SWH STD Mbr Materials_2c38fae5-26c0-4d40-a007-589aa3b0a50d_ru,NY Molina SWH – PDF,NY,2026-07-16 15:01:00,2026-07-17 13:10:00,Y,,,,22.15,22.15 Consecutive Business Hours,,,,,,0,0,0,0,6e3fff32-83e8-4a4e-95e6-5a7d06aff5e2,5,PDF,RUS,2026-07-16T19:01:00Z,2026-07-17T17:10:00Z,,,,,,2026-08-22T16:11:12Z,2026-08-22T16:11:12Z
MOHE-260716-6137,MHNY SWH STD Mbr Materials_58cc44a6-dbe6-412e-b156-36a8a0348303_ru,NY Molina SWH – PDF,NY,2026-07-16 15:01:00,2026-07-17 13:10:00,Y,,,,22.15,22.15 Consecutive Business Hours,,,,,,0,0,0,0,5e42e396-4b06-4158-8de1-5e2c180bafec,,PDF,RUS,2026-07-16T19:01:00Z,2026-07-17T17:10:00Z,,,,,,2026-08-22T16:11:12Z,2026-08-22T16:11:12Z
MOHE-260716-6137,MHNY SWH STD Mbr Materials_ae35177f-aa65-4db6-9cd6-a22878370876_ru,NY Molina SWH – PDF,NY,2026-07-16 15:01:00,2026-07-17 13:10:00,Y,,,,22.15,22.15 Consecutive Business Hours,,,,,,0,0,0,0,1b8277ee-5ff5-4a45-8576-54f7a5d3ca09,2,PDF,RUS,2026-07-16T19:01:00Z,2026-07-17T17:10:00Z,,,,,,2026-08-22T16:11:12Z,2026-08-22T16:11:12Z
MOHE-260717-6173,MHNY SWH STD Mbr Materials_33bbb98e-8ab5-4b17-8924-1dee5894237a_ru,NY Molina SWH – PDF,NY,2026-07-16 18:00:00,2026-07-17 13:12:00,Y,,,,19.2,19.20 Consecutive Business Hours,,1.8,0,0,3384,0.63,0.41,0.76,0,6cbd0bc0-cb82-437c-ad78-abe1db061f3e,,PDF,RUS,2026-07-16T22:00:00Z,2026-07-17T17:12:00Z,,,,,,2026-08-22T16:11:12Z,2026-08-22T16:11:12Z
MOHE-260717-6173,MHNY SWH STD Mbr Materials_4c691fff-3842-4248-af20-9f684bcd99cc_ru,NY Molina SWH – PDF,NY,2026-07-16 18:00:00,2026-07-17 13:12:00,Y,,,,19.2,19.20 Consecutive Business Hours,,,,,,0,0,0,0,969dd6f0-02d8-4552-9a66-a9c5dcd34531,,PDF,RUS,2026-07-16T22:00:00Z,2026-07-17T17:12:00Z,,,,,,2026-08-22T16:11:12Z,2026-08-22T16:11:12Z
MOHE-260717-6173,MHNY SWH STD Advance Directive_273a1949-c2f4-4fae-9489-28cb5a1bc4ec_ru,NY Molina SWH – PDF,NY,2026-07-16 21:00:00,2026-07-17 13:12:00,Y,,,,5.21,5.21 Consecutive Business Hours,,,,,,0,0,0,0,e2d3fcc4-b71f-4347-8462-09e6f8272d75,,PDF,RUS,2026-07-17T01:00:00Z,2026-07-17T17:12:00Z,,,,,,2026-08-22T16:11:12Z,2026-08-22T16:11:12Z
MOHE-260717-6173,MHNY SWH STD Advance Directive_fdf8bd3b-40ba-4a87-a12c-d83f5496703c_ru,NY Molina SWH – PDF,NY,2026-07-16 21:00:00,2026-07-17 13:12:00,Y,,,,5.21,5.21 Consecutive Business Hours,,,,,,0,0,0,0,c63db0c6-8417-4b47-896c-2e68995210c7,2,PDF,RUS,2026-07-17T01:00:00Z,2026-07-17T17:12:00Z,,,,,,2026-08-22T16:11:12Z,2026-08-22T16:11:12Z
MOHE-260717-6173,MHNY SWH STD Mbr Materials_224f7e92-dc30-47e7-b936-744bcc410a3a_ru,NY Molina SWH – PDF,NY,2026-07-16 21:00:00,2026-07-17 13:12:00,Y,,,,5.21,5.21 Consecutive Business Hours,,,,,,0,0,0,0,9a70edf3-9002-49de-a6ec-1d53349dcbec,,PDF,RUS,2026-07-17T01:00:00Z,2026-07-17T17:12:00Z,,,,,,2026-08-22T16:11:12Z,2026-08-22T16:11:12Z
MOHE-260717-6173,MHNY SWH STD Mbr Materials_4de0a51e-9163-40a5-aedf-00cab55445a3_ru,NY Molina SWH – PDF,NY,2026-07-16 21:00:00,2026-07-17 13:12:00,Y,,,,5.21,5.21 Consecutive Business Hours,,,,,,0,0,0,0,0bdd2aa0-7ebc-48e0-adc8-4ff137bc8dc5,2,PDF,RUS,2026-07-17T01:00:00Z,2026-07-17T17:12:00Z,,,,,,2026-08-22T16:11:12Z,2026-08-22T16:11:12Z
MOHE-260720-6242,MHNY SWH STD Mbr Materials_2a93c990-99c0-4946-b44e-122376ae38e2_ru,NY Molina SWH – PDF,NY,2026-07-17 15:02:00,2026-07-20 14:12:00,Y,,,,23.17,23.17 Consecutive Business Hours,,2.1,,,3916,0.74,0.48,0.88,0,84b91e11-12d3-4bf3-a389-785895cc4083,,PDF,RUS,2026-07-17T19:02:00Z,2026-07-20T18:12:00Z,,,,,,2026-08-22T16:11:12Z,2026-08-22T16:11:12Z
MOHE-260720-6242,MHNY SWH STD Mbr Materials_145537c7-43c1-4d15-9206-58289ea0291f_ru,NY Molina SWH – PDF,NY,2026-07-17 18:00:00,2026-07-20 14:12:00,Y,,,,20.2,20.20 Consecutive Business Hours,,,,,,0,0,0,0,6c82eb9b-c3c4-484f-93d4-1cf698f1c22d,,PDF,RUS,2026-07-17T22:00:00Z,2026-07-20T18:12:00Z,,,,,,2026-08-22T16:11:12Z,2026-08-22T16:11:12Z
MOHE-260720-6242,MHNY SWH STD Mbr Materials_22e3aac7-8508-47fc-b189-b762c1d1a2c9_ru,NY Molina SWH – PDF,NY,2026-07-17 18:00:00,2026-07-20 14:12:00,Y,,,,20.2,20.20 Consecutive Business Hours,,,,,,0,0,0,0,4f771da1-7308-4feb-aff3-57ef590eb3c7,,PDF,RUS,2026-07-17T22:00:00Z,2026-07-20T18:12:00Z,,,,,,2026-08-22T16:11:12Z,2026-08-22T16:11:12Z
MOHE-260720-6242,MHNY SWH STD Mbr Materials_8a038b23-096f-4df4-b53e-c33bbe549ee9_ru,NY Molina SWH – PDF,NY,2026-07-17 18:00:00,2026-07-20 14:12:00,Y,,,,20.2,20.20 Consecutive Business Hours,,,,,,0,0,0,0,685ec8b4-1112-493a-af3c-43a6cb7bcc10,,PDF,RUS,2026-07-17T22:00:00Z,2026-07-20T18:12:00Z,,,,,,2026-08-22T16:11:12Z,2026-08-22T16:11:12Z
MOHE-260720-6242,MHNY SWH STD Mbr Materials_98ae3c2b-dda8-4b5f-8a9e-82ad09c8a378_ru,NY Molina SWH – PDF,NY,2026-07-17 18:00:00,2026-07-20 14:12:00,Y,,,,20.2,20.20 Consecutive Business Hours,,,,,,0,0,0,0,1f5eea60-b5b5-4b0b-8926-7a7beb328d27,2,PDF,RUS,2026-07-17T22:00:00Z,2026-07-20T18:12:00Z,,,,,,2026-08-22T16:11:12Z,2026-08-22T16:11:12Z
MOHE-260720-6242,MHNY SWH STD Advance Directive_767d45ba-f107-4928-a5eb-c417a4ea9183_ru,NY Molina SWH – PDF,NY,2026-07-17 21:00:00,2026-07-20 14:12:00,Y,,,,6.21,6.21 Consecutive Business Hours,,,,,,0,0,0,0,f73c90f7-cfbc-4591-92a6-9ca26ea2c1a0,,PDF,RUS,2026-07-18T01:00:00Z,2026-07-20T18:12:00Z,,,,,,2026-08-22T16:11:12Z,2026-08-22T16:11:12Z
MOHE-260720-6242,MHNY SWH STD Advance Directive_f74b9613-20f3-47e4-a9dc-be92a6a90471_ru,NY Molina SWH – PDF,NY,2026-07-17 21:00:00,2026-07-20 14:12:00,Y,,,,6.21,6.21 Consecutive Business Hours,,,,,,0,0,0,0,85c83094-646b-4a9d-b36f-59e3b94ffe19,,PDF,RUS,2026-07-18T01:00:00Z,2026-07-20T18:12:00Z,,,,,,2026-08-22T16:11:12Z,2026-08-22T16:11:12Z
MOHE-260720-6231,MHNY SWH STD Mbr Materials_35b8f44c-64d6-45da-ac5c-4161ea526769_ru,NY Molina SWH – PDF,NY,2026-07-17 21:00:00,2026-07-20 16:59:00,Y,,,,8.99,8.99 Consecutive Business Hours,,0.9,,,1565,0.32,0.21,0.38,0,053c4ba2-8308-416e-b645-aef5781d9885,2,PDF,RUS,2026-07-18T01:00:00Z,2026-07-20T20:59:00Z,,,,,,2026-08-22T16:11:12Z,2026-08-22T16:11:12Z
MOHE-260720-6231,MHNY SWH STD Mbr Materials_60322ec2-17e5-494e-8aea-e30f9b0c67ae_ru,NY Molina SWH – PDF,NY,2026-07-17 21:00:00,2026-07-20 16:59:00,Y,,,,8.99,8.99 Consecutive Business Hours,,,,,,0,0,0,0,9fbc3f47-dcb7-45da-a6dc-a78d1313a870,,PDF,RUS,2026-07-18T01:00:00Z,2026-07-20T20:59:00Z,,,,,,2026-08-22T16:11:12Z,2026-08-22T16:11:12Z
MOHE-260720-6231,MHNY SWH STD Mbr Materials_bc196b26-23c6-4048-aff6-868fb156c446_ru,NY Molina SWH – PDF,NY,2026-07-17 21:00:00,2026-07-20 16:59:00,Y,,,,9,9.00 Consecutive Business Hours,,,,,,0,0,0,0,105913b7-d21f-471f-a699-4b514cb10720,,PDF,RUS,2026-07-18T01:00:00Z,2026-07-20T20:59:00Z,,,,,,2026-08-22T16:11:12Z,2026-08-22T16:11:12Z
MOHE-260720-6231,MHNY SWH STD Care Plan_bf97cf70-137b-449a-9129-d9f897164f30_ru,NY Molina SWH – PDF,NY,2026-07-20 15:00:00,2026-07-21 14:35:00,Y,,,,23.58,23.58 Consecutive Business Hours,,1.3,,,2756,0.46,0.3,0.55,0,254cf001-3d54-4086-b8f9-72e2d3e58161,2,PDF,RUS,2026-07-20T19:00:00Z,2026-07-21T18:35:00Z,,,,,,2026-08-22T16:11:12Z,2026-08-22T16:11:12Z
MOHE-260720-6231,MHNY SWH STD Mbr Materials_70aae21f-e0c6-4af4-9c4b-4cb2b890676c_ru,NY Molina SWH – PDF,NY,2026-07-20 15:00:00,2026-07-21 14:35:00,Y,,,,23.58,23.58 Consecutive Business Hours,,,,,,0,0,0,0,04655681-c01d-4f68-bb6c-2badab859572,,PDF,RUS,2026-07-20T19:00:00Z,2026-07-21T18:35:00Z,,,,,,2026-08-22T16:11:12Z,2026-08-22T16:11:12Z
MOHE-260721-6276,MHNY SWH STD Case Closure_2bdf49aa-7f25-44d0-89b6-e5bb00e3015b_ru,NY Molina SWH – PDF,NY,2026-07-20 18:00:00,2026-07-22 14:37:00,Y,,,,44.62,44.62 Consecutive Business Hours,,1.5,,,3241,0.53,0.35,0.63,0,c33e4ac4-06f8-4fdd-ae48-752145b6475c,,PDF,RUS,2026-07-20T22:00:00Z,2026-07-22T18:37:00Z,,,,,,2026-08-22T16:11:12Z,2026-08-22T16:11:12Z
MOHE-260721-6276,MHNY SWH STD Mbr Materials_f05a5899-64e4-48a7-98e6-e4a5e38bed02_ru,NY Molina SWH – PDF,NY,2026-07-20 18:00:00,2026-07-22 14:37:00,Y,,,,44.62,44.62 Consecutive Business Hours,,,,,,0,0,0,0,0d1e1696-d4c6-4433-b635-130f5300fa1f,2,PDF,RUS,2026-07-20T22:00:00Z,2026-07-22T18:37:00Z,,,,,,2026-08-22T16:11:12Z,2026-08-22T16:11:12Z
MOHE-260721-6276,MHNY SWH STD Mbr Materials_fa63bdf0-8a8d-4e20-9734-f647301aff5e_ru,NY Molina SWH – PDF,NY,2026-07-20 18:00:00,2026-07-22 14:37:00,Y,,,,44.62,44.62 Consecutive Business Hours,,,,,,0,0,0,0,d9113a61-40c3-401a-9a78-0a2eb6360c9f,,PDF,RUS,2026-07-20T22:00:00Z,2026-07-22T18:37:00Z,,,,,,2026-08-22T16:11:12Z,2026-08-22T16:11:12Z
MOHE-260721-6276,MHNY SWH STD Mbr Materials_0115e7c8-5a8c-44b0-b5be-b4d9247cc14c_ru,NY Molina SWH – PDF,NY,2026-07-20 21:01:00,2026-07-22 14:37:00,Y,,,,30.63,30.63 Consecutive Business Hours,,,,,,0,0,0,0,2104d96f-09cf-4e09-b361-fa64dd87c451,,PDF,RUS,2026-07-21T01:01:00Z,2026-07-22T18:37:00Z,,,,,,2026-08-22T16:11:12Z,2026-08-22T16:11:12Z
MOHE-260721-6276,MHNY SWH STD Mbr Materials_beb32706-d782-41d2-b6df-00bc691617b7_ru,NY Molina SWH – PDF,NY,2026-07-21 03:00:00,2026-07-22 14:37:00,Y,,,,30.63,30.63 Consecutive Business Hours,,,,,,0,0,0,0,93c8cb5f-64b0-4dba-afe8-c643e48789da,,PDF,RUS,2026-07-21T07:00:00Z,2026-07-22T18:37:00Z,,,,,,2026-08-22T16:11:12Z,2026-08-22T16:11:12Z
MOHE-260721-6276,MHNY SWH STD Mbr Materials_70b98a51-b8c7-4c71-b9db-2778c9502af7_ru,NY Molina SWH – PDF,NY,2026-07-21 03:00:00,2026-07-21 12:25:00,Y,,,,4.42,4.42 Consecutive Business Hours,,1.8,,,3556,0.63,0.41,0.76,0,abfc1393-3c65-49b8-b3a5-5fa01712b015,2,PDF,RUS,2026-07-21T07:00:00Z,2026-07-21T16:25:00Z,,,,,,2026-08-22T16:11:12Z,2026-08-22T16:11:12Z
MOHE-260721-6276,MHNY SWH STD Mbr Materials_27ea799b-91de-4d60-9770-49f45881df87_ru,NY Molina SWH – PDF,NY,2026-07-21 03:01:00,2026-07-21 12:25:00,Y,,,,4.43,4.43 Consecutive Business Hours,,,,,,0,0,0,0,b5dade54-4d20-4a94-85db-2bdaf7b1ad47,,PDF,RUS,2026-07-21T07:01:00Z,2026-07-21T16:25:00Z,,,,,,2026-08-22T16:11:12Z,2026-08-22T16:11:12Z
MOHE-260721-6276,MHNY SWH STD Mbr Materials_1700479e-13c4-442a-a0a8-10811180b260_ru,NY Molina SWH – PDF,NY,2026-07-21 03:01:00,2026-07-21 12:25:00,Y,,,,4.42,4.42 Consecutive Business Hours,,,,,,0,0,0,0,140f281b-885a-4c8a-9aec-c5decd546aa6,,PDF,RUS,2026-07-21T07:01:00Z,2026-07-21T16:25:00Z,,,,,,2026-08-22T16:11:12Z,2026-08-22T16:11:12Z
MOHE-260721-6276,MHNY SWH STD Mbr Materials_5e2a9f6a-3443-4a8e-b40a-6229dcfe18d3_ru,NY Molina SWH – PDF,NY,2026-07-21 03:01:00,2026-07-21 12:25:00,Y,,,,4.42,4.42 Consecutive Business Hours,,,,,,0,0,0,0,5be8947b-f9a3-4405-ac1b-25457e64ce40,,PDF,RUS,2026-07-21T07:01:00Z,2026-07-21T16:25:00Z,,,,,,2026-08-22T16:11:12Z,2026-08-22T16:11:12Z
MOHE-260721-6276,MHNY SWH STD Mbr Materials_26a6f1d1-6dcd-4e7c-9369-b6c77a0a77a7_ru,NY Molina SWH – PDF,NY,2026-07-21 03:01:00,2026-07-21 12:25:00,Y,,,,4.42,4.42 Consecutive Business Hours,,,,,,0,0,0,0,8e1c0b11-7858-4c63-8a70-00383ebccc15,2,PDF,RUS,2026-07-21T07:01:00Z,2026-07-21T16:25:00Z,,,,,,2026-08-22T16:11:12Z,2026-08-22T16:11:12Z
MOHE-260721-6276,MHNY SWH STD Advance Directive_225e39c4-6045-428f-8eb6-ebb4c265c2a2_ru,NY Molina SWH – PDF,NY,2026-07-21 03:01:00,2026-07-21 12:25:00,Y,,,,4.42,4.42 Consecutive Business Hours,,,,,,0,0,0,0,78d358fb-c9e6-4e71-b246-196465bbb693,,PDF,RUS,2026-07-21T07:01:00Z,2026-07-21T16:25:00Z,,,,,,2026-08-22T16:11:12Z,2026-08-22T16:11:12Z
MOHE-260722-6313,MHNY SWH STD Care Plan_1f86278d-8809-4b80-a9c2-9ca2eead193a_ru,NY Molina SWH – PDF,NY,2026-07-21 15:01:00,2026-07-22 17:08:00,Y,,,,26.12,26.12 Consecutive Business Hours,,3,73,142,8942,1.05,0.69,1.26,0,2594c04c-6d11-47f4-af50-4e6675773870,,PDF,RUS,2026-07-21T19:01:00Z,2026-07-22T21:08:00Z,,,,,,2026-08-22T16:11:12Z,2026-08-22T16:11:12Z
MOHE-260722-6313,MHNY SWH STD Care Plan_5841056a-01b4-45ff-8440-6b5bf71c543e_ru,NY Molina SWH – PDF,NY,2026-07-21 15:01:00,2026-07-22 17:08:00,Y,,,,26.12,26.12 Consecutive Business Hours,,,,,,0,0,0,0,3ca8132f-18bf-4596-8659-351af108f31b,1,PDF,RUS,2026-07-21T19:01:00Z,2026-07-22T21:08:00Z,,,,,,2026-08-22T16:11:12Z,2026-08-22T16:11:12Z
MOHE-260722-6331,MHNY SWH STD Mbr Materials_23fcbecd-344a-452f-b2dd-89e3ac66079a_ru,NY Molina SWH – PDF,NY,2026-07-21 18:00:00,2026-07-22 13:57:00,Y,,,,19.96,19.96 Consecutive Business Hours,,1.2,,,2330,0.42,0.28,0.5,0,d79f739d-ccbb-410a-8773-3bca1b454744,,PDF,RUS,2026-07-21T22:00:00Z,2026-07-22T17:57:00Z,,,,,,2026-08-22T16:11:12Z,2026-08-22T16:11:12Z
MOHE-260722-6331,MHNY SWH STD Mbr Materials_ff1da0a0-09f7-4f2e-897e-dcd9e9785554_ru,NY Molina SWH – PDF,NY,2026-07-21 18:00:00,2026-07-22 13:57:00,Y,,,,19.96,19.96 Consecutive Business Hours,,,,,,0,0,0,0,cb7a571b-41ea-444a-9091-bfae8ae1a87a,,PDF,RUS,2026-07-21T22:00:00Z,2026-07-22T17:57:00Z,,,,,,2026-08-22T16:11:12Z,2026-08-22T16:11:12Z
MOHE-260722-6331,MHNY SWH STD Mbr Materials_024d65b6-6fc3-474c-8ee0-00e177f6f128_ru,NY Molina SWH – PDF,NY,2026-07-21 21:00:00,2026-07-22 13:57:00,Y,,,,5.97,5.97 Consecutive Business Hours,,,,,,0,0,0,0,a386f0f3-8a82-411f-81c4-d79654ffe4dc,1,PDF,RUS,2026-07-22T01:00:00Z,2026-07-22T17:57:00Z,,,,,,2026-08-22T16:11:12Z,2026-08-22T16:11:12Z
MOHE-260722-6331,MHNY SWH STD Mbr Materials_2f8bdcce-dbb5-4e40-bb62-e14321758fc2_ru,NY Molina SWH – PDF,NY,2026-07-21 21:00:00,2026-07-22 13:57:00,Y,,,,5.97,5.97 Consecutive Business Hours,,,,,,0,0,0,0,6a20dc0d-8d03-4484-87d4-728053f03e64,1,PDF,RUS,2026-07-22T01:00:00Z,2026-07-22T17:57:00Z,,,,,,2026-08-22T16:11:12Z,2026-08-22T16:11:12Z
MOHE-260722-6330,MHNY SWH STD Advance Directive_3f3923ef-6c2d-4ac3-9e78-c21132986661_ru,NY Molina SWH – PDF,NY,2026-07-21 15:01:00,2026-07-23 09:29:00,Y,,,,42.48,42.48 Consecutive Business Hours,,1.8,16,2,3264,0.63,0.41,0.76,0,103774cb-effd-4e5c-99ce-d2a656b142f3,,PDF,RUS,2026-07-21T19:01:00Z,2026-07-23T13:29:00Z,,,,,,2026-08-22T16:11:12Z,2026-08-22T16:11:12Z
MOHE-260722-6330,MHNY SWH STD Mbr Materials_19c33eb5-1185-43f3-8732-a0c73bc33faf_ru,NY Molina SWH – PDF,NY,2026-07-21 15:01:00,2026-07-23 09:29:00,Y,,,,42.48,42.48 Consecutive Business Hours,,,,,,0,0,0,0,ce7e9756-0ecb-45dd-b7c6-48f485139ce8,,PDF,RUS,2026-07-21T19:01:00Z,2026-07-23T13:29:00Z,,,,,,2026-08-22T16:11:12Z,2026-08-22T16:11:12Z
MOHE-260722-6330,MHNY SWH STD Mbr Materials_2331682c-ee3f-408e-a622-03a631d56530_ru,NY Molina SWH – PDF,NY,2026-07-21 15:01:00,2026-07-23 09:29:00,Y,,,,42.47,42.47 Consecutive Business Hours,,,,,,0,0,0,0,42a525fa-8da4-4f60-9812-13d8b7b49acd,5,PDF,RUS,2026-07-21T19:01:00Z,2026-07-23T13:29:00Z,,,,,,2026-08-22T16:11:12Z,2026-08-22T16:11:12Z
MOHE-260722-6330,MHNY SWH STD Mbr Materials_a5d0a07b-66d6-4412-8975-a0f5fd15043a_ru,NY Molina SWH – PDF,NY,2026-07-21 15:01:00,2026-07-23 09:29:00,Y,,,,42.48,42.48 Consecutive Business Hours,,,,,,0,0,0,0,3b964010-8dbe-4d1a-a7ff-6d0b77929b82,,PDF,RUS,2026-07-21T19:01:00Z,2026-07-23T13:29:00Z,,,,,,2026-08-22T16:11:12Z,2026-08-22T16:11:12Z
MOHE-260722-6330,MHNY SWH STD Mbr Materials_f42827ff-cd3b-4ecc-991c-e8239059848e_ru,NY Molina SWH – PDF,NY,2026-07-21 15:01:00,2026-07-23 09:29:00,Y,,,,42.47,42.47 Consecutive Business Hours,,,,,,0,0,0,0,1a026801-90c5-44ea-a26b-227356c47eed,5,PDF,RUS,2026-07-21T19:01:00Z,2026-07-23T13:29:00Z,,,,,,2026-08-22T16:11:12Z,2026-08-22T16:11:12Z
MOHE-260722-6330,MHNY SWH STD Mbr Materials_06c885db-f773-4c27-b0d6-599ff773ef24_ru,NY Molina SWH – PDF,NY,2026-07-21 18:00:00,2026-07-23 09:29:00,Y,,,,39.49,39.49 Consecutive Business Hours,,,,,,0,0,0,0,a26300cd-0def-4508-bdb8-5f40580b0952,,PDF,RUS,2026-07-21T22:00:00Z,2026-07-23T13:29:00Z,,,,,,2026-08-22T16:11:12Z,2026-08-22T16:11:12Z
MOHE-260723-6367,MHNY SWH STD Mbr Materials_e516c9d5-3523-4dec-9f74-be5f9120bda2_ru,NY Molina SWH – PDF,NY,2026-07-22 15:01:00,2026-07-24 14:23:00,Y,,,,47.36,47.36 Consecutive Business Hours,,2.8,0,40,5698,0.98,0.64,1.18,0,8bf99350-ca69-4162-9b7a-e6149c13bd83,,PDF,RUS,2026-07-22T19:01:00Z,2026-07-24T18:23:00Z,,,,,,2026-08-22T16:11:12Z,2026-08-22T16:11:12Z
MOHE-260723-6367,MHNY SWH STD Mbr Materials_ec46a561-15bb-4a55-ae46-fb657659f184_ru,NY Molina SWH – PDF,NY,2026-07-22 15:01:00,2026-07-24 14:23:00,Y,,,,47.36,47.36 Consecutive Business Hours,,,,,,0,0,0,0,746222f5-cfe1-457f-9ef2-0f17d40616e4,5,PDF,RUS,2026-07-22T19:01:00Z,2026-07-24T18:23:00Z,,,,,,2026-08-22T16:11:12Z,2026-08-22T16:11:12Z
MOHE-260723-6367,MHNY SWH STD Advance Directive_dcf26d69-b1da-4e72-bd4e-62b092c3d178_ru,NY Molina SWH – PDF,NY,2026-07-22 18:00:00,2026-07-24 14:23:00,Y,,,,44.38,44.38 Consecutive Business Hours,,,,,,0,0,0,0,292eb8fa-28ae-4456-aeac-31814a797b2b,,PDF,RUS,2026-07-22T22:00:00Z,2026-07-24T18:23:00Z,,,,,,2026-08-22T16:11:12Z,2026-08-22T16:11:12Z
MOHE-260723-6367,MHNY SWH STD Care Plan_01580276-20f9-4116-b896-62d1aa7a6d64_ru,NY Molina SWH – PDF,NY,2026-07-22 18:00:00,2026-07-24 14:23:00,Y,,,,44.38,44.38 Consecutive Business Hours,,,,,,0,0,0,0,458a3120-7e76-480a-9828-a960894e9850,,PDF,RUS,2026-07-22T22:00:00Z,2026-07-24T18:23:00Z,,,,,,2026-08-22T16:11:12Z,2026-08-22T16:11:12Z
MOHE-260723-6367,MHNY SWH STD Mbr Materials_438b27f8-1138-4c41-bb9b-bceaf2d9a9c3_ru,NY Molina SWH – PDF,NY,2026-07-22 18:00:00,2026-07-24 14:23:00,Y,,,,44.38,44.38 Consecutive Business Hours,,,,,,0,0,0,0,58c313e7-406a-4b47-ada4-a2743fb57aa8,,PDF,RUS,2026-07-22T22:00:00Z,2026-07-24T18:23:00Z,,,,,,2026-08-22T16:11:12Z,2026-08-22T16:11:12Z
MOHE-260723-6367,MHNY SWH STD Mbr Materials_5539ecd3-a579-4b73-bf0d-c0e4753d12e4_ru,NY Molina SWH – PDF,NY,2026-07-22 18:00:00,2026-07-24 14:23:00,Y,,,,44.38,44.38 Consecutive Business Hours,,,,,,0,0,0,0,7b9d74fb-9caa-4a0f-b9c0-73fcee8a0072,5,PDF,RUS,2026-07-22T22:00:00Z,2026-07-24T18:23:00Z,,,,,,2026-08-22T16:11:12Z,2026-08-22T16:11:12Z
MOHE-260723-6367,MHNY SWH STD Mbr Materials_5a4d84ac-8b61-4a75-a0e5-49312d05882b_ru,NY Molina SWH – PDF,NY,2026-07-22 18:01:00,2026-07-24 14:23:00,Y,,,,44.38,44.38 Consecutive Business Hours,,,,,,0,0,0,0,c08e0ae2-464d-4571-9431-58b9eadeb90c,5,PDF,RUS,2026-07-22T22:01:00Z,2026-07-24T18:23:00Z,,,,,,2026-08-22T16:11:12Z,2026-08-22T16:11:12Z
MOHE-260723-6385,MHNY SWH STD Care Plan_a9812324-974b-4152-b5d9-25c8d59a4a6f_ru,NY Molina SWH – PDF,NY,2026-07-22 18:00:00,2026-07-24 16:19:00,Y,,,,46.31,46.31 Consecutive Business Hours,,2.5,,,5146,0.88,0.58,1.05,0,93822417-d603-4b31-a804-51df9bf32966,,PDF,RUS,2026-07-22T22:00:00Z,2026-07-24T20:19:00Z,,,,,,2026-08-22T16:11:12Z,2026-08-22T16:11:12Z
MOHE-260723-6385,MHNY SWH STD Mbr Materials_7224def8-3850-4f56-b9fa-cd372fecd11f_ru,NY Molina SWH – PDF,NY,2026-07-22 18:01:00,2026-07-24 16:19:00,Y,,,,46.31,46.31 Consecutive Business Hours,,,,,,0,0,0,0,5dec1e87-f3ed-462d-bf87-f0d7e04fdb08,,PDF,RUS,2026-07-22T22:01:00Z,2026-07-24T20:19:00Z,,,,,,2026-08-22T16:11:12Z,2026-08-22T16:11:12Z
MOHE-260723-6385,MHNY SWH STD Mbr Materials_ae52cae1-58c6-43a1-833d-9a1d76b5ca2a_ru,NY Molina SWH – PDF,NY,2026-07-22 18:01:00,2026-07-24 16:19:00,Y,,,,46.31,46.31 Consecutive Business Hours,,,,,,0,0,0,0,1bc8af6f-d114-4096-a0f6-1be61630e64a,,PDF,RUS,2026-07-22T22:01:00Z,2026-07-24T20:19:00Z,,,,,,2026-08-22T16:11:12Z,2026-08-22T16:11:12Z
MOHE-260723-6385,MHNY SWH STD Mbr Materials_a6dfb615-f672-4814-b7eb-e67ebb1f0dce_ru,NY Molina SWH – PDF,NY,2026-07-22 18:01:00,2026-07-24 16:19:00,Y,,,,46.31,46.31 Consecutive Business Hours,,,,,,0,0,0,0,ab9d898b-842e-4903-a8b6-543e04a6b44b,,PDF,RUS,2026-07-22T22:01:00Z,2026-07-24T20:19:00Z,,,,,,2026-08-22T16:11:12Z,2026-08-22T16:11:12Z
MOHE-260723-6385,MHNY SWH STD Mbr Materials_b1385d93-94f7-4668-b380-bd0cba8f123a_ru,NY Molina SWH – PDF,NY,2026-07-22 18:01:00,2026-07-24 16:19:00,Y,,,,46.31,46.31 Consecutive Business Hours,,,,,,0,0,0,0,0d0e07cf-214c-4c9e-8c90-f01ce15fd33d,,PDF,RUS,2026-07-22T22:01:00Z,2026-07-24T20:19:00Z,,,,,,2026-08-22T16:11:12Z,2026-08-22T16:11:12Z
MOHE-260723-6385,MHNY SWH STD Mbr Materials_c074c075-67ce-409b-9fc0-23e806f974c2_ru,NY Molina SWH – PDF,NY,2026-07-22 18:01:00,2026-07-24 16:19:00,Y,,,,46.31,46.31 Consecutive Business Hours,,,,,,0,0,0,0,e5d0ce25-f2b1-4d0d-9de3-eb05a87a54ba,1,PDF,RUS,2026-07-22T22:01:00Z,2026-07-24T20:19:00Z,,,,,,2026-08-22T16:11:12Z,2026-08-22T16:11:12Z
MOHE-260723-6385,MHNY SWH STD Advance Directive_aae28fc9-3d83-464c-adcf-a2ad887627cc_ru,NY Molina SWH – PDF,NY,2026-07-22 21:00:00,2026-07-24 16:19:00,Y,,,,32.33,32.33 Consecutive Business Hours,,,,,,0,0,0,0,36601b4e-9afd-4fda-ac08-b8d9839767e0,1,PDF,RUS,2026-07-23T01:00:00Z,2026-07-24T20:19:00Z,,,,,,2026-08-22T16:11:12Z,2026-08-22T16:11:12Z
MOHE-260723-6367,MHNY SWH STD Advance Directive_b1f35504-256e-48af-a6db-23ea0aab5a25_ru,NY Molina SWH – PDF,NY,2026-07-22 21:00:00,2026-07-23 16:36:00,Y,,,,8.61,8.61 Consecutive Business Hours,,1.8,0,0,3257,0.63,0.41,0.76,0,702307ee-2277-4c76-b64a-9820a99fa5bf,1,PDF,RUS,2026-07-23T01:00:00Z,2026-07-23T20:36:00Z,,,,,,2026-08-22T16:11:12Z,2026-08-22T16:11:12Z
MOHE-260723-6367,MHNY SWH STD Mbr Materials_02c8bae8-3341-4090-8850-84fd4440deb5_ru,NY Molina SWH – PDF,NY,2026-07-22 21:00:00,2026-07-23 16:36:00,Y,,,,8.61,8.61 Consecutive Business Hours,,,,,,0,0,0,0,23f7798a-900d-4c89-936a-d3141cf6fa88,1,PDF,RUS,2026-07-23T01:00:00Z,2026-07-23T20:36:00Z,,,,,,2026-08-22T16:11:12Z,2026-08-22T16:11:12Z
MOHE-260723-6367,MHNY SWH STD Mbr Materials_0d28ab58-08fe-477e-ab73-21516b9b2e36_ru,NY Molina SWH – PDF,NY,2026-07-22 21:00:00,2026-07-23 16:36:00,Y,,,,8.61,8.61 Consecutive Business Hours,,,,,,0,0,0,0,616e58cc-590b-4d0b-9da7-a69aef3f79ae,,PDF,RUS,2026-07-23T01:00:00Z,2026-07-23T20:36:00Z,,,,,,2026-08-22T16:11:12Z,2026-08-22T16:11:12Z
MOHE-260723-6367,MHNY SWH STD Mbr Materials_d7d4aa23-6469-4907-b6b7-886ecc614973_ru,NY Molina SWH – PDF,NY,2026-07-22 21:00:00,2026-07-23 16:36:00,Y,,,,8.61,8.61 Consecutive Business Hours,,,,,,0,0,0,0,b6f601ec-b1ec-4610-bbee-e76e17b4736f,1,PDF,RUS,2026-07-23T01:00:00Z,2026-07-23T20:36:00Z,,,,,,2026-08-22T16:11:12Z,2026-08-22T16:11:12Z
MOHE-260723-6367,MHNY SWH STD Advance Directive_249b2b70-2903-4385-af3c-f0d2ab5c5991_ru,NY Molina SWH – PDF,NY,2026-07-23 03:00:00,2026-07-23 16:36:00,Y,,,,8.61,8.61 Consecutive Business Hours,,,,,,0,0,0,0,b5a6cc3c-4c32-405e-a79b-d9eae0c40e5c,1,PDF,RUS,2026-07-23T07:00:00Z,2026-07-23T20:36:00Z,,,,,,2026-08-22T16:11:12Z,2026-08-22T16:11:12Z
MOHE-260723-6367,MHNY SWH STD Mbr Materials_be9cc291-8156-4827-a493-755433c3e298_ru,NY Molina SWH – PDF,NY,2026-07-23 03:00:00,2026-07-23 16:36:00,Y,,,,8.61,8.61 Consecutive Business Hours,,,,,,0,0,0,0,f75f6669-68b9-4cdd-bbf6-8adfb80f26d3,1,PDF,RUS,2026-07-23T07:00:00Z,2026-07-23T20:36:00Z,,,,,,2026-08-22T16:11:12Z,2026-08-22T16:11:12Z
MOHE-260723-6380,MHNY SWH STD Mbr Materials_a79d5c98-8023-496a-98dd-9b5cca73ee99_ru,NY Molina SWH – PDF,NY,2026-07-23 15:00:00,2026-07-23 19:24:00,Y,,,,4.4,4.40 Consecutive Business Hours,,0.6,0,0,1099,0.21,0.14,0.25,0,c9adc418-7574-4617-9b4e-857098ee5f01,1,PDF,RUS,2026-07-23T19:00:00Z,2026-07-23T23:24:00Z,,,,,,2026-08-22T16:11:12Z,2026-08-22T16:11:12Z
MOHE-260723-6380,MHNY SWH STD Mbr Materials_c424af5c-aa1d-4e02-8dab-5064cc763a57_ru,NY Molina SWH – PDF,NY,2026-07-23 15:01:00,2026-07-23 19:24:00,Y,,,,4.39,4.39 Consecutive Business Hours,,,,,,0,0,0,0,aad3b527-a41b-4f4c-8a08-36b349fc7553,1,PDF,RUS,2026-07-23T19:01:00Z,2026-07-23T23:24:00Z,,,,,,2026-08-22T16:11:12Z,2026-08-22T16:11:12Z
MOHE-260724-6416,MHNY SWH STD Care Plan_8066832b-6833-4461-87ee-939b40fbe2e8_ru,NY Molina SWH – PDF,NY,2026-07-23 18:00:00,2026-07-24 15:59:00,Y,,,,21.98,21.98 Consecutive Business Hours,,1.3,0,0,1759,0.46,0.3,0.55,0,933666f4-61e1-4709-a155-c17b4a2e4944,,PDF,RUS,2026-07-23T22:00:00Z,2026-07-24T19:59:00Z,,,,,,2026-08-22T16:11:12Z,2026-08-22T16:11:12Z
MOHE-260724-6416,MHNY SWH STD Mbr Materials_e55aa51a-5aa6-4324-abd7-c7bef48da8de_ru,NY Molina SWH – PDF,NY,2026-07-23 18:00:00,2026-07-24 15:59:00,Y,,,,21.98,21.98 Consecutive Business Hours,,,,,,0,0,0,0,ac9909ff-ed52-4c5b-9615-17fdd3413e82,,PDF,RUS,2026-07-23T22:00:00Z,2026-07-24T19:59:00Z,,,,,,2026-08-22T16:11:12Z,2026-08-22T16:11:12Z
MOHE-260724-6416,MHNY SWH STD Mbr Materials_1761a9c6-7267-4b4e-b08b-3b743b416169_ru,NY Molina SWH – PDF,NY,2026-07-23 18:00:00,2026-07-24 13:46:00,Y,,,,19.77,19.77 Consecutive Business Hours,,1.8,,,3261,0.63,0.41,0.76,0,5a58a389-ec08-4e45-b9ca-eec33d8ec461,1,PDF,RUS,2026-07-23T22:00:00Z,2026-07-24T17:46:00Z,,,,,,2026-08-22T16:11:12Z,2026-08-22T16:11:12Z
MOHE-260724-6416,MHNY SWH STD Mbr Materials_380d21cd-7017-455c-952c-4ef357ad9926_ru,NY Molina SWH – PDF,NY,2026-07-23 18:00:00,2026-07-24 13:46:00,Y,,,,19.77,19.77 Consecutive Business Hours,,,,,,0,0,0,0,8a2ee023-cba1-4f93-b8ef-186ed371e588,1,PDF,RUS,2026-07-23T22:00:00Z,2026-07-24T17:46:00Z,,,,,,2026-08-22T16:11:12Z,2026-08-22T16:11:12Z
MOHE-260724-6416,MHNY SWH STD Mbr Materials_6c76befe-f61e-4639-8d8f-f61ec775236d_ru,NY Molina SWH – PDF,NY,2026-07-23 18:00:00,2026-07-24 13:46:00,Y,,,,19.77,19.77 Consecutive Business Hours,,,,,,0,0,0,0,b4d26c5b-9308-45e9-ad4c-11b931e9a70c,1,PDF,RUS,2026-07-23T22:00:00Z,2026-07-24T17:46:00Z,,,,,,2026-08-22T16:11:12Z,2026-08-22T16:11:12Z
MOHE-260724-6416,MHNY SWH STD Mbr Materials_ac5fe929-bb74-4ae1-b17f-2db96b391ed6_ru,NY Molina SWH – PDF,NY,2026-07-23 18:00:00,2026-07-24 13:46:00,Y,,,,19.77,19.77 Consecutive Business Hours,,,,,,0,0,0,0,b414d20a-f50e-41cc-aa42-748a744c0eca,1,PDF,RUS,2026-07-23T22:00:00Z,2026-07-24T17:46:00Z,,,,,,2026-08-22T16:11:12Z,2026-08-22T16:11:12Z
MOHE-260724-6416,MHNY SWH STD Mbr Materials_c58f76ad-0b8a-43cd-99e7-d67e295d3a8b_ru,NY Molina SWH – PDF,NY,2026-07-23 18:00:00,2026-07-24 13:46:00,Y,,,,19.77,19.77 Consecutive Business Hours,,,,,,0,0,0,0,c9c4bde2-1d6a-4dc7-905c-a2333ce5d4bc,1,PDF,RUS,2026-07-23T22:00:00Z,2026-07-24T17:46:00Z,,,,,,2026-08-22T16:11:12Z,2026-08-22T16:11:12Z
MOHE-260724-6416,MHNY SWH STD Mbr Materials_adc4e6ac-9adf-4aac-aac4-b713bc0d083e_ru,NY Molina SWH – PDF,NY,2026-07-23 21:00:00,2026-07-24 13:46:00,Y,,,,5.78,5.78 Consecutive Business Hours,,,,,,0,0,0,0,9f8ee089-f341-42cf-84b0-28df75587092,,PDF,RUS,2026-07-24T01:00:00Z,2026-07-24T17:46:00Z,,,,,,2026-08-22T16:11:12Z,2026-08-22T16:11:12Z
MOHE-260724-6428,MHNY SWH STD Mbr Materials_7723ccb7-8ecb-41d6-b37f-a83bafb296c7_ru,NY Molina SWH – PDF,NY,2026-07-24 15:01:00,2026-07-27 14:01:00,Y,,,,23,23.00 Consecutive Business Hours,,0.9,,,1688,0.32,0.21,0.38,0,0a56e327-e573-4525-8878-38b1646fa405,,PDF,RUS,2026-07-24T19:01:00Z,2026-07-27T18:01:00Z,,,,,,2026-08-22T16:11:12Z,2026-08-22T16:11:12Z
MOHE-260724-6428,MHNY SWH STD Mbr Materials_81de816e-25a3-4269-8056-638615a6f18e_ru,NY Molina SWH – PDF,NY,2026-07-24 15:01:00,2026-07-27 14:01:00,Y,,,,23,23.00 Consecutive Business Hours,,,,,,0,0,0,0,e35ac01d-9c46-4ebe-bbf9-bef57924d2b1,,PDF,RUS,2026-07-24T19:01:00Z,2026-07-27T18:01:00Z,,,,,,2026-08-22T16:11:12Z,2026-08-22T16:11:12Z
MOHE-260724-6428,MHNY SWH STD Mbr Materials_dafd9ac0-f8b4-415b-8ac6-771480799b8c_ru,NY Molina SWH – PDF,NY,2026-07-24 15:01:00,2026-07-27 14:01:00,Y,,,,23,23.00 Consecutive Business Hours,,,,,,0,0,0,0,6de8e7c6-c138-47c5-a07f-9c3c0859ef6f,1,PDF,RUS,2026-07-24T19:01:00Z,2026-07-27T18:01:00Z,,,,,,2026-08-22T16:11:12Z,2026-08-22T16:11:12Z
MOHE-260727-6480,MHNY SWH STD Mbr Materials_3aaffd2b-2e89-4bd3-b795-728d5268a4fb_ru,NY Molina SWH – PDF,NY,2026-07-24 18:01:00,2026-07-27 15:45:00,Y,,,,21.73,21.73 Consecutive Business Hours,,2.2,8,0,3838,0.77,0.51,0.92,0,5ed40abe-4e9f-47b5-8980-cf06c4d61fd6,1,PDF,RUS,2026-07-24T22:01:00Z,2026-07-27T19:45:00Z,,,,,,2026-08-22T16:11:12Z,2026-08-22T16:11:12Z
MOHE-260727-6480,MHNY SWH STD Mbr Materials_3f827857-6108-4a0f-89d0-8a2d1ae1ad65_ru,NY Molina SWH – PDF,NY,2026-07-24 18:01:00,2026-07-27 15:45:00,Y,,,,21.73,21.73 Consecutive Business Hours,,,,,,0,0,0,0,a7b38ae0-d40a-4413-af44-0c5465237fa1,,PDF,RUS,2026-07-24T22:01:00Z,2026-07-27T19:45:00Z,,,,,,2026-08-22T16:11:12Z,2026-08-22T16:11:12Z
MOHE-260727-6480,MHNY SWH STD Mbr Materials_8243d88c-8fb1-4873-83b9-e82e47a5fc24_ru,NY Molina SWH – PDF,NY,2026-07-25 05:03:00,2026-07-27 17:57:00,Y,,,,9.95,9.95 Consecutive Business Hours,,,,,,0,0,0,0,ec714f15-9888-4363-9c63-ea9093d9e6fd,1,PDF,RUS,2026-07-25T09:03:00Z,2026-07-27T21:57:00Z,,,,,,2026-08-22T16:11:12Z,2026-08-22T16:11:12Z
MOHE-260727-6480,MHNY SWH STD Advance Directive_c6668441-b0b9-45bb-b0d3-864a52bc3bbf_ru,NY Molina SWH – PDF,NY,2026-07-25 18:00:00,2026-07-27 15:45:00,Y,,,,7.75,7.75 Consecutive Business Hours,,,,,,0,0,0,0,80c2967b-a071-4669-935a-c92b7b0d8bba,1,PDF,RUS,2026-07-25T22:00:00Z,2026-07-27T19:45:00Z,,,,,,2026-08-22T16:11:12Z,2026-08-22T16:11:12Z
MOHE-260727-6480,MHNY SWH STD Mbr Materials_b446bdac-a993-4043-a9b3-f2b91e6ccc28_ru,NY Molina SWH – PDF,NY,2026-07-25 18:00:00,2026-07-27 15:45:00,Y,,,,7.75,7.75 Consecutive Business Hours,,,,,,0,0,0,0,e9faa1a9-76c5-4119-8d3d-04036a5db4e8,1,PDF,RUS,2026-07-25T22:00:00Z,2026-07-27T19:45:00Z,,,,,,2026-08-22T16:11:12Z,2026-08-22T16:11:12Z
MOHE-260727-6482,MHNY SWH STD Care Plan_1274999b-90e7-4fd1-bdf6-d4d0079854ff_ru,NY Molina SWH – PDF,NY,2026-07-27 15:00:00,2026-07-28 16:26:00,Y,,,,25.43,25.43 Consecutive Business Hours,,1.3,6,134,2686,0.46,0.3,0.55,0,90786d3b-34f8-476b-bc58-9cf9df2760e7,1,PDF,RUS,2026-07-27T19:00:00Z,2026-07-28T20:26:00Z,,,,,,2026-08-22T16:11:12Z,2026-08-22T16:11:12Z
MOHE-260727-6482,MHNY SWH STD Mbr Materials_d6d7cfce-04fb-42ea-9301-d79c4f8b7e3b_ru,NY Molina SWH – PDF,NY,2026-07-27 15:00:00,2026-07-28 16:26:00,Y,,,,25.43,25.43 Consecutive Business Hours,,,,,,0,0,0,0,28ca7995-803a-4330-ae3c-c4befb2cb473,,PDF,RUS,2026-07-27T19:00:00Z,2026-07-28T20:26:00Z,,,,,,2026-08-22T16:11:12Z,2026-08-22T16:11:12Z
MOHE-260728-6522,MHNY SWH STD Mbr Materials_0b0b5a54-65be-4593-abc2-c7ca706677a2_ru,NY Molina SWH – PDF,NY,2026-07-27 18:00:00,2026-07-28 16:47:00,Y,,,,22.78,22.78 Consecutive Business Hours,,3.4,150,4,7194,1.19,0.78,1.43,0,fac9ad91-db7f-49d9-bc6f-fa72cff01fb9,,PDF,RUS,2026-07-27T22:00:00Z,2026-07-28T20:47:00Z,,,,,,2026-08-22T16:11:12Z,2026-08-22T16:11:12Z
MOHE-260728-6522,MHNY SWH STD Mbr Materials_5d482ef2-8f08-426f-aab9-43f86ed30044_ru,NY Molina SWH – PDF,NY,2026-07-27 18:00:00,2026-07-28 16:47:00,Y,,,,22.78,22.78 Consecutive Business Hours,,,,,,0,0,0,0,d60c6bbf-8fbc-4c33-913d-d12c8707a9bf,,PDF,RUS,2026-07-27T22:00:00Z,2026-07-28T20:47:00Z,,,,,,2026-08-22T16:11:12Z,2026-08-22T16:11:12Z
MOHE-260728-6522,MHNY SWH STD Mbr Materials_c8657921-0ad9-4f02-b27a-69c0ccb1ceb7_ru,NY Molina SWH – PDF,NY,2026-07-27 18:00:00,2026-07-28 16:47:00,Y,,,,22.78,22.78 Consecutive Business Hours,,,,,,0,0,0,0,37cb49c3-c36d-4a01-8b1c-6ac8da139eed,1,PDF,RUS,2026-07-27T22:00:00Z,2026-07-28T20:47:00Z,,,,,,2026-08-22T16:11:12Z,2026-08-22T16:11:12Z
MOHE-260728-6522,MHNY SWH STD Mbr Materials_f72d46be-9419-4431-a0d1-4a01e37fe3ee_ru,NY Molina SWH – PDF,NY,2026-07-27 18:00:00,2026-07-28 16:47:00,Y,,,,22.78,22.78 Consecutive Business Hours,,,,,,0,0,0,0,c9587e7b-6b93-4395-91f7-217964b16ef4,,PDF,RUS,2026-07-27T22:00:00Z,2026-07-28T20:47:00Z,,,,,,2026-08-22T16:11:12Z,2026-08-22T16:11:12Z
MOHE-260728-6522,MHNY SWH STD Care Plan_e25dd74e-0726-4c3d-83db-09c0ba465492_ru,NY Molina SWH – PDF,NY,2026-07-27 21:00:00,2026-07-28 17:40:00,Y,,,,9.68,9.68 Consecutive Business Hours,,,,,,0,0,0,0,cee1de5e-bbbc-4e54-a254-255941f322f1,1,PDF,RUS,2026-07-28T01:00:00Z,2026-07-28T21:40:00Z,,,,,,2026-08-22T16:11:12Z,2026-08-22T16:11:12Z
MOHE-260728-6522,MHNY SWH STD Mbr Materials_682dff43-74ec-433a-8068-80317d5b6cbc_ru,NY Molina SWH – PDF,NY,2026-07-27 21:00:00,2026-07-28 17:40:00,Y,,,,9.68,9.68 Consecutive Business Hours,,,,,,0,0,0,0,90d31bbc-3928-4099-849d-1a2011e4df9b,,PDF,RUS,2026-07-28T01:00:00Z,2026-07-28T21:40:00Z,,,,,,2026-08-22T16:11:12Z,2026-08-22T16:11:12Z
MOHE-260728-6522,MHNY SWH STD Mbr Materials_191df8f1-67ec-42f2-bd6f-40c4c69e4f39_ru,NY Molina SWH – PDF,NY,2026-07-28 15:01:00,2026-07-28 17:40:00,Y,,,,2.66,2.66 Consecutive Business Hours,,,,,,0,0,0,0,d1933b98-4892-4167-8845-2dcf75162fea,1,PDF,RUS,2026-07-28T19:01:00Z,2026-07-28T21:40:00Z,,,,,,2026-08-22T16:11:12Z,2026-08-22T16:11:12Z
MOHE-260728-6522,MHNY SWH STD Mbr Materials_638d8124-83e6-466e-a240-0e2f21ee1200_ru,NY Molina SWH – PDF,NY,2026-07-28 15:01:00,2026-07-28 17:40:00,Y,,,,2.66,2.66 Consecutive Business Hours,,,,,,0,0,0,0,b05edddf-11fd-448b-957b-fe8800a427e0,,PDF,RUS,2026-07-28T19:01:00Z,2026-07-28T21:40:00Z,,,,,,2026-08-22T16:11:12Z,2026-08-22T16:11:12Z
MOHE-260728-6522,MHNY SWH STD Mbr Materials_d642142f-99a3-4047-8248-3dff6c694f6a_ru,NY Molina SWH – PDF,NY,2026-07-28 15:01:00,2026-07-28 17:40:00,Y,,,,2.66,2.66 Consecutive Business Hours,,,,,,0,0,0,0,64d448ec-eb8c-4a15-b9ee-d111fb99c74b,,PDF,RUS,2026-07-28T19:01:00Z,2026-07-28T21:40:00Z,,,,,,2026-08-22T16:11:12Z,2026-08-22T16:11:12Z
MOHE-260729-6552,MHNY SWH STD Mbr Materials_49312946-92e5-4d78-83f3-79b8e92db900_ru,NY Molina SWH – PDF,NY,2026-07-28 18:00:00,2026-07-29 15:12:00,Y,,,,21.19,21.19 Consecutive Business Hours,,1.5,,,3042,0.53,0.35,0.63,0,83687f86-10b3-4a96-bf19-25726d087345,,PDF,RUS,2026-07-28T22:00:00Z,2026-07-29T19:12:00Z,,,,,,2026-08-22T16:11:12Z,2026-08-22T16:11:12Z
MOHE-260729-6552,MHNY SWH STD Mbr Materials_17fb696d-1d06-4b7b-8c28-3c1b71f3534f_ru,NY Molina SWH – PDF,NY,2026-07-28 18:00:00,2026-07-29 15:12:00,Y,,,,21.19,21.19 Consecutive Business Hours,,,,,,0,0,0,0,486e3bef-08d6-4dbf-b8e8-a52a1e7e7d43,1,PDF,RUS,2026-07-28T22:00:00Z,2026-07-29T19:12:00Z,,,,,,2026-08-22T16:11:12Z,2026-08-22T16:11:12Z
MOHE-260729-6552,MHNY SWH STD Mbr Materials_66f5e3eb-666b-4926-aecd-692048ac77eb_ru,NY Molina SWH – PDF,NY,2026-07-28 18:00:00,2026-07-29 15:12:00,Y,,,,21.19,21.19 Consecutive Business Hours,,,,,,0,0,0,0,02c97793-87d8-42df-950b-6936f71bda6a,,PDF,RUS,2026-07-28T22:00:00Z,2026-07-29T19:12:00Z,,,,,,2026-08-22T16:11:12Z,2026-08-22T16:11:12Z
MOHE-260729-6552,MHNY SWH STD Mbr Materials_897e9525-fc5f-4d4e-8796-949478810155_ru,NY Molina SWH – PDF,NY,2026-07-28 18:00:00,2026-07-29 15:12:00,Y,,,,21.19,21.19 Consecutive Business Hours,,,,,,0,0,0,0,0a6cf90c-7b05-4f3b-b831-d267388f12f8,1,PDF,RUS,2026-07-28T22:00:00Z,2026-07-29T19:12:00Z,,,,,,2026-08-22T16:11:12Z,2026-08-22T16:11:12Z
MOHE-260729-6552,MHNY SWH STD UTC_e310b69c-037c-42b7-a900-ef2a418d5cf7_ru,NY Molina SWH – PDF,NY,2026-07-28 18:00:00,2026-07-29 15:12:00,Y,,,,21.19,21.19 Consecutive Business Hours,,,,,,0,0,0,0,147a1c8a-0e6c-4df1-aeb2-66c6cdc067c0,1,PDF,RUS,2026-07-28T22:00:00Z,2026-07-29T19:12:00Z,,,,,,2026-08-22T16:11:12Z,2026-08-22T16:11:12Z
MOHE-260729-6552,MHNY SWH STD Mbr Materials_5cd39f2c-c8b3-4e1b-9c19-6045902c7b4a_ru,NY Molina SWH – PDF,NY,2026-07-28 21:00:00,2026-07-29 16:07:00,Y,,,,8.13,8.13 Consecutive Business Hours,,1.8,,,3873,0.63,0.41,0.76,0,fa8f7f96-6743-4540-bd80-c8fa01134a51,1,PDF,RUS,2026-07-29T01:00:00Z,2026-07-29T20:07:00Z,,,,,,2026-08-22T16:11:12Z,2026-08-22T16:11:12Z
MOHE-260729-6552,MHNY SWH STD Mbr Materials_1617416f-9a05-4e0d-9586-5b856c791566_ru,NY Molina SWH – PDF,NY,2026-07-28 21:00:00,2026-07-29 16:08:00,Y,,,,8.13,8.13 Consecutive Business Hours,,,,,,0,0,0,0,c1fb46f5-e430-4ecf-bb11-1bdb79ee0417,1,PDF,RUS,2026-07-29T01:00:00Z,2026-07-29T20:08:00Z,,,,,,2026-08-22T16:11:12Z,2026-08-22T16:11:12Z
MOHE-260729-6552,MHNY SWH STD Mbr Materials_ed5bf40f-ebd1-4167-9fcb-a895cd8c75d3_ru,NY Molina SWH – PDF,NY,2026-07-28 21:00:00,2026-07-29 16:08:00,Y,,,,8.13,8.13 Consecutive Business Hours,,,,,,0,0,0,0,8ee8cb09-fd86-4c64-a56e-274dbe725c57,1,PDF,RUS,2026-07-29T01:00:00Z,2026-07-29T20:08:00Z,,,,,,2026-08-22T16:11:12Z,2026-08-22T16:11:12Z
MOHE-260729-6552,MHNY SWH STD UTC_4599b802-7fc4-476b-b8e8-d13030dc1c23_ru,NY Molina SWH – PDF,NY,2026-07-28 21:00:00,2026-07-29 16:08:00,Y,,,,8.14,8.14 Consecutive Business Hours,,,,,,0,0,0,0,2e168c93-7746-4b5e-90e0-579cd7f918d0,1,PDF,RUS,2026-07-29T01:00:00Z,2026-07-29T20:08:00Z,,,,,,2026-08-22T16:11:12Z,2026-08-22T16:11:12Z
MOHE-260729-6552,MHNY SWH STD UTC_abec1e91-db72-4f89-80a3-5445845f8d38_ru,NY Molina SWH – PDF,NY,2026-07-28 21:00:00,2026-07-29 16:08:00,Y,,,,8.13,8.13 Consecutive Business Hours,,,,,,0,0,0,0,f8ae1d25-924a-4319-b6cb-c32909e8c6ef,2,PDF,RUS,2026-07-29T01:00:00Z,2026-07-29T20:08:00Z,,,,,,2026-08-22T16:11:12Z,2026-08-22T16:11:12Z
MOHE-260729-6552,MHNY SWH STD UTC_79eda095-7b9f-4302-97d4-a7fbd67681e6_ru,NY Molina SWH – PDF,NY,2026-07-28 21:00:00,2026-07-29 16:08:00,Y,,,,8.14,8.14 Consecutive Business Hours,,,,,,0,0,0,0,2e2f97b3-9909-4e74-827e-595e8cc77a3a,2,PDF,RUS,2026-07-29T01:00:00Z,2026-07-29T20:08:00Z,,,,,,2026-08-22T16:11:12Z,2026-08-22T16:11:12Z
MOHE-260729-6584,MHNY SWH STD Mbr Materials_1e3dc3bd-51dd-4370-970a-f2d2b7031cf9_ru,NY Molina SWH – PDF,NY,2026-07-29 15:00:00,2026-07-30 12:43:00,Y,,,,21.72,21.72 Consecutive Business Hours,,1.5,,,,0.53,0.35,0.63,0,c3427a78-dcad-473d-b966-7e050b52126a,2,PDF,RUS,2026-07-29T19:00:00Z,2026-07-30T16:43:00Z,,,,,,2026-08-22T16:11:12Z,2026-08-22T16:11:12Z
MOHE-260729-6584,MHNY SWH STD Mbr Materials_4158a807-8d0a-4fce-8339-fbe4a93f7c4b_ru,NY Molina SWH – PDF,NY,2026-07-29 15:00:00,2026-07-30 12:43:00,Y,,,,21.72,21.72 Consecutive Business Hours,,,,,,0,0,0,0,5de0b3b7-4c47-406c-adad-34bd7191990f,2,PDF,RUS,2026-07-29T19:00:00Z,2026-07-30T16:43:00Z,,,,,,2026-08-22T16:11:12Z,2026-08-22T16:11:12Z
MOHE-260729-6584,MHNY SWH STD Mbr Materials_4cd3a112-8386-4e5b-9628-e7150ffd38bf_ru,NY Molina SWH – PDF,NY,2026-07-29 15:00:00,2026-07-30 12:43:00,Y,,,,21.72,21.72 Consecutive Business Hours,,,,,,0,0,0,0,b99612b8-fc71-4f18-84aa-d6aaaaebbc22,2,PDF,RUS,2026-07-29T19:00:00Z,2026-07-30T16:43:00Z,,,,,,2026-08-22T16:11:12Z,2026-08-22T16:11:12Z
MOHE-260729-6584,MHNY SWH STD Mbr Materials_61a0c0dd-49fd-4413-8f54-57514047e68f_ru,NY Molina SWH – PDF,NY,2026-07-29 15:00:00,2026-07-30 12:43:00,Y,,,,21.72,21.72 Consecutive Business Hours,,,,,,0,0,0,0,d22e2516-32b3-4732-8be1-ed89d6920606,2,PDF,RUS,2026-07-29T19:00:00Z,2026-07-30T16:43:00Z,,,,,,2026-08-22T16:11:12Z,2026-08-22T16:11:12Z
MOHE-260729-6584,MHNY SWH STD UTC_59f530ca-6ed8-4400-aceb-b526ecb29628_ru,NY Molina SWH – PDF,NY,2026-07-29 15:00:00,2026-07-30 12:43:00,Y,,,,21.71,21.71 Consecutive Business Hours,,,,,,0,0,0,0,e85c8cd6-e614-4b25-bce2-199cf0029741,2,PDF,RUS,2026-07-29T19:00:00Z,2026-07-30T16:43:00Z,,,,,,2026-08-22T16:11:12Z,2026-08-22T16:11:12Z
MOHE-260730-6595,MHNY SWH STD Mbr Materials_4da2b38b-0396-4343-869b-69a03f9c353e_ru,NY Molina SWH – PDF,NY,2026-07-29 18:00:00,2026-07-31 16:26:00,Y,,,,46.44,46.44 Consecutive Business Hours,,1.2,,,2301,0.42,0.28,0.5,0,8fbaf5e5-1e89-4717-8a4f-ffb05c8d1a64,2,PDF,RUS,2026-07-29T22:00:00Z,2026-07-31T20:26:00Z,,,,,,2026-08-22T16:11:12Z,2026-08-22T16:11:12Z
MOHE-260730-6595,MHNY SWH STD Mbr Materials_541ef392-42b8-4c04-b9a7-aa7909374ece_ru,NY Molina SWH – PDF,NY,2026-07-29 18:00:00,2026-07-31 16:26:00,Y,,,,46.44,46.44 Consecutive Business Hours,,,,,,0,0,0,0,6b57fe97-892d-498e-8d8c-fa41d9ff9bb3,2,PDF,RUS,2026-07-29T22:00:00Z,2026-07-31T20:26:00Z,,,,,,2026-08-22T16:11:12Z,2026-08-22T16:11:12Z
MOHE-260730-6595,MHNY SWH STD Mbr Materials_7dc33142-b15d-41f3-bb84-1037eb1d96da_ru,NY Molina SWH – PDF,NY,2026-07-29 18:00:00,2026-07-31 16:26:00,Y,,,,46.44,46.44 Consecutive Business Hours,,,,,,0,0,0,0,77341265-ab2c-48c7-b274-9852e3ecc3c3,2,PDF,RUS,2026-07-29T22:00:00Z,2026-07-31T20:26:00Z,,,,,,2026-08-22T16:11:12Z,2026-08-22T16:11:12Z
MOHE-260730-6595,MHNY SWH STD Mbr Materials_be17d03e-58cb-4d58-8c7a-4132520beb6b_ru,NY Molina SWH – PDF,NY,2026-07-29 18:00:00,2026-07-31 16:26:00,Y,,,,46.44,46.44 Consecutive Business Hours,,,,,,0,0,0,0,80abe146-9d46-4214-b961-6dc915d66426,1,PDF,RUS,2026-07-29T22:00:00Z,2026-07-31T20:26:00Z,,,,,,2026-08-22T16:11:12Z,2026-08-22T16:11:12Z
MOHE-260730-6595,MHNY SWH STD Mbr Materials_cbcc6009-0af8-4a74-b0d5-db54e0c2a990_ru,NY Molina SWH – PDF,NY,2026-07-29 21:00:00,2026-07-30 14:58:00,Y,,,,6.98,6.98 Consecutive Business Hours,,1.5,,,3340,0.53,0.35,0.63,0,d48461c9-2cb1-4482-80ac-0c8593a8af27,1,PDF,RUS,2026-07-30T01:00:00Z,2026-07-30T18:58:00Z,,,,,,2026-08-22T16:11:12Z,2026-08-22T16:11:12Z
MOHE-260730-6595,MHNY SWH STD UTC_3816a8f6-4ffa-40e0-993d-3de07ada480a_ru,NY Molina SWH – PDF,NY,2026-07-29 21:00:00,2026-07-30 14:58:00,Y,,,,6.98,6.98 Consecutive Business Hours,,,,,,0,0,0,0,c9f345d9-e994-47eb-a56e-7557832509c9,1,PDF,RUS,2026-07-30T01:00:00Z,2026-07-30T18:58:00Z,,,,,,2026-08-22T16:11:12Z,2026-08-22T16:11:12Z
MOHE-260730-6595,MHNY SWH STD UTC_4cd3f66a-be2f-48c8-bc0f-9f26cc9bf760_ru,NY Molina SWH – PDF,NY,2026-07-29 21:00:00,2026-07-30 14:58:00,Y,,,,6.98,6.98 Consecutive Business Hours,,,,,,0,0,0,0,345b010a-3ef0-475a-83d4-2b71d5199095,1,PDF,RUS,2026-07-30T01:00:00Z,2026-07-30T18:58:00Z,,,,,,2026-08-22T16:11:12Z,2026-08-22T16:11:12Z
MOHE-260730-6595,MHNY SWH STD Advance Directive_13ff5b41-d6e4-4b74-9f63-91a92602b2cf_ru,NY Molina SWH – PDF,NY,2026-07-30 03:00:00,2026-07-30 14:58:00,Y,,,,6.98,6.98 Consecutive Business Hours,,,,,,0,0,0,0,e3e8d1d9-ff2f-483c-a819-95b4d66c6aef,,PDF,RUS,2026-07-30T07:00:00Z,2026-07-30T18:58:00Z,,,,,,2026-08-22T16:11:12Z,2026-08-22T16:11:12Z
MOHE-260730-6595,MHNY SWH STD Mbr Materials_ae9b9d29-beb9-4a6d-a706-2d4a2b0da096_ru,NY Molina SWH – PDF,NY,2026-07-30 03:00:00,2026-07-30 14:58:00,Y,,,,6.98,6.98 Consecutive Business Hours,,,,,,0,0,0,0,c856db69-7e84-4f8f-ba00-5aff93711d24,1,PDF,RUS,2026-07-30T07:00:00Z,2026-07-30T18:58:00Z,,,,,,2026-08-22T16:11:12Z,2026-08-22T16:11:12Z
MOHE-260730-6595,MHNY SWH STD Care Plan_5438cb4b-011f-46f6-8b9f-12e18e7a6061_ru,NY Molina SWH – PDF,NY,2026-07-29 18:00:00,2026-07-31 14:46:00,Y,,,,44.76,44.76 Consecutive Business Hours,,1.9,0,29,3975,0.67,0.44,0.8,0,038df062-37f1-40fe-a21c-8b719c14c361,1,PDF,RUS,2026-07-29T22:00:00Z,2026-07-31T18:46:00Z,,,,,,2026-08-22T16:11:12Z,2026-08-22T16:11:12Z
MOHE-260730-6595,MHNY SWH STD Mbr Materials_d85790af-c3d5-4b54-9083-1c84555a10f1_ru,NY Molina SWH – PDF,NY,2026-07-29 18:00:00,2026-07-31 14:46:00,Y,,,,44.76,44.76 Consecutive Business Hours,,,,,,0,0,0,0,105b1693-5f32-40c7-92e4-202aff9e9bbb,1,PDF,RUS,2026-07-29T22:00:00Z,2026-07-31T18:46:00Z,,,,,,2026-08-22T16:11:12Z,2026-08-22T16:11:12Z
MOHE-260730-6595,MHNY SWH STD Mbr Materials_4f57ad59-9385-41e3-8146-b12ca0af95d2_ru,NY Molina SWH – PDF,NY,2026-07-29 21:00:00,2026-07-31 14:46:00,Y,,,,30.77,30.77 Consecutive Business Hours,,,,,,0,0,0,0,0a86dfde-ba10-429b-8beb-636afe4f6b82,1,PDF,RUS,2026-07-30T01:00:00Z,2026-07-31T18:46:00Z,,,,,,2026-08-22T16:11:12Z,2026-08-22T16:11:12Z
MOHE-260730-6595,MHNY SWH STD Mbr Materials_87090729-a56d-489b-b70b-92dd0057d75b_ru,NY Molina SWH – PDF,NY,2026-07-29 21:00:00,2026-07-31 14:46:00,Y,,,,30.77,30.77 Consecutive Business Hours,,,,,,0,0,0,0,81a0a728-e357-4215-be06-e425464be2a4,1,PDF,RUS,2026-07-30T01:00:00Z,2026-07-31T18:46:00Z,,,,,,2026-08-22T16:11:12Z,2026-08-22T16:11:12Z
MOHE-260730-6608,MHNY SWH STD Care Plan_a5135a2f-7c3e-40e6-ac61-30aedaf92609_ru,NY Molina SWH – PDF,NY,2026-07-30 15:00:00,2026-08-03 12:51:00,Y,,,,45.85,45.85 Consecutive Business Hours,,1.6,15,5,3378,0.56,0.37,0.67,0,1aba2aef-55e4-4443-8822-d4d2972a946e,,PDF,RUS,2026-07-30T19:00:00Z,2026-08-03T16:51:00Z,,,,,,2026-08-22T16:11:12Z,2026-08-22T16:11:12Z
MOHE-260730-6608,MHNY SWH STD Mbr Materials_2039ddf1-7211-475a-a201-b1d68baf8668_ru,NY Molina SWH – PDF,NY,2026-07-30 15:00:00,2026-08-03 12:51:00,Y,,,,45.85,45.85 Consecutive Business Hours,,,,,,0,0,0,0,78968c7a-cc63-4575-be8a-0ecc73c9f51d,,PDF,RUS,2026-07-30T19:00:00Z,2026-08-03T16:51:00Z,,,,,,2026-08-22T16:11:12Z,2026-08-22T16:11:12Z
MOHE-260730-6608,MHNY SWH STD Mbr Materials_25aa2cb0-1da9-4452-a4d4-a953dfa4d4f2_ru,NY Molina SWH – PDF,NY,2026-07-30 15:00:00,2026-08-03 12:51:00,Y,,,,45.85,45.85 Consecutive Business Hours,,,,,,0,0,0,0,63d1caf3-229f-4c9c-81f4-74205c897b23,1,PDF,RUS,2026-07-30T19:00:00Z,2026-08-03T16:51:00Z,,,,,,2026-08-22T16:11:12Z,2026-08-22T16:11:12Z
MOHE-260731-6633,MHNY SWH STD Mbr Materials_e8609884-dea9-4353-81d9-822ae2f15cda_ru,NY Molina SWH – PDF,NY,2026-07-30 15:10:00,2026-08-03 15:43:00,Y,,,,48.56,48.56 Consecutive Business Hours,,1.2,,,2891,0.42,0.28,0.5,0,0484df67-3e96-4739-a066-b430f48d9838,1,PDF,RUS,2026-07-30T19:10:00Z,2026-08-03T19:43:00Z,,,,,,2026-08-22T16:11:12Z,2026-08-22T16:11:12Z
MOHE-260731-6633,MHNY SWH STD Mbr Materials_c7dbc509-2544-42fc-b2a7-072796f5f59b_ru,NY Molina SWH – PDF,NY,2026-07-30 15:10:00,2026-08-03 15:43:00,Y,,,,48.56,48.56 Consecutive Business Hours,,,,,,0,0,0,0,a3dd82c0-f392-4bab-8e52-9dcfc61aeaab,1,PDF,RUS,2026-07-30T19:10:00Z,2026-08-03T19:43:00Z,,,,,,2026-08-22T16:11:12Z,2026-08-22T16:11:12Z
MOHE-260731-6633,MHNY SWH STD Mbr Materials_ecd56228-34c2-453a-b1ad-e22d624ca6b4_ru,NY Molina SWH – PDF,NY,2026-07-30 15:10:00,2026-08-03 15:43:00,Y,,,,48.56,48.56 Consecutive Business Hours,,,,,,0,0,0,0,8d2c2e25-6dc3-4d4f-8a0d-61973ba0596f,1,PDF,RUS,2026-07-30T19:10:00Z,2026-08-03T19:43:00Z,,,,,,2026-08-22T16:11:12Z,2026-08-22T16:11:12Z
MOHE-260731-6633,MHNY SWH STD Mbr Materials_fd6c0bbe-ddc5-40e8-8cd6-cbfac01c04b1_ru,NY Molina SWH – PDF,NY,2026-07-30 15:10:00,2026-08-03 15:43:00,Y,,,,48.56,48.56 Consecutive Business Hours,,,,,,0,0,0,0,7e414624-b0ae-4c5d-90f6-84d26e307af0,1,PDF,RUS,2026-07-30T19:10:00Z,2026-08-03T19:43:00Z,,,,,,2026-08-22T16:11:12Z,2026-08-22T16:11:12Z
MOHE-260731-6633,MHNY SWH STD Mbr Materials_e000742b-bf4f-4c4a-ba88-d976a9bc5564_ru,NY Molina SWH – PDF,NY,2026-07-30 21:00:00,2026-08-03 15:43:00,Y,,,,31.73,31.73 Consecutive Business Hours,,,,,,0,0,0,0,1e5dbef0-47b0-4e72-8787-3037d518dd3f,,PDF,RUS,2026-07-31T01:00:00Z,2026-08-03T19:43:00Z,,,,,,2026-08-22T16:11:12Z,2026-08-22T16:11:12Z
MOHE-260731-6633,MHNY SWH STD Mbr Materials_ec2a64e6-c3c2-45a0-a6fc-00255c136f5b_ru,NY Molina SWH – PDF,NY,2026-07-31 04:00:00,2026-08-03 15:43:00,Y,,,,31.73,31.73 Consecutive Business Hours,,,,,,0,0,0,0,a822ba40-45f8-4903-91b8-a8e3f07f0522,,PDF,RUS,2026-07-31T08:00:00Z,2026-08-03T19:43:00Z,,,,,,2026-08-22T16:11:12Z,2026-08-22T16:11:12Z
MOHE-260731-6633,MHNY SWH STD Mbr Materials_4b6b6156-d1c6-4f23-a90c-670ee19d6eac_ru,NY Molina SWH – PDF,NY,2026-07-30 15:09:00,2026-08-03 14:50:00,Y,,,,47.67,47.67 Consecutive Business Hours,,1.8,0,0,3533,0.63,0.41,0.76,0,a585441b-ef62-4a84-a1f0-8f0e0d40122b,,PDF,RUS,2026-07-30T19:09:00Z,2026-08-03T18:50:00Z,,,,,,2026-08-22T16:11:12Z,2026-08-22T16:11:12Z
MOHE-260731-6633,MHNY SWH STD Mbr Materials_c5c7a6d3-4668-4e20-9e4f-c17544965daf_ru,NY Molina SWH – PDF,NY,2026-07-30 15:09:00,2026-08-03 14:50:00,Y,,,,47.67,47.67 Consecutive Business Hours,,,,,,0,0,0,0,bc9f3678-0fd8-40aa-ab0d-f1430d2327ea,1,PDF,RUS,2026-07-30T19:09:00Z,2026-08-03T18:50:00Z,,,,,,2026-08-22T16:11:12Z,2026-08-22T16:11:12Z
MOHE-260731-6633,MHNY SWH STD Mbr Materials_1c3857ca-305c-4e18-a8fc-1d578434d0f5_ru,NY Molina SWH – PDF,NY,2026-07-30 18:00:00,2026-08-03 14:50:00,Y,,,,44.83,44.83 Consecutive Business Hours,,,,,,0,0,0,0,2d13844a-54cb-4f3b-ab9c-85dea80e161e,1,PDF,RUS,2026-07-30T22:00:00Z,2026-08-03T18:50:00Z,,,,,,2026-08-22T16:11:12Z,2026-08-22T16:11:12Z
MOHE-260731-6633,MHNY SWH STD Mbr Materials_5d17842d-3d85-42b0-8f37-ed17361c4dde_ru,NY Molina SWH – PDF,NY,2026-07-30 18:00:00,2026-08-03 14:50:00,Y,,,,44.83,44.83 Consecutive Business Hours,,,,,,0,0,0,0,1cdf81a6-c580-4666-b1fd-0c91e07fedac,,PDF,RUS,2026-07-30T22:00:00Z,2026-08-03T18:50:00Z,,,,,,2026-08-22T16:11:12Z,2026-08-22T16:11:12Z
MOHE-260731-6633,MHNY SWH STD Mbr Materials_9a78cbef-4acc-4844-8f98-68f5b16686ef_ru,NY Molina SWH – PDF,NY,2026-07-30 18:00:00,2026-08-03 14:50:00,Y,,,,44.83,44.83 Consecutive Business Hours,,,,,,0,0,0,0,21ff0d5e-fe6d-431a-9eb3-b2b8ad2d668a,1,PDF,RUS,2026-07-30T22:00:00Z,2026-08-03T18:50:00Z,,,,,,2026-08-22T16:11:12Z,2026-08-22T16:11:12Z
MOHE-260731-6633,MHNY SWH STD Advance Directive_c3bbec68-0146-4590-b526-c65310b2c81c_ru,NY Molina SWH – PDF,NY,2026-07-31 04:00:00,2026-08-03 14:50:00,Y,,,,30.84,30.84 Consecutive Business Hours,,,,,,0,0,0,0,20743946-0e60-4df3-b4ed-99ed6c50f19e,1,PDF,RUS,2026-07-31T08:00:00Z,2026-08-03T18:50:00Z,,,,,,2026-08-22T16:11:12Z,2026-08-22T16:11:12Z
MOHE-260731-6659,MHNY SWH STD Care Plan_c578c6a7-ed7c-49a8-b784-39f4e3efc37a_ru,NY Molina SWH – PDF,NY,2026-07-31 15:01:00,2026-08-03 19:16:00,Y,,,,28.26,28.26 Consecutive Business Hours,,1.3,16,142,2739,0.46,0.3,0.55,0,e4151b5d-6b76-4f60-9ec6-dc28cdcea68b,1,PDF,RUS,2026-07-31T19:01:00Z,2026-08-03T23:16:00Z,,,,,,2026-08-22T16:11:12Z,2026-08-22T16:11:12Z
MOHE-260731-6659,MHNY SWH STD Mbr Materials_8a93fac9-2b63-4afe-ac15-dba8915d1020_ru,NY Molina SWH – PDF,NY,2026-07-31 15:01:00,2026-08-03 19:16:00,Y,,,,28.26,28.26 Consecutive Business Hours,,,,,,0,0,0,0,c7049816-af52-4706-b231-5786d9136311,1,PDF,RUS,2026-07-31T19:01:00Z,2026-08-03T23:16:00Z,,,,,,2026-08-22T16:11:12Z,2026-08-22T16:11:12Z
MOHE-260803-6710,MHNY SWH STD Mbr Materials_434c41a3-8605-40e0-87de-0720291b8ecd_ru,NY Molina SWH – PDF,NY,2026-07-31 18:00:00,2026-08-04 14:15:00,Y,,,,44.24,44.24 Consecutive Business Hours,,1.8,,,3587,0.63,0.41,0.76,0,056c90bc-b31c-421c-844d-0292b290cca4,,PDF,RUS,2026-07-31T22:00:00Z,2026-08-04T18:15:00Z,,,,,,2026-08-22T16:11:12Z,2026-08-22T16:11:12Z
MOHE-260803-6710,MHNY SWH STD Mbr Materials_a028f20b-c720-4f5d-9871-c36fd785045f_ru,NY Molina SWH – PDF,NY,2026-07-31 18:00:00,2026-08-04 14:15:00,Y,,,,44.24,44.24 Consecutive Business Hours,,,,,,0,0,0,0,b393c53d-c895-4099-a90d-953bf2b8840f,,PDF,RUS,2026-07-31T22:00:00Z,2026-08-04T18:15:00Z,,,,,,2026-08-22T16:11:12Z,2026-08-22T16:11:12Z
MOHE-260803-6710,MHNY SWH STD Mbr Materials_987673c5-72c7-498c-bd19-5d14413cff55_ru,NY Molina SWH – PDF,NY,2026-07-31 18:00:00,2026-08-04 14:15:00,Y,,,,44.24,44.24 Consecutive Business Hours,,,,,,0,0,0,0,7cb44d18-9bd0-4789-8212-30f592bb1757,,PDF,RUS,2026-07-31T22:00:00Z,2026-08-04T18:15:00Z,,,,,,2026-08-22T16:11:12Z,2026-08-22T16:11:12Z
MOHE-260803-6710,MHNY SWH STD Mbr Materials_efaaa5aa-2651-4e29-baf3-d8f22b41a6cd_ru,NY Molina SWH – PDF,NY,2026-07-31 18:00:00,2026-08-04 14:15:00,Y,,,,44.24,44.24 Consecutive Business Hours,,,,,,0,0,0,0,6269d246-8ed4-46f7-9f95-71cbff12084d,1,PDF,RUS,2026-07-31T22:00:00Z,2026-08-04T18:15:00Z,,,,,,2026-08-22T16:11:12Z,2026-08-22T16:11:12Z
MOHE-260803-6710,MHNY SWH STD Advance Directive_2cbff114-fb46-4e15-a27b-8ad35dc892d3_ru,NY Molina SWH – PDF,NY,2026-07-31 21:00:00,2026-08-04 14:15:00,Y,,,,30.25,30.25 Consecutive Business Hours,,,,,,0,0,0,0,ac93ff7d-9b0a-4c3b-964b-ab08965dd6f9,,PDF,RUS,2026-08-01T01:00:00Z,2026-08-04T18:15:00Z,,,,,,2026-08-22T16:11:12Z,2026-08-22T16:11:12Z
MOHE-260803-6710,MHNY SWH STD Mbr Materials_488eee96-4347-4d8d-a895-89bf2618ba87_ru,NY Molina SWH – PDF,NY,2026-07-31 21:00:00,2026-08-04 14:15:00,Y,,,,30.25,30.25 Consecutive Business Hours,,,,,,0,0,0,0,7143cbde-304b-4b8a-ae56-9ee70c491690,1,PDF,RUS,2026-08-01T01:00:00Z,2026-08-04T18:15:00Z,,,,,,2026-08-22T16:11:12Z,2026-08-22T16:11:12Z
MOHE-260803-6712,MHNY SWH STD Care Plan_6b4c8c3e-5623-4c00-aebd-cce13c417bd2_ru,NY Molina SWH – PDF,NY,2026-08-03 16:00:00,2026-08-04 16:45:00,Y,,,,24.75,24.75 Consecutive Business Hours,,2,80,23,13370,0.7,0.46,0.84,0,1e28ff4b-6742-4060-a0df-5d7d4b934e06,,PDF,RUS,2026-08-03T20:00:00Z,2026-08-04T20:45:00Z,,,,,,2026-08-22T16:11:12Z,2026-08-22T16:11:12Z
MOHE-260803-6712,MHNY SWH STD Care Plan_396d4ec4-e3c0-4c8a-baa4-9b7b69c026da_ru,NY Molina SWH – PDF,NY,2026-08-03 16:00:00,2026-08-04 16:45:00,Y,,,,24.75,24.75 Consecutive Business Hours,,,,,,0,0,0,0,d11cad8f-153b-42d1-a26b-d08b22489525,1,PDF,RUS,2026-08-03T20:00:00Z,2026-08-04T20:45:00Z,,,,,,2026-08-22T16:11:12Z,2026-08-22T16:11:12Z
MOHE-260804-6740,MHNY SWH STD Mbr Materials_2516fd35-e735-406c-8536-ab7ff75c7de4_ru,NY Molina SWH – PDF,NY,2026-08-03 22:00:00,2026-08-04 14:41:00,Y,,,,6.69,6.69 Consecutive Business Hours,,1.3,,12,3266,0.46,0.3,0.55,0,56f90c12-ab72-4547-b305-19952e718cd2,,PDF,RUS,2026-08-04T02:00:00Z,2026-08-04T18:41:00Z,,,,,,2026-08-22T16:11:12Z,2026-08-22T16:11:12Z
MOHE-260804-6740,MHNY SWH STD Care Plan_eda6fbb6-20a6-4f74-aafa-1a3a9b2b7f0a_ru,NY Molina SWH – PDF,NY,2026-08-03 22:01:00,2026-08-04 14:41:00,Y,,,,6.69,6.69 Consecutive Business Hours,,,,,,0,0,0,0,b376d5bc-f5a9-420d-8bf3-8e76ca8c196d,,PDF,RUS,2026-08-04T02:01:00Z,2026-08-04T18:41:00Z,,,,,,2026-08-22T16:11:12Z,2026-08-22T16:11:12Z
MOHE-260805-6801,MHNY SWH STD Mbr Materials_8c6d87e5-8175-4503-95ae-eb5a7e5c1454_ru,NY Molina SWH – PDF,NY,2026-08-04 16:00:00,2026-08-06 14:18:00,Y,,,,46.3,46.30 Consecutive Business Hours,,0.9,0,0,1624,0.32,0.21,0.38,0,ef64f96b-690b-47c5-a427-571bdc084831,,PDF,RUS,2026-08-04T20:00:00Z,2026-08-06T18:18:00Z,,,,,,2026-08-22T16:11:12Z,2026-08-22T16:11:12Z
MOHE-260805-6801,MHNY SWH STD Mbr Materials_dd28343a-7a32-4e8f-9793-92be171fc4b6_ru,NY Molina SWH – PDF,NY,2026-08-04 22:00:00,2026-08-06 14:18:00,Y,,,,30.31,30.31 Consecutive Business Hours,,,,,,0,0,0,0,f5a813ba-5f11-4d7b-be91-df8727b2d738,1,PDF,RUS,2026-08-05T02:00:00Z,2026-08-06T18:18:00Z,,,,,,2026-08-22T16:11:12Z,2026-08-22T16:11:12Z
MOHE-260805-6801,MHNY SWH STD Mbr Materials_19c5cb83-bed5-4436-ba01-72e7317bc17b_ru,NY Molina SWH – PDF,NY,2026-08-05 13:02:00,2026-08-06 14:18:00,Y,,,,25.27,25.27 Consecutive Business Hours,,,,,,0,0,0,0,a1d2fee8-cc4c-4aaa-ae80-e7fe85532a07,,PDF,RUS,2026-08-05T17:02:00Z,2026-08-06T18:18:00Z,,,,,,2026-08-22T16:11:12Z,2026-08-22T16:11:12Z
MOHE-260806-6823,MHNY SWH STD Care Plan_2aa7ce3a-80dc-482b-9f22-a0dc4d43b767_ru,NY Molina SWH – PDF,NY,2026-08-05 19:00:00,2026-08-06 16:42:00,Y,,,,21.7,21.70 Consecutive Business Hours,,2.9,,,7976,1.02,0.67,1.22,0,3c0d4b0b-bf48-4a9e-980a-2debdc943768,1,PDF,RUS,2026-08-05T23:00:00Z,2026-08-06T20:42:00Z,,,,,,2026-08-22T16:11:12Z,2026-08-22T16:11:12Z
MOHE-260806-6823,MHNY SWH STD Mbr Materials_2db4317e-c503-4cc6-85c4-9aa980f4feec_ru,NY Molina SWH – PDF,NY,2026-08-05 19:00:00,2026-08-06 16:42:00,Y,,,,21.7,21.70 Consecutive Business Hours,,,,,,0,0,0,0,0d8801fa-f0b2-400b-9ee6-bb1f74f8c0f7,1,PDF,RUS,2026-08-05T23:00:00Z,2026-08-06T20:42:00Z,,,,,,2026-08-22T16:11:12Z,2026-08-22T16:11:12Z
MOHE-260806-6823,MHNY SWH STD Mbr Materials_bb20eae5-371f-44f3-b953-8a7eca0fdbea_ru,NY Molina SWH – PDF,NY,2026-08-05 22:00:00,2026-08-06 16:42:00,Y,,,,8.71,8.71 Consecutive Business Hours,,,,,,0,0,0,0,f784d0f2-5f5e-477d-b540-f7500968dc27,1,PDF,RUS,2026-08-06T02:00:00Z,2026-08-06T20:42:00Z,,,,,,2026-08-22T16:11:12Z,2026-08-22T16:11:12Z
MOHE-260806-6823,MHNY SWH STD Mbr Materials_f0366698-ed9f-4df5-8cd4-81cdf35d26da_ru,NY Molina SWH – PDF,NY,2026-08-05 22:00:00,2026-08-06 16:42:00,Y,,,,8.71,8.71 Consecutive Business Hours,,,,,,0,0,0,0,cab572d9-4fc1-4493-be74-23f853bc7f14,1,PDF,RUS,2026-08-06T02:00:00Z,2026-08-06T20:42:00Z,,,,,,2026-08-22T16:11:12Z,2026-08-22T16:11:12Z
MOHE-260806-6842,MHNY SWH STD Mbr Materials_52f94b3b-be1e-4c8e-a074-e7c4550bf00c_ru,NY Molina SWH – PDF,NY,2026-08-06 13:00:00,2026-08-06 18:25:00,Y,,,,5.42,5.42 Consecutive Business Hours,,0.3,0,0,520,0.11,0.07,0.13,0,42b09b3a-4e57-4d0e-b6bf-e76de562025f,1,PDF,RUS,2026-08-06T17:00:00Z,2026-08-06T22:25:00Z,,,,,,2026-08-22T16:11:12Z,2026-08-22T16:11:12Z
MOHE-260807-6888,MHNY SWH STD Mbr Materials_2fd415c0-a145-49ea-996d-f089a5333c8e_ru,NY Molina SWH – PDF,NY,2026-08-06 16:00:00,2026-08-10 16:55:00,Y,,,,48.92,48.92 Consecutive Business Hours,,1.5,10,0,2730,0.53,0.35,0.63,0,81913c25-6a31-4c7f-a8b7-3d18acd9b904,1,PDF,RUS,2026-08-06T20:00:00Z,2026-08-10T20:55:00Z,,,,,,2026-08-22T16:11:12Z,2026-08-22T16:11:12Z
MOHE-260807-6888,MHNY SWH STD Mbr Materials_faa99449-4e39-44fa-9334-031a3b69681c_ru,NY Molina SWH – PDF,NY,2026-08-06 19:00:00,2026-08-07 17:22:00,Y,,,,22.36,22.36 Consecutive Business Hours,,,,,,0,0,0,0,150b82ad-160f-4499-b7ff-c5de9e39bf4b,2,PDF,RUS,2026-08-06T23:00:00Z,2026-08-07T21:22:00Z,,,,,,2026-08-22T16:11:12Z,2026-08-22T16:11:12Z
MOHE-260806-6842,MHNY SWH STD Mbr Materials_62ad5e8f-d5b8-4e5c-a9ff-6d9915f350f3_ru,NY Molina SWH – PDF,NY,2026-08-07 15:00:00,2026-08-10 16:55:00,Y,,,,25.91,25.91 Consecutive Business Hours,,,,,,0,0,0,0,f23887d1-5b91-40ec-bac0-27197cffc8c5,2,PDF,RUS,2026-08-07T19:00:00Z,2026-08-10T20:55:00Z,,,,,,2026-08-22T16:11:12Z,2026-08-22T16:11:12Z
MOHE-260807-6888,MHNY SWH STD Mbr Materials_7b5a761f-22fe-46fc-a7c6-abf7232fb004_ru,NY Molina SWH – PDF,NY,2026-08-07 15:00:00,2026-08-07 17:22:00,Y,,,,2.35,2.35 Consecutive Business Hours,,,,,,0,0,0,0,397fcc0a-ce60-4d26-87ed-95ddfcd9423c,2,PDF,RUS,2026-08-07T19:00:00Z,2026-08-07T21:22:00Z,,,,,,2026-08-22T16:11:12Z,2026-08-22T16:11:12Z
MOHE-260807-6888,MHNY SWH STD Mbr Materials_85117b81-f5a5-4c04-9552-d905ec6171d7_ru,NY Molina SWH – PDF,NY,2026-08-07 15:01:00,2026-08-07 17:22:00,Y,,,,2.35,2.35 Consecutive Business Hours,,,,,,0,0,0,0,0b3839cf-58c0-47f4-870f-a82d7f7c9511,2,PDF,RUS,2026-08-07T19:01:00Z,2026-08-07T21:22:00Z,,,,,,2026-08-22T16:11:12Z,2026-08-22T16:11:12Z
MOHE-260811-7009,MHNY SWH STD Advance Directive_9613314a-7788-444e-91e3-fa1b9ffce24c_ru,NY Molina SWH – PDF,NY,2026-08-07 18:00:00,2026-08-10 18:42:00,Y,,,,24.7,24.70 Consecutive Business Hours,,0.2,0,0,588,0.07,0.05,0.08,0,adba7613-995e-4bca-9c68-656b3d85fb38,2,PDF,RUS,2026-08-07T22:00:00Z,2026-08-10T22:42:00Z,,,,,,2026-08-22T16:11:12Z,2026-08-22T16:11:12Z
MOHE-260811-7025,MHNY SWH STD Care Plan_ee0795cb-9581-49c4-9170-e1ccabcfed1a_ru,NY Molina SWH – PDF,NY,2026-08-10 15:01:00,2026-08-11 16:13:00,Y,,,,25.21,25.21 Consecutive Business Hours,,2.8,0,0,5485,0.98,0.64,1.18,0,6f394b73-3d65-40cf-8012-32859c9c8155,2,PDF,RUS,2026-08-10T19:01:00Z,2026-08-11T20:13:00Z,,,,,,2026-08-22T16:11:12Z,2026-08-22T16:11:12Z
MOHE-260811-7025,MHNY SWH STD Mbr Materials_baf475f8-0b92-4adf-b8e6-3639aa124642_ru,NY Molina SWH – PDF,NY,2026-08-10 15:01:00,2026-08-11 16:14:00,Y,,,,25.22,25.22 Consecutive Business Hours,,,,,,0,0,0,0,e8205f12-d45c-42c0-9938-d6471f44d9ca,2,PDF,RUS,2026-08-10T19:01:00Z,2026-08-11T20:14:00Z,,,,,,2026-08-22T16:11:12Z,2026-08-22T16:11:12Z
MOHE-260811-7025,MHNY SWH STD Advance Directive_41e1c12a-c1aa-4346-9e31-544f4e8ec549_ru,NY Molina SWH – PDF,NY,2026-08-10 18:01:00,2026-08-11 16:13:00,Y,,,,22.2,22.20 Consecutive Business Hours,,,,,,0,0,0,0,16eccdb0-a711-4548-a4a5-fe7d9da2079a,2,PDF,RUS,2026-08-10T22:01:00Z,2026-08-11T20:13:00Z,,,,,,2026-08-22T16:11:12Z,2026-08-22T16:11:12Z
MOHE-260811-7025,MHNY SWH STD UTC_4a2d2e3c-cade-4a7e-9735-e5e064e1bcbb_ru,NY Molina SWH – PDF,NY,2026-08-10 18:01:00,2026-08-11 16:14:00,Y,,,,22.2,22.20 Consecutive Business Hours,,,,,,0,0,0,0,3e8ac714-38d0-4363-81ab-68589ab33556,2,PDF,RUS,2026-08-10T22:01:00Z,2026-08-11T20:14:00Z,,,,,,2026-08-22T16:11:12Z,2026-08-22T16:11:12Z
MOHE-260811-7025,MHNY SWH STD Mbr Materials_7ec846ab-a91d-4672-ae5c-6e1dd772eaa1_ru,NY Molina SWH – PDF,NY,2026-08-10 18:01:00,2026-08-11 16:14:00,Y,,,,22.2,22.20 Consecutive Business Hours,,,,,,0,0,0,0,71e988a5-6a31-4e25-a101-bf16d9290f6d,2,PDF,RUS,2026-08-10T22:01:00Z,2026-08-11T20:14:00Z,,,,,,2026-08-22T16:11:12Z,2026-08-22T16:11:12Z
MOHE-260811-7025,MHNY SWH STD Advance Directive_3195ee78-1296-4113-87cb-698a412bea0e_ru,NY Molina SWH – PDF,NY,2026-08-11 15:01:00,2026-08-11 20:04:00,Y,,,,5.05,5.05 Consecutive Business Hours,,,,,,0,0,0,0,42fe559f-f7d9-442b-a323-e9f8047c8914,,PDF,RUS,2026-08-11T19:01:00Z,2026-08-12T00:04:00Z,,,,,,2026-08-22T16:11:12Z,2026-08-22T16:11:12Z
MOHE-260811-7025,MHNY SWH STD Mbr Materials_07639374-296c-46c6-8f51-aa90e2c0f456_ru,NY Molina SWH – PDF,NY,2026-08-11 15:01:00,2026-08-11 20:04:00,Y,,,,5.05,5.05 Consecutive Business Hours,,,,,,0,0,0,0,4680fae4-9e7b-4450-ab55-97fd9ef47896,,PDF,RUS,2026-08-11T19:01:00Z,2026-08-12T00:04:00Z,,,,,,2026-08-22T16:11:12Z,2026-08-22T16:11:12Z
MOHE-260812-7049,MHNY SWH STD Mbr Materials_3adc11d7-906f-437e-9d81-5a6080a13e84_ru,NY Molina SWH – PDF,NY,2026-08-11 18:00:00,2026-08-12 14:40:00,Y,,,,20.66,20.66 Consecutive Business Hours,,0.6,,,1117,0.21,0.14,0.25,0,90443d00-441a-418d-b32d-8f096e5ec6ee,,PDF,RUS,2026-08-11T22:00:00Z,2026-08-12T18:40:00Z,,,,,,2026-08-22T16:11:12Z,2026-08-22T16:11:12Z
MOHE-260812-7049,MHNY SWH STD Mbr Materials_f75edd16-1430-49f2-91b2-5be67b1cf4c6_ru,NY Molina SWH – PDF,NY,2026-08-11 18:00:00,2026-08-12 14:40:00,Y,,,,20.66,20.66 Consecutive Business Hours,,,,,,0,0,0,0,d3e82177-a28f-452b-a555-ac86a06eb2cc,,PDF,RUS,2026-08-11T22:00:00Z,2026-08-12T18:40:00Z,,,,,,2026-08-22T16:11:12Z,2026-08-22T16:11:12Z
MOHE-260813-7129,MHNY SWH STD Mbr Materials_e21038fc-8511-4def-9526-52137d8b1e39_ru,NY Molina SWH – PDF,NY,2026-08-12 13:00:00,2026-08-14 15:08:00,Y,,,,50.13,50.13 Consecutive Business Hours,,3.2,47,167,6681,1.12,0.74,1.34,0,0cd566d0-4558-4cff-871e-32a6317e33ca,,PDF,RUS,2026-08-12T17:00:00Z,2026-08-14T19:08:00Z,,,,,,2026-08-22T16:11:12Z,2026-08-22T16:11:12Z
MOHE-260813-7129,MHNY SWH STD Mbr Materials_54d924af-10b7-471f-b6c1-22555d9b17f5_ru,NY Molina SWH – PDF,NY,2026-08-12 15:00:00,2026-08-14 15:08:00,Y,,,,48.12,48.12 Consecutive Business Hours,,,,,,0,0,0,0,bcf64483-067d-4ed7-b642-8406bdbe9f11,,PDF,RUS,2026-08-12T19:00:00Z,2026-08-14T19:08:00Z,,,,,,2026-08-22T16:11:12Z,2026-08-22T16:11:12Z
MOHE-260813-7129,MHNY SWH STD Advance Directive_e1369014-3a0f-489b-a4d5-04646dcded51_ru,NY Molina SWH – PDF,NY,2026-08-12 18:00:00,2026-08-14 15:08:00,Y,,,,45.13,45.13 Consecutive Business Hours,,,,,,0,0,0,0,6e9fe57a-6989-4f6f-bacf-3e8b65bf0cba,,PDF,RUS,2026-08-12T22:00:00Z,2026-08-14T19:08:00Z,,,,,,2026-08-22T16:11:12Z,2026-08-22T16:11:12Z
MOHE-260813-7129,MHNY SWH STD Care Plan_02e5b1ff-ef30-417f-9846-725a49ab1eaa_ru,NY Molina SWH – PDF,NY,2026-08-12 18:00:00,2026-08-14 15:08:00,Y,,,,45.13,45.13 Consecutive Business Hours,,,,,,0,0,0,0,c85e53cf-9bff-464c-9df0-021fa86db299,,PDF,RUS,2026-08-12T22:00:00Z,2026-08-14T19:08:00Z,,,,,,2026-08-22T16:11:12Z,2026-08-22T16:11:12Z
MOHE-260813-7129,MHNY SWH STD Care Plan_fd150e0b-70e0-4415-a8e2-96bacd396cfe_ru,NY Molina SWH – PDF,NY,2026-08-12 18:00:00,2026-08-14 15:08:00,Y,,,,45.13,45.13 Consecutive Business Hours,,,,,,0,0,0,0,c0bee015-17ee-41a5-bb49-603504ee4330,2,PDF,RUS,2026-08-12T22:00:00Z,2026-08-14T19:08:00Z,,,,,,2026-08-22T16:11:12Z,2026-08-22T16:11:12Z
MOHE-260813-7129,MHNY SWH STD Mbr Materials_178060b6-020e-4123-b0c3-2b1d33787daa_ru,NY Molina SWH – PDF,NY,2026-08-12 18:00:00,2026-08-14 15:08:00,Y,,,,45.13,45.13 Consecutive Business Hours,,,,,,0,0,0,0,80fe6dba-91d8-4a65-a7d4-3d6c71fefce6,5,PDF,RUS,2026-08-12T22:00:00Z,2026-08-14T19:08:00Z,,,,,,2026-08-22T16:11:12Z,2026-08-22T16:11:12Z
MOHE-260814-7153,MHNY SWH STD Care Plan_e18b7f01-92be-4d95-9585-9b2b7f09e990_ru,NY Molina SWH – PDF,NY,2026-08-13 15:01:00,2026-08-14 19:09:00,Y,,,,28.13,28.13 Consecutive Business Hours,,4.2,104,177,10868,1.47,0.97,1.76,0,b3396830-a519-49a5-8a50-6752844efb7d,,PDF,RUS,2026-08-13T19:01:00Z,2026-08-14T23:09:00Z,,,,,,2026-08-22T16:11:12Z,2026-08-22T16:11:12Z
MOHE-260814-7153,MHNY SWH STD Advance Directive_db3e1bf2-5bcb-4a5c-8e93-e0184d7759fa_ru,NY Molina SWH – PDF,NY,2026-08-13 18:01:00,2026-08-14 19:09:00,Y,,,,25.13,25.13 Consecutive Business Hours,,,,,,0,0,0,0,840d24e1-dd21-45bb-8496-e319f04422c5,2,PDF,RUS,2026-08-13T22:01:00Z,2026-08-14T23:09:00Z,,,,,,2026-08-22T16:11:12Z,2026-08-22T16:11:12Z
MOHE-260814-7153,MHNY SWH STD Care Plan_5620f282-ca2a-4d90-9022-80f803135b5d_ru,NY Molina SWH – PDF,NY,2026-08-13 18:01:00,2026-08-14 19:09:00,Y,,,,25.13,25.13 Consecutive Business Hours,,,,,,0,0,0,0,4fd18111-8823-49f3-a10c-e67936f11864,5,PDF,RUS,2026-08-13T22:01:00Z,2026-08-14T23:09:00Z,,,,,,2026-08-22T16:11:12Z,2026-08-22T16:11:12Z
MOHE-260814-7153,MHNY SWH STD Mbr Materials_10d0fdec-6d2e-49b1-9297-3aa634e64235_ru,NY Molina SWH – PDF,NY,2026-08-13 18:01:00,2026-08-14 19:09:00,Y,,,,25.13,25.13 Consecutive Business Hours,,,,,,0,0,0,0,47226855-1df8-4206-b858-42dc14c551f6,,PDF,RUS,2026-08-13T22:01:00Z,2026-08-14T23:09:00Z,,,,,,2026-08-22T16:11:12Z,2026-08-22T16:11:12Z
MOHE-260814-7153,MHNY SWH STD Mbr Materials_34ec770c-5361-4c18-aeb2-9458826b53a7_ru,NY Molina SWH – PDF,NY,2026-08-13 18:01:00,2026-08-14 19:09:00,Y,,,,25.13,25.13 Consecutive Business Hours,,,,,,0,0,0,0,c207a8c7-932d-4faa-a126-9c8b01385b3d,5,PDF,RUS,2026-08-13T22:01:00Z,2026-08-14T23:09:00Z,,,,,,2026-08-22T16:11:12Z,2026-08-22T16:11:12Z
MOHE-260814-7153,MHNY SWH STD Mbr Materials_e1e5477d-b447-4968-8f29-8d7bd3ad6a7c_ru,NY Molina SWH – PDF,NY,2026-08-13 18:01:00,2026-08-14 19:09:00,Y,,,,25.13,25.13 Consecutive Business Hours,,,,,,0,0,0,0,f11689d4-cd27-40dc-afde-d07581cfa957,,PDF,RUS,2026-08-13T22:01:00Z,2026-08-14T23:09:00Z,,,,,,2026-08-22T16:11:12Z,2026-08-22T16:11:12Z
MOHE-260817-7245,MHNY SWH STD Advance Directive_3a49c53a-758c-4d4a-8e35-98a4643330e0_ru,NY Molina SWH – PDF,NY,2026-08-14 22:00:00,2026-08-18 12:00:00,Y,,,,28.01,28.01 Consecutive Business Hours,,0.6,0,0,1106,0.21,0.14,0.25,0,e7803a83-a403-43b7-9627-55b4ab4c05d0,2,PDF,RUS,2026-08-15T02:00:00Z,2026-08-18T16:00:00Z,,,,,,2026-08-22T16:11:12Z,2026-08-22T16:11:12Z
MOHE-260817-7245,MHNY SWH STD Mbr Materials_5c4376f9-2d6e-4cb2-9458-4693ac7353af_ru,NY Molina SWH – PDF,NY,2026-08-14 22:00:00,2026-08-18 12:00:00,Y,,,,28.01,28.01 Consecutive Business Hours,,,,,,0,0,0,0,b4308c37-44d4-4b84-8d6d-ba2034ad4be3,,PDF,RUS,2026-08-15T02:00:00Z,2026-08-18T16:00:00Z,,,,,,2026-08-22T16:11:12Z,2026-08-22T16:11:12Z
MOHE-260818-7300,MHNY SWH STD Advance Directive_38df4797-7811-490f-ad96-34bb93b398fa_ru,NY Molina SWH – PDF,NY,2026-08-17 15:00:00,2026-08-18 18:50:00,Y,,,,27.82,27.82 Consecutive Business Hours,,4.3,26,85,8195,1.51,0.99,1.81,0,98a623a0-6fcc-495b-8c47-42ad73fb57b3,5,PDF,RUS,2026-08-17T19:00:00Z,2026-08-18T22:50:00Z,,,,,,2026-08-22T16:11:12Z,2026-08-22T16:11:12Z
MOHE-260818-7300,MHNY SWH STD Care Plan_e5b55a84-ea78-444a-ac8e-789bea2eaf37_ru,NY Molina SWH – PDF,NY,2026-08-17 15:00:00,2026-08-18 18:50:00,Y,,,,27.82,27.82 Consecutive Business Hours,,,,,,0,0,0,0,ef84070e-9577-4799-87d4-cd4df7d4a1e3,,PDF,RUS,2026-08-17T19:00:00Z,2026-08-18T22:50:00Z,,,,,,2026-08-22T16:11:12Z,2026-08-22T16:11:12Z
MOHE-260818-7300,MHNY SWH STD Mbr Materials_0260acea-5a4c-454c-8b9e-1d069521d05e_ru,NY Molina SWH – PDF,NY,2026-08-17 15:01:00,2026-08-18 18:50:00,Y,,,,27.82,27.82 Consecutive Business Hours,,,,,,0,0,0,0,8f35683a-ba90-4e4c-9549-1206ad0d791b,,PDF,RUS,2026-08-17T19:01:00Z,2026-08-18T22:50:00Z,,,,,,2026-08-22T16:11:12Z,2026-08-22T16:11:12Z
MOHE-260818-7300,MHNY SWH STD Mbr Materials_efd3192e-f2dc-4800-a088-275a8f20ebf5_ru,NY Molina SWH – PDF,NY,2026-08-17 15:01:00,2026-08-18 18:50:00,Y,,,,27.82,27.82 Consecutive Business Hours,,,,,,0,0,0,0,95bc02e4-ec6b-4121-975d-22af877f95ea,2,PDF,RUS,2026-08-17T19:01:00Z,2026-08-18T22:50:00Z,,,,,,2026-08-22T16:11:12Z,2026-08-22T16:11:12Z
MOHE-260818-7300,MHNY SWH STD Advance Directive_e2ccf53d-ff31-4562-b654-41b7982c6979_ru,NY Molina SWH – PDF,NY,2026-08-17 19:00:00,2026-08-18 18:50:00,Y,,,,23.82,23.82 Consecutive Business Hours,,,,,,0,0,0,0,949bfb0c-cf24-4a80-9699-616029e8a1e5,,PDF,RUS,2026-08-17T23:00:00Z,2026-08-18T22:50:00Z,,,,,,2026-08-22T16:11:12Z,2026-08-22T16:11:12Z
MOHE-260818-7300,MHNY SWH STD Mbr Materials_105bd824-e95a-42e7-b1d8-c5e91c86ebb3_ru,NY Molina SWH – PDF,NY,2026-08-17 19:00:00,2026-08-18 18:50:00,Y,,,,23.82,23.82 Consecutive Business Hours,,,,,,0,0,0,0,e5856443-c8ad-450b-b52c-8caf2ef8cfda,,PDF,RUS,2026-08-17T23:00:00Z,2026-08-18T22:50:00Z,,,,,,2026-08-22T16:11:12Z,2026-08-22T16:11:12Z
MOHE-260818-7300,MHNY SWH STD Mbr Materials_a60eefa5-4e2c-482c-bcb5-f6ee875cdc39_ru,NY Molina SWH – PDF,NY,2026-08-17 19:00:00,2026-08-18 18:50:00,Y,,,,23.82,23.82 Consecutive Business Hours,,,,,,0,0,0,0,e06e1ff4-e5a7-4229-b979-62a1986aa30b,5,PDF,RUS,2026-08-17T23:00:00Z,2026-08-18T22:50:00Z,,,,,,2026-08-22T16:11:12Z,2026-08-22T16:11:12Z
MOHE-260818-7300,MHNY SWH STD Advance Directive_fdd06e54-4c12-417a-b0e1-e6719822eefa_ru,NY Molina SWH – PDF,NY,2026-08-17 22:00:00,2026-08-18 18:50:00,Y,,,,10.84,10.84 Consecutive Business Hours,,,,,,0,0,0,0,ac3f0943-052e-4462-8401-879878bf725e,,PDF,RUS,2026-08-18T02:00:00Z,2026-08-18T22:50:00Z,,,,,,2026-08-22T16:11:12Z,2026-08-22T16:11:12Z
MOHE-260818-7300,MHNY SWH STD Advance Directive_61d14865-7475-47f7-b15e-5d34efd98162_ru,NY Molina SWH – PDF,NY,2026-08-18 00:00:00,2026-08-18 18:50:00,Y,,,,10.84,10.84 Consecutive Business Hours,,,,,,0,0,0,0,5e4d09c9-625a-432c-b5e2-a600fe8e8e5e,2,PDF,RUS,2026-08-18T04:00:00Z,2026-08-18T22:50:00Z,,,,,,2026-08-22T16:11:12Z,2026-08-22T16:11:12Z
MOHE-260818-7300,MHNY SWH STD Mbr Materials_1a2c6e9a-742e-47db-bfe7-91f2d1f27dc5_ru,NY Molina SWH – PDF,NY,2026-08-18 00:00:00,2026-08-18 18:50:00,Y,,,,10.84,10.84 Consecutive Business Hours,,,,,,0,0,0,0,eaf9a668-50ce-43ac-999d-69cde90be1f6,,PDF,RUS,2026-08-18T04:00:00Z,2026-08-18T22:50:00Z,,,,,,2026-08-22T16:11:12Z,2026-08-22T16:11:12Z
MOHE-260818-7300,MHNY SWH STD Mbr Materials_d9137398-80e1-4622-8033-9e6148fdcc9b_ru,NY Molina SWH – PDF,NY,2026-08-18 00:00:00,2026-08-18 18:50:00,Y,,,,10.84,10.84 Consecutive Business Hours,,,,,,0,0,0,0,c3210b96-382a-4dc5-8d86-93acb6b0e845,,PDF,RUS,2026-08-18T04:00:00Z,2026-08-18T22:50:00Z,,,,,,2026-08-22T16:11:12Z,2026-08-22T16:11:12Z
MOHE-260818-7300,MHNY SWH STD Advance Directive_3882c4d4-a177-43aa-bcac-017c8ca6305f_ru,NY Molina SWH – PDF,NY,2026-08-18 05:03:00,2026-08-18 18:50:00,Y,,,,10.84,10.84 Consecutive Business Hours,,,,,,0,0,0,0,bae6eb44-2cd3-4a53-bd7b-62b0f9264993,,PDF,RUS,2026-08-18T09:03:00Z,2026-08-18T22:50:00Z,,,,,,2026-08-22T16:11:12Z,2026-08-22T16:11:12Z
MOHE-260819-7326,MHNY SWH STD Care Plan_587dc048-68a7-4274-a9e6-830894562967_ru,NY Molina SWH – PDF,NY,2026-08-18 19:01:00,2026-08-19 15:19:00,Y,,,,20.29,20.29 Consecutive Business Hours,,1.6,,,3277,0.56,0.37,0.67,0,01fc859a-5479-41ea-ac4d-1c666c3ac445,2,PDF,RUS,2026-08-18T23:01:00Z,2026-08-19T19:19:00Z,,,,,,2026-08-22T16:11:12Z,2026-08-22T16:11:12Z
MOHE-260819-7326,MHNY SWH STD UTC_482834af-b35b-4550-bc66-851aaeb8265b_ru,NY Molina SWH – PDF,NY,2026-08-18 19:01:00,2026-08-19 15:19:00,Y,,,,20.29,20.29 Consecutive Business Hours,,,,,,0,0,0,0,d1ca2a1e-fdce-4a42-8bf0-5ada985948b6,,PDF,RUS,2026-08-18T23:01:00Z,2026-08-19T19:19:00Z,,,,,,2026-08-22T16:11:12Z,2026-08-22T16:11:12Z
MOHE-260819-7326,MHNY SWH STD Mbr Materials_2e1ff7ac-f5f5-4418-bccc-40b057d65ec8_ru,NY Molina SWH – PDF,NY,2026-08-18 19:02:00,2026-08-19 15:19:00,Y,,,,20.29,20.29 Consecutive Business Hours,,,,,,0,0,0,0,14b7a52b-74fe-4456-bfb2-0ea7ba9ed280,2,PDF,RUS,2026-08-18T23:02:00Z,2026-08-19T19:19:00Z,,,,,,2026-08-22T16:11:12Z,2026-08-22T16:11:12Z
MOHE-260819-7352,MHNY SWH STD Advance Directive_0738bbfe-b9a7-4f7f-b517-7a032269d063_ru,NY Molina SWH – PDF,NY,2026-08-19 15:00:00,2026-08-20 15:46:00,Y,,,,24.76,24.76 Consecutive Business Hours,,2.1,,,4124,0.74,0.48,0.88,0,7fc1e345-c38e-4f3f-9d66-5eee687a092e,,PDF,RUS,2026-08-19T19:00:00Z,2026-08-20T19:46:00Z,,,,,,2026-08-22T16:11:12Z,2026-08-22T16:11:12Z
MOHE-260819-7352,MHNY SWH STD Advance Directive_5641b5e8-ff19-42e6-a92d-1ecf275e9e1a_ru,NY Molina SWH – PDF,NY,2026-08-19 15:00:00,2026-08-20 15:46:00,Y,,,,24.76,24.76 Consecutive Business Hours,,,,,,0,0,0,0,903493a5-05da-4dd1-a5cf-5be689592126,,PDF,RUS,2026-08-19T19:00:00Z,2026-08-20T19:46:00Z,,,,,,2026-08-22T16:11:12Z,2026-08-22T16:11:12Z
MOHE-260819-7352,MHNY SWH STD Advance Directive_19ca0956-ee1c-4aa0-870e-c214d4e38ccb_ru,NY Molina SWH – PDF,NY,2026-08-19 15:00:00,2026-08-20 15:46:00,Y,,,,24.76,24.76 Consecutive Business Hours,,,,,,0,0,0,0,48973e2b-e182-4365-91d9-a0c17837ed59,,PDF,RUS,2026-08-19T19:00:00Z,2026-08-20T19:46:00Z,,,,,,2026-08-22T16:11:12Z,2026-08-22T16:11:12Z
MOHE-260819-7352,MHNY SWH STD Mbr Materials_30f7f843-9468-492f-82c2-6a30315e4355_ru,NY Molina SWH – PDF,NY,2026-08-19 15:00:00,2026-08-20 15:46:00,Y,,,,24.76,24.76 Consecutive Business Hours,,,,,,0,0,0,0,5655e7b4-becc-4156-90e5-d8333334948b,,PDF,RUS,2026-08-19T19:00:00Z,2026-08-20T19:46:00Z,,,,,,2026-08-22T16:11:12Z,2026-08-22T16:11:12Z
MOHE-260819-7352,MHNY SWH STD Mbr Materials_565bbffa-2fec-41e1-904b-5495c1fdf3a8_ru,NY Molina SWH – PDF,NY,2026-08-19 15:00:00,2026-08-20 15:46:00,Y,,,,24.76,24.76 Consecutive Business Hours,,,,,,0,0,0,0,5d4e97d4-d953-4bba-b698-b8f504b10691,2,PDF,RUS,2026-08-19T19:00:00Z,2026-08-20T19:46:00Z,,,,,,2026-08-22T16:11:12Z,2026-08-22T16:11:12Z
MOHE-260819-7352,MHNY SWH STD Mbr Materials_695e5881-7c09-4028-bd9b-d9c0f30aad48_ru,NY Molina SWH – PDF,NY,2026-08-19 15:00:00,2026-08-20 15:46:00,Y,,,,24.76,24.76 Consecutive Business Hours,,,,,,0,0,0,0,acbca77d-fc92-4338-8a10-fc8da0f1f42a,,PDF,RUS,2026-08-19T19:00:00Z,2026-08-20T19:46:00Z,,,,,,2026-08-22T16:11:12Z,2026-08-22T16:11:12Z
MOHE-260819-7352,MHNY SWH STD Mbr Materials_89f44402-5d9d-4aa8-a554-0fbd0279f377_ru,NY Molina SWH – PDF,NY,2026-08-19 15:00:00,2026-08-20 15:46:00,Y,,,,24.76,24.76 Consecutive Business Hours,,,,,,0,0,0,0,c0f621ed-72ab-4ae5-9ca0-e529e010bc9a,,PDF,RUS,2026-08-19T19:00:00Z,2026-08-20T19:46:00Z,,,,,,2026-08-22T16:11:12Z,2026-08-22T16:11:12Z
MOHE-260820-7393,MHNY SWH STD Care Plan_acff0003-35ae-4800-b551-a83bd0fba9cb_ru,NY Molina SWH – PDF,NY,2026-08-19 18:00:00,2026-08-21 15:04:00,Y,,,,45.07,45.07 Consecutive Business Hours,,1.3,21,61,2720,0.46,0.3,0.55,0,f83c1026-6037-44c0-9d32-3281d77ede53,2,PDF,RUS,2026-08-19T22:00:00Z,2026-08-21T19:04:00Z,,,,,,2026-08-22T16:11:12Z,2026-08-22T16:11:12Z
MOHE-260820-7393,MHNY SWH STD Mbr Materials_77ee552d-99d1-40c6-b5ea-09edc98f6e30_ru,NY Molina SWH – PDF,NY,2026-08-19 18:00:00,2026-08-21 15:04:00,Y,,,,45.07,45.07 Consecutive Business Hours,,,,,,0,0,0,0,26a6a79d-ddfd-4c03-adea-747d4f443b79,,PDF,RUS,2026-08-19T22:00:00Z,2026-08-21T19:04:00Z,,,,,,2026-08-22T16:11:12Z,2026-08-22T16:11:12Z
MOHE-260820-7409,MHNY SWH STD Advance Directive_dbc7526a-f799-4dc6-94ac-3a36c6662fba_ru,NY Molina SWH – PDF,NY,2026-08-20 15:00:00,2026-08-21 14:46:00,Y,,,,23.76,23.76 Consecutive Business Hours,,1.8,0,0,3390,0.63,0.41,0.76,0,ae6256ac-1142-4948-a760-a94300c4944f,,PDF,RUS,2026-08-20T19:00:00Z,2026-08-21T18:46:00Z,,,,,,2026-08-22T16:11:12Z,2026-08-22T16:11:12Z
MOHE-260820-7409,MHNY SWH STD Mbr Materials_24b42f3b-f4c8-4438-a901-583754b78244_ru,NY Molina SWH – PDF,NY,2026-08-20 15:00:00,2026-08-21 14:46:00,Y,,,,23.76,23.76 Consecutive Business Hours,,,,,,0,0,0,0,4f47de51-0317-48e3-b7b0-692251abeb27,2,PDF,RUS,2026-08-20T19:00:00Z,2026-08-21T18:46:00Z,,,,,,2026-08-22T16:11:12Z,2026-08-22T16:11:12Z
MOHE-260820-7409,MHNY SWH STD Mbr Materials_2b254892-0d3e-4505-8d68-f11ed42a2fef_ru,NY Molina SWH – PDF,NY,2026-08-20 15:00:00,2026-08-21 14:46:00,Y,,,,23.76,23.76 Consecutive Business Hours,,,,,,0,0,0,0,d5482fbb-0801-4261-a4e5-ade37eaf6893,,PDF,RUS,2026-08-20T19:00:00Z,2026-08-21T18:46:00Z,,,,,,2026-08-22T16:11:12Z,2026-08-22T16:11:12Z
MOHE-260820-7409,MHNY SWH STD Mbr Materials_b61ab288-37bb-46c8-ac2b-37b819b08589_ru,NY Molina SWH – PDF,NY,2026-08-20 15:00:00,2026-08-21 14:46:00,Y,,,,23.76,23.76 Consecutive Business Hours,,,,,,0,0,0,0,501dd4f0-a877-479d-b980-ce28f077b5f2,,PDF,RUS,2026-08-20T19:00:00Z,2026-08-21T18:46:00Z,,,,,,2026-08-22T16:11:12Z,2026-08-22T16:11:12Z
MOHE-260820-7409,MHNY SWH STD Mbr Materials_ce42d0fd-dfc6-40f9-83ab-8e74f79a4fc3_ru,NY Molina SWH – PDF,NY,2026-08-20 15:00:00,2026-08-21 14:46:00,Y,,,,23.76,23.76 Consecutive Business Hours,,,,,,0,0,0,0,75a871fd-2489-4158-ba7c-2ac5a741770d,2,PDF,RUS,2026-08-20T19:00:00Z,2026-08-21T18:46:00Z,,,,,,2026-08-22T16:11:12Z,2026-08-22T16:11:12Z
MOHE-260820-7409,MHNY SWH STD Mbr Materials_e27d16b4-3fa4-443a-a9f9-db48b6a5dc8c_ru,NY Molina SWH – PDF,NY,2026-08-20 15:01:00,2026-08-21 14:46:00,Y,,,,23.76,23.76 Consecutive Business Hours,,,,,,0,0,0,0,fb31a238-5ccf-4c45-b4a2-52c058a3ef2f,,PDF,RUS,2026-08-20T19:01:00Z,2026-08-21T18:46:00Z,,,,,,2026-08-22T16:11:12Z,2026-08-22T16:11:12Z
MOHE-260821-7425,MHNY SWH STD UTC_be4ae0ac-8aec-4bf0-90f3-d5f9579d26b4_ru,NY Molina SWH – PDF,NY,2026-08-20 21:00:00,,Y,,,,,,,0.9,,,1658,0.32,0.21,0.38,0,d65c3ce2-6d15-483a-9599-3a1a02ea08f7,,PDF,RUS,2026-08-21T01:00:00Z,,,,,,,2026-08-22T16:11:12Z,2026-08-22T16:11:12Z
MOHE-260821-7425,MHNY SWH STD Advance Directive_48093ffc-8fa2-4ce6-b7b9-375ed34d3705_ru,NY Molina SWH – PDF,NY,2026-08-21 00:00:00,,Y,,,,,,,,,,,0,0,0,0,9cead025-1013-4e92-be88-badd411878ed,,PDF,RUS,2026-08-21T04:00:00Z,,,,,,,2026-08-22T16:11:12Z,2026-08-22T16:11:12Z
MOHE-260821-7425,MHNY SWH STD Mbr Materials_1cb15e18-6915-4b2d-8a00-985150fe46dd_ru,NY Molina SWH – PDF,NY,2026-08-21 00:00:00,,Y,,,,,,,,,,,0,0,0,0,97d34a4e-44a2-4859-8093-7f21c459d040,2,PDF,RUS,2026-08-21T04:00:00Z,,,,,,,2026-08-22T16:11:12Z,2026-08-22T16:11:12Z
MOHE-260821-7469,MHNY SWH STD Advance Directive_13eeda04-2c97-418e-a24d-9c1f3121dcb2_ru,NY Molina SWH – PDF,NY,2026-08-21 15:01:00,,Y,,,,,,,2.4,,,,0.84,0.55,1.01,0,4eee5e6e-3b06-499e-aafa-04b207b03f39,,PDF,RUS,2026-08-21T19:01:00Z,,,,,,,2026-08-22T16:11:12Z,2026-08-22T16:11:12Z
MOHE-260821-7469,MHNY SWH STD Advance Directive_afa4c9a9-8153-4383-a528-9a4bb272c877_ru,NY Molina SWH – PDF,NY,2026-08-21 15:01:00,,Y,,,,,,,,,,,0,0,0,0,5daa8ec7-920d-47e5-917c-1b9aca400745,,PDF,RUS,2026-08-21T19:01:00Z,,,,,,,2026-08-22T16:11:12Z,2026-08-22T16:11:12Z
MOHE-260821-7469,MHNY SWH STD Advance Directive_b31b2cd7-1651-4906-a963-9f6d01427e1c_ru,NY Molina SWH – PDF,NY,2026-08-21 15:01:00,,Y,,,,,,,,,,,0,0,0,0,e228928c-8983-4d36-baa1-0d275fbfb003,,PDF,RUS,2026-08-21T19:01:00Z,,,,,,,2026-08-22T16:11:12Z,2026-08-22T16:11:12Z
MOHE-260821-7469,MHNY SWH STD Mbr Materials_5a1481db-bf53-4df0-9ba3-d9a805300120_ru,NY Molina SWH – PDF,NY,2026-08-21 15:01:00,,Y,,,,,,,,,,,0,0,0,0,8f95fe8f-2221-497b-b4d9-b0cb6cd045a0,2,PDF,RUS,2026-08-21T19:01:00Z,,,,,,,2026-08-22T16:11:12Z,2026-08-22T16:11:12Z
MOHE-260821-7469,MHNY SWH STD Mbr Materials_5497e9ef-2e40-46a4-bd4f-2a698600f9eb_ru,NY Molina SWH – PDF,NY,2026-08-21 15:01:00,,Y,,,,,,,,,,,0,0,0,0,06cc5675-3559-4d86-916f-f3281e9c85c0,,PDF,RUS,2026-08-21T19:01:00Z,,,,,,,2026-08-22T16:11:12Z,2026-08-22T16:11:12Z
MOHE-260821-7469,MHNY SWH STD Mbr Materials_67a6c403-0b31-484a-8aac-6d346cf006d6_ru,NY Molina SWH – PDF,NY,2026-08-21 15:01:00,,Y,,,,,,,,,,,0,0,0,0,d8afc958-41be-4626-8076-cb8507e1fdce,,PDF,RUS,2026-08-21T19:01:00Z,,,,,,,2026-08-22T16:11:12Z,2026-08-22T16:11:12Z
MOHE-260821-7469,MHNY SWH STD Mbr Materials_7224535f-0df0-45ed-b3cf-e80c714cdb2d_ru,NY Molina SWH – PDF,NY,2026-08-21 15:01:00,,Y,,,,,,,,,,,0,0,0,0,4f886889-fd1e-42cf-bab5-c2eeac0a223d,1,PDF,RUS,2026-08-21T19:01:00Z,,,,,,,2026-08-22T16:11:12Z,2026-08-22T16:11:12Z
MOHE-260821-7469,MHNY SWH STD UTC_f9f365c6-ddda-4665-8f44-7159417afc3e_ru,NY Molina SWH – PDF,NY,2026-08-21 15:01:00,,Y,,,,,,,,,,,0,0,0,0,db2291db-db82-4421-b975-7dff402479da,,PDF,RUS,2026-08-21T19:01:00Z,,,,,,,2026-08-22T16:11:12Z,2026-08-22T16:11:12Z
MOHE-260105-63,MHOH_H5280-001_MMP_IDN_DenialRSS_en_Member_8299c504-7b0d-479a-b6fd-cc080c5cfe5d_el,Medicare UM Non-Threshold MMP,OH,2026-01-05 11:00:00,2026-01-07 06:26:00,N,NO,,Error Handling,43.43,43.43 Consecutive Hours,late due to a Holiday in Greece,0.35,313,80,1931,0.12,0.08,0.15,0,a351f198-b113-4a6a-8df1-dba002d58d82,1,Word,EL,2026-01-05T16:00:00Z,2026-01-07T11:26:00Z,,,,,,2026-08-22T16:11:12Z,2026-08-22T16:11:12Z
MOHE-260108-162,MHOH_H9955-008_AIP_FIDE-DSNP_Approval_en_Member_1f1c4f65-ab65-48e5-b090-0f943a8bdc69_el,Medicare UM Non-Threshold,OH,2026-01-08 14:00:00,2026-01-09 07:58:00,Y,NO,,,17.95,17.95 Consecutive Hours,,0.25,22,28,382,0.09,0.06,0.11,0,33c2967e-ce6d-467f-988c-0054d164db35,1,Word,EL,2026-01-08T19:00:00Z,2026-01-09T12:58:00Z,,,,,,2026-08-22T16:11:12Z,2026-08-22T16:11:12Z
MOHE-260220-1275,MHMA_H2224-003_AIP_FIDE-DSNP-NHC_Approval_en_Member_f56ad7a7-8efa-44ef-8198-4d0a2a96c286_el,Medicare UM Non-Threshold,MA,2026-02-19 20:03:00,2026-02-20 15:06:00,Y,NO,,,19.06,19.06 Consecutive Hours,,0.75,,,840,0.26,0.17,0.32,0,e59d176f-8fd2-43b3-84da-63dd4d79ee42,1,Word,EL,2026-02-20T01:03:00Z,2026-02-20T20:06:00Z,,,,,,2026-08-22T16:11:12Z,2026-08-22T16:11:12Z
MOHE-260220-1275,MHMA_H2224-003_AIP_FIDE-DSNP-NHC_Approval_en_Member_014122e0-b3e8-4967-be2d-0430b6b6d3ef_el,Medicare UM Non-Threshold,MA,2026-02-19 20:03:00,2026-02-20 15:06:00,Y,NO,,,19.06,19.06 Consecutive Hours,,,,,,0,0,0,0,4cf0f9b6-9acb-4166-b8d9-661c619b6fc1,,Word,EL,2026-02-20T01:03:00Z,2026-02-20T20:06:00Z,,,,,,2026-08-22T16:11:12Z,2026-08-22T16:11:12Z
MOHE-260220-1275,MHMA_H2224-003_AIP_FIDE-DSNP-NHC_Approval_en_Member_42f16d8d-5b2a-4bbf-b704-15fcbf530fb9_el,Medicare UM Non-Threshold,MA,2026-02-19 20:03:00,2026-02-20 15:06:00,Y,NO,,,19.06,19.06 Consecutive Hours,,,,,,0,0,0,0,132775ba-100d-4f85-865e-3a7568c21f94,5,Word,EL,2026-02-20T01:03:00Z,2026-02-20T20:06:00Z,,,,,,2026-08-22T16:11:12Z,2026-08-22T16:11:12Z
MOHE-260224-1378,MHMA_H2224-003_AIP_FIDE-DSNP-NHC_DenialRSS_en_Member_0ebe2655-fb42-4b22-a27d-d003e87fac58_el,Medicare UM Non-Threshold,MA,2026-02-23 20:02:00,2026-02-25 10:00:00,N,NO,,Internal Unexpected Delay,37.96,37.96 Consecutive Hours,mucho conteo y el vendor entregó tarde,0.6,403,343,2179,0.21,0.14,0.25,0,cd904e62-2bd1-4d49-8783-1caa6b87fede,,Word,EL,2026-02-24T01:02:00Z,2026-02-25T15:00:00Z,,,,,,2026-08-22T16:11:12Z,2026-08-22T16:11:12Z
MOHE-260224-1378,MHMA_H2224-003_AIP_FIDE-DSNP-NHC_Approval_en_Member_7d7c4cba-fa3c-45b2-8757-4d787aa93ee2_el,Medicare UM Non-Threshold,MA,2026-02-24 11:04:00,2026-02-24 16:09:00,Y,NO,,,5.09,5.09 Consecutive Hours,,,,,,0,0,0,0,45f42acf-e4b2-4ff9-877c-cd993e1aa986,1,Word,EL,2026-02-24T16:04:00Z,2026-02-24T21:09:00Z,,,,,,2026-08-22T16:11:12Z,2026-08-22T16:11:12Z
MOHE-260309-1752,MHOH_H9955-008_AIP_FIDE-DSNP_Approval_en_Member_ef65f6c3-1f89-428c-82d7-d5b3d56fa414_el,Medicare UM Non-Threshold,OH,2026-03-09 11:02:00,2026-03-10 07:02:00,Y,NO,,,20,20.00 Consecutive Hours,,0.6,235,78,2143,0.21,0.14,0.25,0,6a678b50-ad22-4d21-a1f9-3a727bf60604,1,Word,EL,2026-03-09T15:02:00Z,2026-03-10T11:02:00Z,,,,,,2026-08-22T16:11:12Z,2026-08-22T16:11:12Z
MOHE-260309-1752,MHCA_H3038-004_AIP_DSNP_DenialRSS_en_Member_2a372c2d-6ac4-4177-aa30-1adfaf4bed42_el,Medicare UM Non-Threshold,CA,2026-03-09 12:02:00,2026-03-10 07:02:00,Y,NO,,,19,19.00 Consecutive Hours,,,,,,0,0,0,0,eca2e12b-5374-4ee9-98ea-ebc8b7277057,5,Word,EL,2026-03-09T16:02:00Z,2026-03-10T11:02:00Z,,,,,,2026-08-22T16:11:12Z,2026-08-22T16:11:12Z
MOHE-260316-2013,MHMA_H2224-003_AIP_FIDE-DSNP-NHC_Approval_en_Member_dcfebda0-03ba-47f1-957c-c1782c6219c4_el,Medicare UM Non-Threshold,MA,2026-03-16 18:03:00,2026-03-17 07:34:00,Y,NO,,,13.51,13.51 Consecutive Hours,,0.3,33,0,302,0.11,0.07,0.13,0,e1dacfe7-52d9-4baa-b3c9-afd2535ee30b,,Word,EL,2026-03-16T22:03:00Z,2026-03-17T11:34:00Z,,,,,,2026-08-22T16:11:12Z,2026-08-22T16:11:12Z
MOHE-260319-2153,MHMI_H5926-001_DSNP_SSBCIApproval_en_Member_780372be-9563-4b87-bfb0-d07a3fe9aa8f_el,Medicare UM Non-Threshold,MI,2026-03-19 15:04:00,2026-03-20 11:00:00,Y,NO,,,19.93,19.93 Consecutive Hours,,0.3,273,0,411,0.11,0.07,0.13,0,fbec736d-a243-4e35-9c89-67720ee7e58d,,Word,EL,2026-03-19T19:04:00Z,2026-03-20T15:00:00Z,,,,,,2026-08-22T16:11:12Z,2026-08-22T16:11:12Z
MOHE-260329-2446,MHMA_H2224-003_AIP_FIDE-DSNP-NHC_DenialRSS_en_Member_dc8c6b0e-0d6e-426b-90fc-aed9c8164310_el,Medicare UM Non-Threshold,MA,2026-03-29 15:01:00,2026-03-30 07:24:00,Y,NO,,,16.39,16.39 Consecutive Hours,,0.52,220,0,1610,0.18,0.12,0.22,0,a2353242-9b3c-409e-ba6b-0da38762bbe6,,Word,EL,2026-03-29T19:01:00Z,2026-03-30T11:24:00Z,,,,,,2026-08-22T16:11:12Z,2026-08-22T16:11:12Z
MOHE-260401-2542,MHMA_H2224-003_AIP_FIDE-DSNP-NHC_PostDischarge_en_Member_d9681c59-260e-4de9-8776-9a2db21185ac_el,Medicare UM Non-Threshold,MA,2026-04-01 13:02:00,2026-04-01 14:43:00,Y,NO,,,1.68,1.68 Consecutive Hours,,0.3,,,554,0.11,0.07,0.13,0,b60d1470-bf56-4613-bd15-95a22450e5aa,1,Word,EL,2026-04-01T17:02:00Z,2026-04-01T18:43:00Z,,,,,,2026-08-22T16:11:12Z,2026-08-22T16:11:12Z
MOHE-260414-3023,MHMA_H2224-003_AIP_FIDE-DSNP-NHC_Approval_en_Member_475fb7ea-0ca6-4843-ada5-3831541b45ef_el,Medicare UM Non-Threshold,MA,2026-04-14 15:00:00,2026-04-14 15:19:00,Y,YES,,,0.3,0.30 Business Hours,,0.3,,,273,0.11,0.07,0.13,0,d4d36c14-084d-4156-a56f-698700a6946e,2,Word,EL,2026-04-14T19:00:00Z,2026-04-14T19:19:00Z,,,,,,2026-08-22T16:11:12Z,2026-08-22T16:11:12Z
MOHE-260422-3279,MHNY AgeWell Ack Appl Ntc_Member_d52c4d8c-90a3-4813-ae3f-9b31bc22230c_el,Medicare UM Non-Threshold,NY,2026-04-22 13:00:00,2026-04-23 07:10:00,Y,NO,,,18.16,18.16 Consecutive Hours,,0.3,199,1,315,0.11,0.07,0.13,0,7bf78c35-0c88-4572-abe3-3bf379772c32,5,Word,EL,2026-04-22T17:00:00Z,2026-04-23T11:10:00Z,,,,,,2026-08-22T16:11:12Z,2026-08-22T16:11:12Z
MOHE-260429-3529,MHOH_H9955-008_AIP_FIDE-DSNP_Approval_en_Member_0edad7c7-15d2-4fac-8b39-2979644fec27_el,Medicare UM Non-Threshold,OH,2026-04-29 10:00:00,2026-04-29 18:39:00,Y,NO,,,8.65,8.65 Consecutive Hours,,0.6,,,553,0.21,0.14,0.25,0,b35deafa-0e1a-45cf-b85b-7dfe95de8b75,,Word,EL,2026-04-29T14:00:00Z,2026-04-29T22:39:00Z,,,,,,2026-08-22T16:11:12Z,2026-08-22T16:11:12Z
MOHE-260429-3529,MHOH_H9955-008_AIP_FIDE-DSNP_Approval_en_Member_11d7e0e1-6b37-4f07-8893-457307e95f27_el,Medicare UM Non-Threshold,OH,2026-04-29 10:00:00,2026-04-29 18:39:00,Y,NO,,,8.65,8.65 Consecutive Hours,,,,,,0,0,0,0,0bcc2497-0304-48f8-88b8-68707058535e,,Word,EL,2026-04-29T14:00:00Z,2026-04-29T22:39:00Z,,,,,,2026-08-22T16:11:12Z,2026-08-22T16:11:12Z
MOHE-260506-3796,MHMA_H2224-003_AIP_FIDE-DSNP-NHC_Approval_en_Member_2e71bcf1-696b-4887-9f5e-90241a4c32be_el,Medicare UM Non-Threshold,MA,2026-05-06 16:00:00,2026-05-06 16:58:00,Y,YES,,,0.96,0.96 Business Hours,,0.3,,,270,0.11,0.07,0.13,0,e64e2314-c202-47e1-b3fb-fdc352074472,1,Word,EL,2026-05-06T20:00:00Z,2026-05-06T20:58:00Z,,,,,,2026-08-22T16:11:12Z,2026-08-22T16:11:12Z
MOHE-260508-3870,MHOH_H9955-008_AIP_FIDE-DSNP_Approval_en_Member_aaed47ac-a07b-4a74-ab2f-6101f6885be8_el,Medicare UM Non-Threshold,OH,2026-05-08 16:00:00,2026-05-08 18:24:00,Y,NO,,,2.4,2.40 Consecutive Hours,,0.3,,,275,0.11,0.07,0.13,0,289d0751-6de8-4bcc-a958-4e7108a04079,,Word,EL,2026-05-08T20:00:00Z,2026-05-08T22:24:00Z,,,,,,2026-08-22T16:11:12Z,2026-08-22T16:11:12Z
MOHE-260511-3916,MHMA_H2224-003_AIP_FIDE-DSNP-NHC_Approval_en_Member_3d6af9dc-5c99-42f9-9ccd-debec2a3078c_el,Medicare UM Non-Threshold,MA,2026-05-11 13:00:00,2026-05-12 06:44:00,Y,NO,,,17.72,17.72 Consecutive Hours,,0.3,61,3,345,0.11,0.07,0.13,0,87806f75-f53c-42a9-9a70-ab5aa7c50b48,2,Word,EL,2026-05-11T17:00:00Z,2026-05-12T10:44:00Z,,,,,,2026-08-22T16:11:12Z,2026-08-22T16:11:12Z
MOHE-260511-3950,MHMA_H2224-003_AIP_FIDE-DSNP-NHC_PostDischarge_en_Member_13d02bc0-589e-43cb-b04b-8a862b2c4ee9_el,Medicare UM Non-Threshold,MA,2026-05-11 17:00:00,2026-05-11 17:26:00,Y,YES,,,0.44,0.44 Business Hours,,0.3,,,552,0.11,0.07,0.13,0,72e58786-b224-41df-b194-e4ff7d2e64e9,,Word,EL,2026-05-11T21:00:00Z,2026-05-11T21:26:00Z,,,,,,2026-08-22T16:11:12Z,2026-08-22T16:11:12Z
MOHE-260518-4211,MHO-MCD-1310 PostDischargeLetter_Member_4d351628-36ce-4253-a001-491310775aa4_el,Medicaid OH,OH,2026-05-18 17:00:00,2026-05-18 17:28:00,Y,NO,,,0.46,0.46 Consecutive Hours,,0.3,0,0,474,0.11,0.07,0.13,0,92d19a61-d3df-4ca9-a7ce-2e669316100c,1,Word,EL,2026-05-18T21:00:00Z,2026-05-18T21:28:00Z,,,,,,2026-08-22T16:11:12Z,2026-08-22T16:11:12Z
MOHE-260520-4275,MHMA_H2224-003_AIP_FIDE-DSNP-NHC_Approval_en_Member_d139a067-2d75-4e78-8841-8bfaafdbc80a_el,Medicare UM Non-Threshold,MA,2026-05-20 15:01:00,2026-05-21 08:24:00,Y,NO,,,17.38,17.38 Consecutive Hours,,0.6,7,0,560,0.21,0.14,0.25,0,45f17bb0-40a8-48ec-b464-3a6839da1652,1,Word,EL,2026-05-20T19:01:00Z,2026-05-21T12:24:00Z,,,,,,2026-08-22T16:11:12Z,2026-08-22T16:11:12Z
MOHE-260520-4275,MHMA_H2224-003_AIP_FIDE-DSNP-NHC_Approval_en_Member_43ea895b-617e-4813-9adf-2ed34608bb6c_el,Medicare UM Non-Threshold,MA,2026-05-20 15:01:00,2026-05-20 15:34:00,Y,NO,,,0.55,0.55 Consecutive Hours,,,,,,0,0,0,0,609271d5-e429-45bb-a2d6-e07e78663beb,,Word,EL,2026-05-20T19:01:00Z,2026-05-20T19:34:00Z,,,,,,2026-08-22T16:11:12Z,2026-08-22T16:11:12Z
MOHE-260521-4309,MHMA_H2224-003_AIP_FIDE-DSNP-NHC_DenialRSS_en_Member_3a771d37-3976-44dd-8069-2215b64199f1_el,Medicare UM Non-Threshold,MA,2026-05-21 13:00:00,2026-05-22 10:05:00,Y,NO,,,21.07,21.07 Consecutive Hours,,0.4,18,141,1843,0.14,0.09,0.17,0,f8e82412-5cd7-40ef-9a49-1bca7686690b,1,Word,EL,2026-05-21T17:00:00Z,2026-05-22T14:05:00Z,,,,,,2026-08-22T16:11:12Z,2026-08-22T16:11:12Z
MOHE-260522-4367,MHMA_H2224-003_AIP_FIDE-DSNP-NHC_Approval_en_Member_48d684f6-c2e1-451f-ae11-544aee1f8d3c_el,Medicare UM Non-Threshold,MA,2026-05-22 17:00:00,2026-05-22 17:41:00,Y,NO,,,0.68,0.68 Consecutive Hours,,0.3,,,281,0.11,0.07,0.13,0,f2538acb-b4f1-43ec-a1fa-f2eaba4f65b8,2,Word,EL,2026-05-22T21:00:00Z,2026-05-22T21:41:00Z,,,,,,2026-08-22T16:11:12Z,2026-08-22T16:11:12Z
MOHE-260615-5085,MHMA_H2224-003_AIP_FIDE-DSNP-NHC_Approval_en_Member_59a9710b-44eb-4c9f-a787-085a9711d7a1_el,Medicare UM Non-Threshold,MA,2026-06-15 11:00:00,2026-06-15 14:12:00,Y,NO,,,3.21,3.21 Consecutive Hours,,1.2,,,835,0.42,0.28,0.5,0,a3f34e91-64bc-4c65-9e40-9422a2a38917,,Word,EL,2026-06-15T15:00:00Z,2026-06-15T18:12:00Z,,,,,,2026-08-22T16:11:12Z,2026-08-22T16:11:12Z
MOHE-260615-5085,MHMA_H2224-003_AIP_FIDE-DSNP-NHC_Approval_en_Member_e0f6b573-0bab-4168-ada2-69085ac0a5fb_el,Medicare UM Non-Threshold,MA,2026-06-15 11:00:00,2026-06-15 14:12:00,Y,NO,,,3.2,3.20 Consecutive Hours,,,,,,0,0,0,0,5a086099-572c-4f8b-9e42-a02a822a0378,1,Word,EL,2026-06-15T15:00:00Z,2026-06-15T18:12:00Z,,,,,,2026-08-22T16:11:12Z,2026-08-22T16:11:12Z
MOHE-260615-5085,MHMA_H2224-003_AIP_FIDE-DSNP-NHC_Approval_en_Member_f7d67037-db11-4b93-b847-c181b75de86f_el,Medicare UM Non-Threshold,MA,2026-06-15 11:00:00,2026-06-15 14:12:00,Y,NO,,,3.2,3.20 Consecutive Hours,,,,,,0,0,0,0,1fec3e9d-4766-4ca5-a3e7-c4990b494049,,Word,EL,2026-06-15T15:00:00Z,2026-06-15T18:12:00Z,,,,,,2026-08-22T16:11:12Z,2026-08-22T16:11:12Z
MOHE-260624-5433,MHMA_H2224-003_AIP_FIDE-DSNP-NHC_Approval_en_Member_8d937909-6228-46c0-9d84-32c5f84e7abb_el,Medicare UM Non-Threshold,MA,2026-06-24 18:00:00,2026-06-24 19:01:00,Y,NO,,,1.01,1.01 Consecutive Hours,,0.4,,,281,0.14,0.09,0.17,0,95645822-dc26-4d55-bc90-8988de591fd7,2,Word,EL,2026-06-24T22:00:00Z,2026-06-24T23:01:00Z,,,,,,2026-08-22T16:11:12Z,2026-08-22T16:11:12Z
MOHE-260810-6954,MHNY_H5992-007_AIP_FIDE-DSNP-NHC_Approval_en_Member_7f66bf37-603b-4ac1-8fad-2067d519da09_el,Medicare UM,NY,2026-08-10 16:33:00,2026-08-10 18:18:00,Y,NO,,,1.75,1.75 Consecutive Hours,,0.4,0,0,252,0.14,0.09,0.17,0,fd0953c4-1b24-40be-bf41-9f0cfcf71660,,Word,EL,2026-08-10T20:33:00Z,2026-08-10T22:18:00Z,,,,,,2026-08-22T16:11:12Z,2026-08-22T16:11:12Z
MOHE-260811-7001,MHMA_H2224-003_AIP_FIDE-DSNP-NHC_Approval_en_Member_590a8e09-a9ac-4396-881f-df4f82b2b04b_el,Medicare UM Non-Threshold,MA,2026-08-11 14:00:00,2026-08-11 14:07:00,Y,NO,,,0.11,0.11 Consecutive Hours,,0.4,,,281,0.14,0.09,0.17,0,dc0ac832-5da8-49ce-a6d3-67e99a80e347,1,Word,EL,2026-08-11T18:00:00Z,2026-08-11T18:07:00Z,,,,,,2026-08-22T16:11:12Z,2026-08-22T16:11:12Z